id,chinese,pinyin,english,priority,quality,word1,word1_english,word2,word2_english,word3,word3_english,word4,word4_english,sentence,sentence_pinyin,sentence_english
1,阿姨,ā yí,aunt;mother’s sister,1,,-,,,,,,,,阿姨帮我照顾孩子,ā yí bāng wǒ zhào gù hái zi,Auntie helps me take care of the child
2,爸爸,bà ba,dad,1,,-,,,,,,,,爸爸今天很早就出门了。,bàba jīntiān hěn zǎo jiù chūmén le.,Dad left home very early today.
3,白,bái,white,1,,-,,,,,,,,墙面刷成白色显得很干净,qiáng miàn shuā chéng bái sè xiǎn de hěn gān jìng,The wall looks clean painted white
4,百分之,bǎi fēn zhī,percent,1,2,百,one hundred,分,part,之一,one of,,,这件衣服打了百分之五十的折,zhè jiàn yī fú dǎ le bǎi fēn zhī wǔ shí de zhé,this clothing is fifty percent off
5,白色,bái sè,white,1,,-,,,,,,,,她穿着一条白色的裙子。,tā chuān zhe yī tiáo bái sè de qún zi.,She is wearing a white dress.
6,包括,bāo ​kuò,to include,1,,-,,,,,,,,这次旅行费用包括机票和酒店,Zhè cì lǚxíng fèiyòng bāokuò jīpiào hé jiǔdiàn,The travel cost this time includes flights and hotels
7,保险,bǎo xiǎn,insurance,1,1,保护,protect,危险,danger,,,,,没有保险看病很贵,Méiyǒu bǎoxiǎn kànbìng hěn guì,It is expensive to see a doctor without insurance
8,北京,Běijīng,Beijing,1,1,北,north,京,capital city,,,,,北京有许多历史古迹比如故宫,Běijīng yǒu xǔ duō lì shǐ gǔ jì bǐ rú gù gōng,Beijing has many historic sites such as the Forbidden City
9,本地,běn dì,local,1,2,本来,original,地,land,,,,,我更喜欢买本地水果,Wǒ gèng xǐhuān mǎi běndì shuǐguǒ,I prefer to buy local fruit
10,笔,bǐ,pen,1,,-,,,,,,,,我忘了带笔,wǒ wàng le dài bǐ,I forgot to bring a pen
11,比如说,bǐ rú shuō,for example,1,3,比,to compare,如,like,说,say,,,比如说苹果香蕉和葡萄,bǐ rú shuō píng guǒ xiāng jiāo hé pú táo,for example apples bananas and grapes
12,毕业,bì yè,graduate,1,2,毕,end,作业,homework,,,,,她去年大学毕业,tā qù nián dà xué bì yè,she graduated from university last year
13,便利店,biàn lì diàn,convenience store,1,4,便利,convenient,店,store,,,,,我在便利店买了水,wǒ zài biàn lì diàn mǎi le shuǐ,i bought water at the convenience store
14,表情,biǎo qíng,(facial) expression,1,2,表,show,情,feeling,,,,,她的表情很可爱,Tā de biǎoqíng hěn kě'ài,Her expression is cute
15,表情包,biǎo qíng bāo,emoji;emoticon;meme,1,2,表,show,情,feeling,包,bundle,,,这个表情包很搞笑,Zhège biǎoqíngbāo hěn gǎoxiào,This sticker is funny
16,标准,biāo zhǔn,standard,1,3,目标,target,准备,preparation,,,,,这家店的服务很标准,Zhè jiā diàn de fúwù hěn biāozhǔn,The service here is very standard
17,病人,bìng rén,patient,1,2,病,illness,人,person,,,,,医院里有很多病人,Yīyuàn lǐ yǒu hěn duō bìngrén,There are many patients in the hospital
18,冰箱,bīng xiāng,refrigerator,1,2,冰,ice,箱,box,,,,,冰箱里有很多水果,bīng xiāng lǐ yǒu hěn duō shuǐ guǒ,there are many fruits in the refrigerator
19,博主,bó zhǔ,blogger;vlogger,1,3,博士,PhD,主,owner,,,,,我关注了一个美食博主,Wǒ guānzhù le yīgè měishí bózhǔ,I follow a food blogger
20,不小心,bù xiǎo xīn,accidentally,1,2,不,not,小心,careful,,,,,我不小心把水洒在桌子上了,Wǒ bù xiǎoxīn bǎ shuǐ sǎ zài zhuōzi shàng le,I accidentally spilled water on the table
21,不在乎,bù zài hū,don't care,1,4,不,not,在,at,几乎,almost,,,我不在乎别人怎么说,Wǒ bù zàihu biérén zěnme shuō,I don't care what others say
22,菜单,cài​ dān,menu,1,3,菜,food,单,list,,,,,请给我一份菜单,qǐng gěi wǒ yī fèn cài dān,please give me a menu
23,菜花,cài huā,cauliflower,1,2,菜,vegetable,花,flower,,,,,我家院子里有菜花,Wǒ jiā yuànzi lǐ yǒu càihuā,There are cauliflowers in my yard
24,草莓,cǎo méi,strawberry,1,2,草,grass,莓,berry,,,,,她喜欢草莓味的冰淇淋,tā xǐ huān cǎo méi wèi de bīng qí lín,she likes strawberry flavored ice cream
25,层,céng,layer;floor,1,,-,,,,,,,,我住在五层,Wǒ zhù zài wǔ céng,I live on the fifth floor
26,长城,cháng chéng,The Great Wall,1,3,长,long,城墙,city wall,,,,,第一次站在长城上，我被它的规模震撼了。,"dì yī cì zhàn zài cháng chéng shàng, wǒ bèi tā de guī mó zhèn hàn le","The first time I stood on the Great Wall, I was amazed by its scale."
27,吵架,chǎo jià,to quarrel;fight,1,3,吵,noisy,绑架,to kidnap,,,,,他们又吵架了,Tāmen yòu chǎojià le,They argued again
28,衬衫,chèn shān,shirt,1,,-,,,,,,,,他今天穿了一件蓝色衬衫,tā jīn tiān chuān le yí jiàn lán sè chèn shān,He wore a blue shirt today
29,橙,chéng,orange,1,,-,,,,,,,,橙色的灯光很温暖,chéng sè de dēng guāng hěn wēn nuǎn,Orange light feels warm
30,程序,chéng xù,program (computer),1,2,过程,process,秩序,orderly,,,,,这个程序运行得很慢,Zhège chéngxù yùnxíng de hěn màn,This program runs very slowly
31,程序员,chéng xù yuán,programmer,1,2,工程,engineering,序,sequence,员,worker,,,我朋友是程序员,Wǒ péngyǒu shì chéngxùyuán,My friend is a programmer
32,成语,chéng yǔ,idiom,1,3,成,to succeed,语,language,,,,,他喜欢用成语说话,Tā xǐhuān yòng chéngyǔ shuōhuà,He likes speaking with idioms
33,吃饱,chī bǎo,to be full from eating,1,,-,,,,,,,,我已经吃饱了谢谢,wǒ yǐ jīng chī bǎo le xiè xiè,I’m already full thank you
34,充电宝,chōng diàn bǎo,power bank,1,2,充,to fill,电,electricity,宝,treasure,,,我的充电宝没电了,Wǒ de chōngdiànbǎo méi diàn le,My power bank is out of charge
35,充电器,chōng diàn qì,charger,1,2,充满,full of,电,electricity,器,device,,,我的手机充电器坏了,Wǒ de shǒujī chōngdiànqì huài le,My phone charger is broken
36,出口,chū kǒu,exit;export,1,3,出,to go out,口,opening,,,,,请问出口在哪里,qǐng wèn chū kǒu zài nǎ lǐ,excuse me where is the exit
37,出租车,chū zū chē,taxi,1,2,出,to go out,租,rent,车,car,,,他打了一辆出租车,tā dǎ le yī liàng chū zū chē,he took a taxi
38,床,chuáng,bed,1,,-,,,,,,,,孩子已经在床上睡着了,hái zi yǐ jīng zài chuáng shàng shuì zháo le,the child has already fallen asleep in bed
39,床单,chuáng dān,bed sheet,1,3,床,bed,单,bill;list,,,,,床单需要换了,Chuángdān xūyào huàn le,The bed sheet needs to be changed
40,创业,chuàng yè,entrepreneurship,1,2,创造,to create,企业,company,,,,,他在大学期间就开始创业,Tā zài dàxué qījiān jiù kāishǐ chuàngyè,He started a business during college
41,从不,cóng bù,never,1,3,从来,always,不,not,,,,,我从不喝咖啡,Wǒ cóng bù hē kāfēi,I never drink coffee
42,错误,cuò wù,error,1,,-,,,,,,,,我们从错误中学习,wǒ men cóng cuò wù zhōng xué xí,We learn from mistakes
43,打不开,dǎ bù kāi,cannot open,1,4,打,to beat,不,no,开,open,,,文件打不开,Wénjiàn dǎ bù kāi,The file won’t open
44,打断,dǎ duàn,to interrupt,1,3,打,to hit,断裂,fracture,,,,,别打断我说话,Bié dǎduàn wǒ shuōhuà,Don't interrupt me
45,大陆人,dà lù rén,mainlanders,1,2,大,big,陆,land,人,people,,,他是大陆人,Tā shì dàlù rén,He is from mainland China
46,打喷嚏,dǎ pēn tì,to sneeze,1,,-,,,,,,,,我刚才打了一个喷嚏,wǒ gāng cái dǎ le yī gè pēn tì,i just sneezed
47,打算,dǎ suàn,to plan;to intend;to calculate,1,5,打,to hit,算,count,,,,,我打算明年去旅行,wǒ dǎ suàn míng nián qù lǚ xíng,I plan to travel next year
48,大腿,dà tuǐ,thigh,1,1,大,big,腿,leg,,,,,他的大腿受伤了,tā de dà tuǐ shòu shāng le,his thigh is injured
49,大学,dà xué,university,1,3,大,big,学习,to study,,,,,我在北京读大学,wǒ zài běi jīng dú dà xué,I study at a university in Beijing
50,大一,dà yī,freshman (college),1,2,大学,college,一,one,,,,,我大一的时候经常迷路,wǒ dà yī de shí hòu jīng cháng mí lù,i often got lost in freshman year
51,大约,dà yuē,about;approximately,1,,-,,,,,,,,我大约五点到,Wǒ dàyuē wǔ diǎn dào,I will arrive around five
52,大众点评,dà zhòng diǎn píng,Chinese Yelp,1,4,大众,the masses,点评,point by point commentary,,,,,我们在大众点评上找了一家猫咖,wǒmen zài dàzhòng diǎnpíng shàng zhǎole yìjiā māo kā,We found a cat café on Dianping
53,袋子,dài zi,bag,1,,-,,,,,,,,请给我一个塑料袋子,qǐng gěi wǒ yī gè sù liào dài zi,Please give me a plastic bag
54,担心,dān​ xīn,anxious;worried,1,2,负担,burden,心,heart,,,,,我担心明天会下雨,Wǒ dānxīn míngtiān huì xiàyǔ,I am worried that it will rain tomorrow
55,登出,dēng chū,log out,1,2,登记,to register,出,to go out,,,,,记得登出账号,Jìdé dēngchū zhànghào,Remember to log out of your account
56,登录,dēng lù,log in,1,4,登记,to register,记录,to record,,,,,登录账号才能看,Dēnglù zhànghào cái néng kàn,You need to log in to view
57,弟弟,dì di,younger brother,1,,-,,,,,,,,我弟弟性格很活泼,wǒ dì di xìng gé hěn huó pō,My younger brother is very lively
58,滴滴,dī dī,Chinese Uber,1,4,滴,drip,滴,drip,,,,,他用滴滴打车去公司,tā yòng dīdī dǎchē qù gōngsī,He used Didi to get a ride to the office
59,电动车,diàn dòng chē,electric vehicle,1,2,电,electric,动,move,车,vehicle,,,他买了一辆电动车,tā mǎi le yī liàng diàn dòng chē,he bought an electric scooter
60,电话,diàn huà,telephone;phone call,1,2,电,electricity,话,speech,,,,,我给你打个电话,wǒ gěi nǐ dǎ gè diàn huà,I will give you a call
61,电脑,diàn nǎo,computer,1,1,电,electric,脑子,brain,,,,,我需要一台新电脑,wǒ xū yào yī tái xīn diàn nǎo,I need a new computer
62,电视,diàn shì,television,1,2,电,electricity,视频,video,,,,,他们正在看电视,Tāmen zhèngzài kàn diànshì,They are watching TV
63,电梯,diàn tī,elevator,1,2,电,electric,梯,ladder,,,,,他们坐电梯上楼,tā men zuò diàn tī shàng lóu,they took the elevator upstairs
64,电影,diàn yǐng,movie,1,2,电,electricity,影子,shadow,,,,,我们昨天看了一场电影,wǒ men zuó tiān kàn le yī chǎng diàn yǐng,we watched a movie yesterday
65,掉头,diào tóu,U-turn,1,3,掉,to fall;drop,头,head,,,,,前面掉头往回走,Qiánmiàn diàotóu wǎng huí zǒu,Make a U-turn up ahead
66,订阅,dìng yuè,to subscribe;subscription,1,2,预订,to book,阅读,to read,,,,,我订阅了这个频道,Wǒ dìngyuè le zhège píndào,I subscribed to this channel
67,洞,dòng,hole,1,,-,,,,,,,,墙上有一个小洞,qiáng shàng yǒu yī gè xiǎo dòng,there is a small hole in the wall
68,动词,dòng cí,verb,1,1,动,move,词,word,,,,,跑是一个常见的动词,pǎo shì yī gè cháng jiàn de dòng cí,run is a common verb
69,动物,dòng ​wù,animal,1,2,运动,to move,物,thing,,,,,动物园里有很多动物,dòng wù yuán lǐ yǒu hěn duō dòng wù,there are many animals in the zoo
70,东西,dōng xī,thing;stuff,1,3,东,east,西,west,,,,,我买了一些东西,wǒ mǎi le yī xiē dōng xī,I bought some things
71,豆腐,dòu​ fu,tofu,1,2,豆,bean,腐烂,rot,,,,,她做了一碗豆腐汤,tā zuò le yī wǎn dòu fǔ tāng,she made a bowl of tofu soup
72,豆浆,dòu jiāng,soy milk,1,3,豆,bean,浆,pulp,,,,,早上我喝一杯豆浆,zǎo shàng wǒ hē yī bēi dòu jiāng,I drink a cup of soy milk in the morning
73,堵车,dǔ chē,traffic jam,1,2,堵塞,blockage,车,car,,,,,我们在高速公路上堵车了,Wǒmen zài gāosù gōnglù shàng dǔchē le,We got stuck in traffic on the highway
74,肚子,dù zi,stomach,1,,-,,,,,,,,我肚子疼,可能吃坏了,wǒ dù zi téng
75,队友,duì yǒu,teammate,1,2,队,team,友,friend,,,,,我的队友们都很可靠,Wǒ de duìyǒumen dōu hěn kěkào,My teammates are all reliable
76,多少,duō shǎo,how many,1,1,多,many,少,few,,,,,这个多少钱,zhè gè duō shǎo qián,how much is this
77,饿了么,è le me,Chinese DoorDash,1,2,饿了,hungry,什么,what,,,,,中午我在饿了么点了一份外卖,zhōngwǔ wǒ zài èleme mě diǎn le yífèn wàimài,I ordered takeout on Eleme at noon
78,俄罗斯,è luó sī,Russia,1,,-,,,,,,,,俄罗斯的冬天很冷,é luó sī de dōng tiān hěn lěng,winter in russia is very cold
79,耳机,ěr jī,headphones,1,1,耳,ear,机,machine,,,,,我的耳机丢了,wǒ de ěrjī diū le,I lost my earphones
80,二维码,èr wéi mǎ,QR code,1,2,二维,two-dimensional,码,code,,,,,扫码这个二维码,Sǎomǎ zhège èrwéimǎ,Scan this QR code
81,儿子,ér zi,son,1,,-,,,,,,,,他儿子今年刚上小学。,tā érzi jīnnián gāng shàng xiǎoxué.,His son just started primary school this year.
82,发球,fā qiú,serve (ball),1,2,发,to send out,球,ball,,,,,他发球的速度非常快,Tā fāqiú de sùdù fēicháng kuài,His serve is very fast
83,房地产,fáng dì chǎn,real estate,1,2,房,house,地,land,财产,property,,,他在做房地产,Tā zài zuò fángdìchǎn,He works in real estate
84,房间,fáng jiān,room,1,3,房子,house,空间,space,,,,,我的房间很整洁,wǒ de fáng jiān hěn zhěng jié,my room is very tidy
85,防晒霜,fáng shài shuāng,sunscreen,1,2,防止,prevent,晒伤,sunburn,霜,frost,,,记得涂防晒霜,Jìdé tú fángshàishuāng,Remember to apply sunscreen
86,方言,fāng yán,dialect,1,2,地方,place,言,speech,,,,,他会说三种方言,Tā huì shuō sān zhǒng fāngyán,He can speak three dialects
87,飞,fēi,to fly,1,,-,,,,,,,,鸟儿在天空中自由地飞,niǎo er zài tiān kōng zhōng zì yóu de fēi,Birds fly freely in the sky
88,非常,fēi cháng,very,1,2,非,not,正常,regular,,,,,他非常聪明,tā fēi cháng cōng míng,he is very smart
89,非法,fēi fǎ,illegal,1,2,非,not,法,law,,,,,这种行为是非法的,Zhè zhǒng xíngwéi shì fēifǎ de,This behavior is illegal
90,飞机,fēi jī,airplane,1,1,飞,to fly,机,machine,,,,,他坐飞机去上海,tā zuò fēi jī qù shàng hǎi,he took a plane to Shanghai
91,分手,fēn shǒu,break up,1,1,分开,to separate,手,hand,,,,,他们昨天分手了,tā men zuó tiān fēn shǒu le,they broke up yesterday
92,分享,fēn xiǎng,share,1,3,分,to divide,享受,enjoy,,,,,我想和你分享这个,Wǒ xiǎng hé nǐ fēnxiǎng zhège,I want to share this with you
93,风扇,fēng shàn,electric fan,1,4,风,wind,扇,fan,,,,,风扇开得太大了,Fēngshàn kāi de tài dà le,The fan is on too high
94,父亲,fù qīn,father (formal),1,,-,,,,,,,,他一直以父亲为榜样。,tā yìzhí yǐ fùqīn wéi bǎngyàng.,He has always looked up to his father.
95,负一楼,fù yī lóu,B1;basement level 1,1,2,负面,negative,一,one,楼,floor,,,超市在负一楼,Chāoshì zài fù yī lóu,The supermarket is on basement level one
96,刚好,gāng hǎo,just;exactly;happen to,1,2,刚才,just now,好,good,,,,,我刚好有时间帮你,Wǒ gānghǎo yǒu shíjiān bāng nǐ,I just happen to have time to help you
97,高考,gāo kǎo,college entrance exam,1,3,高中,high school,考试,exam,,,,,她正在准备高考,tā zhèng zài zhǔn bèi gāo kǎo,she is preparing for the college entrance exam
98,高铁,gāo tiě,high speed rail,1,2,高,high,地铁,subway,,,,,我们坐高铁去上海,wǒ men zuò gāo tiě qù shàng hǎi,we took the high speed train to Shanghai
99,胳膊,gē bó,arm,1,,-,,,,,,,,我胳膊酸痛所以今天不锻炼了,Wǒ gēbo suāntòng suǒyǐ jīntiān bú duànliàn le,My arm is sore so I won’t work out today
100,哥哥,gē ge,older brother,1,,-,,,,,,,,我哥哥经常带我出去运动,wǒ gē ge jīng cháng dài wǒ chū qù yùn dòng,My older brother often takes me out to exercise
101,各种,gè zhǒng,various types;all kinds,1,3,各,each,种,type,,,,,我喜欢各种口味的冰淇淋,Wǒ xǐhuān gèzhǒng kǒuwèi de bīngqílín,I like ice cream of all flavors
102,更新,gēng xīn,to update;renew,1,1,更,more,新,new,,,,,手机需要更新系统,shǒu jī xū yào gēng xīn xì tǒng,the phone needs a system update
103,共产党,gòng chǎn dǎng,communist party,1,4,共,common,产品,product,党,political party,,,他是共产党员,Tā shì gòngchǎndǎng yuán,He is a member of the Communist Party
104,公共汽车,gōng gòng qì chē,bus,1,2,公共,public,汽车,car,,,,,我们坐公共汽车去市中心,wǒ men zuò gōng gòng qì chē qù shì zhōng xīn,we took a bus to the city center
105,公交车,gōng jiāo chē,bus,1,2,公共,public,交通,transportation,车,vehicle,,,我每天坐公交车上班。,wǒ měi tiān zuò gōng jiāo chē shàng bān.,I take the bus to work every day.
106,工具,gōng jù,tool,1,4,工作,work,具体,specific,,,,,这些工具要放回工具箱里。,zhè xiē gōng jù yào fàng huí gōng jù xiāng lǐ.,These tools should be put back in the toolbox.
107,公里,gōng​ lǐ,kilometer,1,3,公,public,哪里,where,,,,,学校离这里五公里,xué xiào lí zhè lǐ wǔ gōng lǐ,the school is five kilometers from here
108,狗,gǒu,dog,1,,-,,,,,,,,我的狗喜欢跑步,wǒ de gǒu xǐ huān pǎo bù,My dog likes running
109,股票,gǔ piào,stock,1,2,屁股,butt,票,ticket,,,,,他正在研究股票市场,Tā zhèngzài yánjiū gǔpiào shìchǎng,He is studying the stock market
110,关税,guān shuì,tariff,1,1,关系,relationship,税,tax,,,,,政府提高了进口关税,Zhèngfǔ tígāo le jìnkǒu guānshuì,The government increased import tariffs
111,关注,guān zhù,focus on;to follow,1,,-,,,,,,,,我很关注这件事,Wǒ hěn guānzhù zhè jiàn shì,I care a lot about this matter
112,广告,guǎng gào,ad;advertisement,1,2,广场,plaza,告诉,to tell,,,,,我在电视上看到了广告,wǒ zài diàn shì shàng kàn dào le guǎng gào,I saw an advertisement on TV
113,过去的,guò qù de,past,1,,-,,,,,,,,这些是过去的照片,Zhèxiē shì guòqù de zhàopiàn,These are past photos
114,海关,hǎi guān,customs,1,2,海,sea,关,to close,,,,,我们在机场经过海关,wǒ men zài jī chǎng jīng guò hǎi guān,we passed through customs at the airport
115,海鲜,hǎi xiān,seafood,1,2,海,sea,鲜,fresh,,,,,我喜欢吃海鲜,wǒ xǐ huān chī hǎi xiān,I like to eat seafood
116,孩子,hái zi,child,1,,-,,,,,,,,孩子在公园里玩得很开心,hái zi zài gōng yuán lǐ wán de hěn kāi xīn,the child is having fun in the park
117,汗,hàn,sweat,1,,-,,,,,,,,他跑步后满身大汗,tā pǎo bù hòu mǎn shēn dà hàn,he was covered in sweat after running
118,汉堡,hàn bǎo,hamburger,1,3,汉,Chinese,堡,castle,包,wrap,,,他点了一个汉堡包,tā diǎn le yī gè hàn bǎo bāo,he ordered a hamburger
119,好奇,hào qí,curious,1,2,好,good,奇怪,strange,,,,,小孩对一切都很好奇,xiǎo hái duì yī qiè dōu hěn hào qí,children are curious about everything
120,黑,hēi,black,1,,-,,,,,,,,这件衣服是黑色的,zhè jiàn yī fú shì hēi sè de,This piece of clothing is black
121,黑客,hēi kè,hacker,1,2,黑,black,客,guest,,,,,黑客入侵了网站,hēi kè rù qīn le wǎng zhàn,a hacker attacked the website
122,红,hóng,red,1,,-,,,,,,,,她选了一条红色的裙子,tā xuǎn le yì tiáo hóng sè de qún zi,She chose a red dress
123,烘焙店,hōng bèi diàn,bakery,1,2,烘焙,to bake,店,shop,,,,,这家烘焙店的蛋糕很受欢迎,Zhè jiā hōngbèidiàn de dàngāo hěn shòu huānyíng,The cakes in this bakery are very popular
124,后悔,hòu huǐ,to regret,1,2,后,after,悔恨,remorse,,,,,我从来没有后悔过这个决定,Wǒ cónglái méiyǒu hòuhuǐ guò zhège juédìng,I have never regretted this decision
125,猴子,hóu zi,monkey,1,,-,,,,,,,,动物园里有很多猴子。,dòng wù yuán lǐ yǒu hěn duō hóu zi.,there are many monkeys in the zoo.
126,胡萝卜,hú​ luó ​bo,carrot,1,3,胡子,beard,萝卜,radish,,,,,我不喜欢吃胡萝卜,Wǒ bù xǐhuān chī húluóbo,I don't like carrots
127,花生,huā shēng,peanut,1,3,花,flower,生,life,,,,,我对花生过敏,wǒ duì huā shēng guò mǐn,I am allergic to peanuts
128,话题,huà tí,topic,1,2,说话,say,主题,theme,,,,,他们换了一个新的话题,tā men huàn le yī gè xīn de huà tí,they changed to a new topic
129,滑雪,huá xuě,ski,1,1,滑,slide,雪,snow,,,,,他第一次学滑雪就摔倒了,Tā dì yī cì xué huáxuě jiù shuāidǎo le,He fell the first time he tried skiing
130,黄,huáng,yellow,1,,-,,,,,,,,这件外套是黄色的,zhè jiàn wài tào shì huáng sè de,This coat is yellow
131,黄瓜,huáng guā,cucumber,1,1,黄,yellow,瓜,melon,,,,,我午餐吃了一根黄瓜,wǒ wǔ cān chī le yī gēn huáng guā,I ate a cucumber for lunch
132,黄金,huáng jīn,gold,1,1,黄,yellow,金,metal,,,,,他买了一条黄金项链,tā mǎi le yī tiáo huáng jīn xiàng liàn,he bought a gold necklace
133,黄油,huáng yóu,butter,1,1,黄,yellow,油,oil,,,,,我喜欢在面包上抹黄油,wǒ xǐ huān zài miàn bāo shàng mǒ huáng yóu,I like to spread butter on bread
134,灰色,huī sè,gray,1,3,灰,ash,色彩,color,,,,,今天的天空是灰色的,jīn tiān de tiān kōng shì huī sè de,The sky is gray today
135,回信,huí xìn,to reply (message),1,2,回,return,信,letter,,,,,谢谢你的回信,Xièxie nǐ de huíxìn,Thanks for your reply
136,会员,huì yuán,member,1,,-,,,,,,,,我是这家店的会员。,wǒ shì zhè jiā diàn de huì yuán.,I am a member of this store.
137,火车,huǒ chē,train,1,2,火,fire,车,car,,,,,他们坐火车去北京,tā men zuò huǒ chē qù běi jīng,they took the train to Beijing
138,获得,huò dé,to get;obtain,1,,-,,,,,,,,他努力工作终于获得了成功,Tā nǔlì gōngzuò zhōngyú huòdé le chénggōng,He worked hard and finally achieved success
139,基础设施,jī chǔ shè shī,infrastructure,1,2,基础,base,设施,facilities,,,,,这里基础设施很好,Zhèlǐ jīchǔ shèshī hěn hǎo,The infrastructure here is good
140,几乎,jī hū,almost,1,,-,,,,,,,,我几乎忘了这事,Wǒ jīhū wàng le zhè shì,I almost forgot about it
141,机会,jī huì,opportunity;chance,1,3,机,machine,会,to be able to,,,,,这次机会很难得,Zhè cì jīhuì hěn nándé,This is a rare opportunity
142,纪念日,jì niàn rì,anniversary,1,1,纪念,commemorate,日,day,,,,,今天是他们的结婚纪念日。,Jīntiān shì tāmen de jiéhūn jìniànrì.,Today is their wedding anniversary.
143,技术,jì shù,technology,1,2,技,skill,术,art,,,,,他掌握了很多先进的技术,Tā zhǎngwò le hěn duō xiānjìn de jìshù,He has mastered many advanced technologies
144,鸡爪,jī zhuǎ,chicken feet,1,3,鸡,chicken,爪,claw,,,,,他点了一份辣味鸡爪,tā diǎn le yī fèn là wèi jī zhuǎ,he ordered spicy chicken feet
145,假期,jià qī,vacation,1,1,假,fake,期,period of time,,,,,我假期打算去北京玩,Wǒ jiàqī dǎsuàn qù Běijīng wán,I plan to visit Beijing during the holiday
146,加热,jiā rè,heat up,1,2,加,add,热,heat,,,,,把牛奶加热一下,bǎ niú nǎi jiā rè yī xià,heat up the milk
147,肩膀,jiān bǎng,shoulder,1,,-,,,,,,,,他拍了拍我的肩膀,Tā pāi le pāi wǒ de jiānbǎng,He patted my shoulder
148,坚果,jiān guǒ,nut,1,2,坚定,firm;staunch,果,fruit,,,,,每天吃一些坚果对身体有好处,Měitiān chī yīxiē jiānguǒ duì shēntǐ yǒu hǎochù,Eating some nuts every day is good for your health
149,建设,jiàn shè,construction;to build,1,,-,,,,,,,,城市建设速度非常快,chéng shì jiàn shè sù dù fēi cháng kuài,The city’s construction is progressing very quickly
150,健身,jiàn shēn,fitness,1,2,健康,health,身,body,,,,,我下班去健身,Wǒ xiàbān qù jiànshēn,I go to work out after work
151,降低,jiàng dī,to lower;reduce,1,4,降,to drop,低,low,,,,,我们需要降低成本,Wǒmen xūyào jiàngdī chéngběn,We need to lower the cost
152,脚,jiǎo,foot,1,,-,,,,,,,,我的脚有点疼,wǒ de jiǎo yǒu diǎn téng,my foot hurts a little
153,交流,jiāo liú,communication,1,4,交通,traffic,流,to flow,,,,,我们经常交流想法,Wǒmen jīngcháng jiāoliú xiǎngfǎ,We often share ideas
154,教授,jiào shòu,professor,1,,-,,,,,,,,我的教授很严格也很有经验,Wǒ de jiàoshòu hěn yángé yě hěn yǒu jīngyàn,My professor is strict but also very experienced
155,焦糖,jiāo táng,caramel,1,1,焦,burnt,糖,candy,,,,,这杯咖啡有焦糖味道,Zhè bēi kāfēi yǒu jiāotáng wèidào,This coffee has a caramel flavor
156,脚趾,jiǎo zhǐ,toe,1,,-,,,,,,,,她踢到桌子伤了脚趾,Tā tī dào zhuōzi shāng le jiǎozhǐ,She hurt her toe by kicking the table
157,姐姐,jiě jie,older sister,1,,-,,,,,,,,我姐姐工作特别忙,wǒ jiě jie gōng zuò tè bié máng,My older sister is extremely busy
158,解释,jiě shì,explain,1,5,芝麻,seasme,博士,doctor,,,,,我来解释一下,Wǒ lái jiěshì yīxià,Let me explain
159,近日,jìn rì,recent days,1,1,近,near,日,day,,,,,近日天气变得很冷。,Jìnrì tiānqì biànde hěn lěng.,The weather has become very cold recently.
160,金融,jīn róng,finance;banking,1,2,金,metal,融化,to melt,,,,,他在一家金融公司工作,Tā zài yī jiā jīnróng gōngsī gōngzuò,He works at a finance company
161,经理,jīng lǐ,manager,1,3,经济,economy,管理,to manage,,,,,经理今天没来,Jīnglǐ jīntiān méi lái,The manager didn't come today
162,酒店,jiǔ diàn,hotel,1,3,酒,alcohol,店,store,,,,,我们在海边的酒店住了一晚,wǒ men zài hǎi biān de jiǔ diàn zhù le yī wǎn,We stayed one night at a seaside hotel
163,具体,jù tǐ,specific,1,3,具,tool,身体,body,,,,,能说得具体一点吗,Néng shuō de jùtǐ yīdiǎn ma,Can you be more specific
164,开关,kāi guān,power switch;switch,1,1,开,open,关,close,,,,,这个灯的开关在墙上,zhè gè dēng de kāi guān zài qiáng shàng,the switch for this light is on the wall
165,开心,kāi xīn,happy,1,2,开心,open,心,heart,,,,,今天我很开心,jīn tiān wǒ hěn kāi xīn,I am very happy today
166,刻板印象,kè bǎn yìn xiàng,stereotype,1,1,刻板,stiff,印象,impression,,,,,不要用刻板印象去评价别人,bù yào yòng kè bǎn yìn xiàng qù píng jià bié rén,do not judge others with stereotypes
167,可惜,kě xí,what a pity;unfortunately,1,3,可,can,惜,pity,,,,,可惜他没来参加聚会,kě xī tā méi lái cān jiā jù huì,its a pity he did not come to the party
168,可爱,kě'ài,cute,1,2,可以,can,爱,love,,,,,这只小猫很可爱,zhè zhī xiǎo māo hěn kě ài,this kitten is very cute
169,空调,kòng tiáo,air conditioning,1,1,空气,air,调,adjust,,,,,夏天开空调很舒服,xià tiān kāi kōng tiáo hěn shū fú,turning on the air conditioner in summer is very comfortable
170,孔子,kǒng zǐ,Confucius,1,,-,,,,,,,,我们在课上学孔子,Wǒmen zài kè shàng xué Kǒngzǐ,We study Confucius in class
171,口音,kǒu yīn,accent,1,1,口,mouth,音调,pitch;tone,,,,,他的四川口音特别明显。,tā de sìchuān kǒuyīn tèbié míngxiǎn.,His Sichuan accent is very noticeable.
172,口罩,kǒu zhào,mask,1,2,口,mouth,胸罩,bra,,,,,出门记得戴口罩,Chūmén jìdé dài kǒuzhào,Remember to wear a mask when going out
173,筷子,kuài zi,chopsticks,1,,-,,,,,,,,筷子是中国餐桌必备的工具,kuài zi shì zhōng guó cān zhuō bì bèi de gōng jù,chopsticks are essential on a Chinese dining table
174,宽,kuān,wide,1,,-,,,,,,,,这条路很宽,zhè tiáo lù hěn kuān,this road is wide
175,困惑,kùn huò,confused,1,,-,,,,,,,,我对这个问题有点困惑,Wǒ duì zhège wèntí yǒudiǎn kùnhuò,I am a bit confused about this problem
176,困难,kùn nán,difficult;challenging,1,2,困,tired,难,hard,,,,,这任务很困难,Zhè rènwu hěn kùnnán,This task is hard
177,垃圾,lā jī,trash,1,,-,,,,,,,,请不要乱扔垃圾,qǐng bú yào luàn rēng lā jī,please don’t litter
178,拉伸,lā shēn,stretch,1,2,拉,pull,伸,extend,,,,,运动前要拉伸,Yùndòng qián yào lāshēn,Stretch before exercising
179,蓝,lán,blue,1,,-,,,,,,,,天空今天是蓝色的,tiān kōng jīn tiān shì lán sè de,The sky is blue today
180,老板,lǎo bǎn,boss,1,3,老,old,板,plank;board,,,,,老板今天请客,Lǎobǎn jīntiān qǐngkè,The boss is treating today
181,老虎,lǎo hǔ,tiger,1,,-,,,,,,,,老虎是森林之王。,lǎo hǔ shì sēn lín zhī wáng.,the tiger is the king of the forest.
182,类似,lèi sì,similar,1,2,类,kind,似乎,to seem,,,,,这两个产品很类似,Zhè liǎng gè chǎnpǐn hěn lèisì,These two products are very similar
183,冷萃,lěng cuì,cold brew,1,3,冷,cold,萃取,to extract,,,,,我点了一杯冷萃咖啡,Wǒ diǎn le yī bēi lěngcuì kāfēi,I ordered a cold brew coffee
184,理解,lǐ jiě,to understand,1,5,管理,to manage,解决,to resolve,,,,,我完全理解你的想法,Wǒ wánquán lǐjiě nǐ de xiǎngfǎ,I totally understand your thinking
185,历史,lì shǐ,history,1,,-,,,,,,,,我喜欢研究中国历史,wǒ xǐ huān yán jiū zhōng guó lì shǐ,i like studying chinese history
186,礼物,lǐ wù,gift,1,2,礼貌,polite,物,thing,,,,,主人收到了很多礼物,zhǔ rén shōu dào le hěn duō lǐ wù,the host received many gifts
187,脸,liǎn,face,1,,-,,,,,,,,她的脸红了,tā de liǎn hóng le,Her face turned red
188,零食,líng shí,snacks,1,1,零,zero,食物,food,,,,,小孩子喜欢吃零食,xiǎo hái zi xǐ huān chī líng shí,children like to eat snacks
189,流利,liú lì,fluent,1,1,流,to flow,顺利,smoothly,,,,,他说英语很流利,tā shuō yīng yǔ hěn liú lì,he speaks English fluently
190,流量,liú liàng,cellular data,1,2,流,flow,量,capacity,,,,,我这个月流量用完了,Wǒ zhège yuè liúliàng yòng wán le,I've used up my data this month
191,绿,lǜ,green,1,,-,,,,,,,,窗外一片绿色,chuāng wài yí piàn lǜ sè,It is green outside the window
192,妈妈,mā ma,mom,1,,-,,,,,,,,妈妈做的菜最好吃。,māma zuò de cài zuì hǎochī.,Mom’s cooking is the best.
193,马上,mǎ shàng,immediately;at once;right away,1,2,马,horse,上,top,,,,,我马上回来,wǒ mǎ shàng huí lái,I will be back immediately
194,猫,māo,cat,1,,-,,,,,,,,我家有一只可爱的猫。,wǒ jiā yǒu yī zhī kě ài de māo.,I have a cute cat at home.
195,毛巾,máo jīn,towel,1,1,毛,hair,巾,cloth,,,,,我用毛巾擦脸,wǒ yòng máo jīn cā liǎn,I use a towel to wipe my face
196,贸易,mào yì,trade,1,,-,,,,,,,,这两个国家之间的贸易正在增加,Zhè liǎng gè guójiā zhījiān de màoyì zhèngzài zēngjiā,Trade between these two countries is increasing
197,妹妹,mèi mei,younger sister,1,,-,,,,,,,,我妹妹喜欢拍照,wǒ mèi mei xǐ huan pāi zhào,My younger sister loves taking photos
198,美团,měi tuán,Chinese Grubhub + Yelp,1,3,美,beautiful,团,group,,,,,他们用美团订了晚餐和电影票,tāmen yòng měituán dìngle wǎncān hé diànyǐng piào,They used Meituan to book dinner and movie tickets
199,梦,mèng,dream,1,,-,,,,,,,,我昨晚做了一个奇怪的梦,wǒ zuó wǎn zuò le yī gè qí guài de mèng,I had a strange dream last night
200,密码,mì mǎ,password,1,2,秘密,secret,码,code,,,,,不要把密码告诉别人,bù yào bǎ mì mǎ gào sù bié rén,do not tell others your password
201,面包,miàn bāo,bread,1,3,面,noodle,包,wrap,,,,,我每天早上吃面包,wǒ měi tiān zǎo shàng chī miàn bāo,I eat bread every morning
202,名词,míng cí,noun,1,1,名,name,词,word,,,,,桌子是一个名词,zhuō zi shì yī gè míng cí,table is a noun
203,母亲,mǔ qīn,mother (formal),1,,-,,,,,,,,母亲的话让我很安心。,mǔqīn de huà ràng wǒ hěn ānxīn.,My mother's words made me feel at ease.
204,沐浴露,mù yù lù,body wash;shower gel,1,2,沐浴,to bathe,露,dew,,,,,她买了一瓶新的沐浴露,Tā mǎi le yī píng xīn de mùyùlù,She bought a new bottle of body wash
205,奶奶,nǎi nai,grandmother (paternal),1,,-,,,,,,,,奶奶特别喜欢喝茶。,nǎinai tèbié xǐhuān hē chá.,Grandma really likes drinking tea.
206,奶油,nǎi yóu,cream,1,1,奶,milk,油,oil,,,,,蛋糕上有很多奶油,dàn gāo shàng yǒu hěn duō nǎi yóu,the cake has a lot of cream
207,南瓜,nán guā,pumpkin,1,2,南,south,瓜,melon,,,,,南瓜派很好吃,nán guā pài hěn hǎo chī,pumpkin pie is delicious
208,男朋友,nán péng you,boyfriend,1,4,男,man,朋友,friend,,,,,我男朋友今天来接我下班。,wǒ nán péngyou jīntiān lái jiē wǒ xiàbān,My boyfriend is picking me up after work today.
209,内向,nèi xiàng,introverted,1,2,内,inner,向,towards,,,,,他很内向不喜欢在人多的场合讲话,Tā hěn nèixiàng bù xǐhuān zài rén duō de chǎnghé jiǎnghuà,He is introverted and does not like speaking in crowded situations
210,能源,néng yuán,energy;power source,1,2,能,can,资源,resource,,,,,我们要节约能源,Wǒmen yào jiéyuē néngyuán,We need to save energy
211,牛,niú,cow,1,,-,,,,,,,,农场里的牛在吃草,nóng chǎng lǐ de niú zài chī cǎo,The cows on the farm are grazing
212,牛马,niú mǎ,workhorse,1,1,牛,cow,马,horse,,,,,有些人觉得自己只是社会里的牛马,yǒu xiē rén jué de zì jǐ zhǐ shì shè huì lǐ de niú mǎ,some people feel they are just working animals in society
213,农场,nóng chǎng,farm,1,1,农,agriculture,场,open space,,,,,他们住在一个农场,tā men zhù zài yī gè nóng chǎng,they live on a farm
214,弄清楚,nòng qīng chǔ,figure out,1,2,弄,fiddle with,清楚,to be clear about,,,,,你需要先弄清楚问题再回答,Nǐ xūyào xiān nòng qīngchǔ wèntí zài huídá,You need to figure out the problem before answering
215,女儿,nǚ ér,daughter,1,3,女,woman,儿童,child,,,,,他女儿特别懂事。,tā nǚ'ér tèbié dǒngshì.,His daughter is very well-behaved.
216,女朋友,nǚ péng you,girlfriend,1,4,女,woman,朋友,friend,,,,,他准备向女朋友求婚。,tā zhǔnbèi xiàng nǚ péngyou qiúhūn,He is preparing to propose to his girlfriend.
217,偶尔,ǒu 'ěr,occasionally,1,,-,,,,,,,,我偶尔会熬夜看电影,Wǒ ǒu'ěr huì áoyè kàn diànyǐng,I occasionally stay up late to watch movies
218,排队,pái​ duì,to line up;wait in line;queue,1,2,排,row,队,team,,,,,大家在商店门口排队,dà jiā zài shāng diàn mén kǒu pái duì,everyone is lining up at the store entrance
219,排序,pái xù,sort,1,2,安排,to arrange,顺序,sequence,,,,,请帮我排序这些文件,Qǐng bāng wǒ páixù zhèxiē wénjiàn,Please help me sort these files
220,泡菜,pào cài,pickled vegetable,1,1,泡,bubble;soak,菜,vegetable,,,,,我喜欢吃辣泡菜,Wǒ xǐhuān chī là pàocài,I like spicy pickled vegetables
221,啤酒,pí jiǔ,beer,1,,-,,,,,,,,他喝了两瓶啤酒,tā hē le liǎng píng pí jiǔ,he drank two bottles of beer
222,骗子,piàn zǐ,scammer,1,,-,,,,,,,,他是个骗子,tā shì gè piàn zi,he is a liar
223,频道,pín dào,channel,1,2,视频,video,道,road,,,,,我最喜欢这个频道,Wǒ zuì xǐhuān zhège píndào,I like this channel the most
224,平常,píng​ cháng,usually,1,4,平,flat,正常,regular,,,,,我平常七点起床,Wǒ píngcháng qī diǎn qǐchuáng,I usually get up at seven
225,苹果,píng guǒ,apple,1,,-,,,,,,,,我最喜欢吃红苹果。,wǒ zuì xǐ huan chī hóng píng guǒ.,I like eating red apples the most.
226,评论,píng lùn,comment,1,3,评价,to evaluate,讨论,to discuss,,,,,我写了一个评论,Wǒ xiě le yīgè pínglùn,I wrote a comment
227,平时,píng shí,usually,1,2,平,flat,时,time,,,,,我平时很少看电视,Wǒ píngshí hěn shǎo kàn diànshì,I rarely watch TV
228,普遍,pǔ biàn,common,1,,-,,,,,,,,这种现象在城市里很普遍。,zhè zhǒng xiànxiàng zài chéngshì lǐ hěn pǔbiàn,This phenomenon is very common in cities.
229,普通话,pǔ tōng huà,Mandarin,1,1,普通,ordinary,话,speech,,,,,她说普通话很流利,tā shuō pǔ tōng huà hěn liú lì,she speaks Mandarin very fluently
230,起不来,qǐ bù lái,can't get up,1,,-,,,,,,,,今天太困了我起不来,Jīntiān tài kùn le wǒ qǐ bù lái,I'm too tired to get up today
231,汽车,qì chē,car,1,2,汽,steam,车,vehicle,,,,,这辆汽车很贵,zhè liàng qì chē hěn guì,this car is very expensive
232,期待,qí dài,to look forward to;expect,1,2,期,period of time,待,to wait,,,,,我很期待周末的旅行,Wǒ hěn qīdài zhōumò de lǚxíng,I am looking forward to the weekend trip
233,其实,qí shí,actually,1,2,其他,other,事实,fact,,,,,其实我早就知道了,Qíshí wǒ zǎo jiù zhīdào le,Actually I already knew
234,钱包,qián bāo,wallet;purse,1,1,钱,money,包,bundle,,,,,她的钱包被人拿走了,Tā de qiánbāo bèi rén názǒu le,Her wallet was taken by someone
235,前台,qián tái,front desk,1,1,前,before,台,platform,,,,,请到前台登记,qǐng dào qián tái dēng jì,please register at the reception
236,桥,qiáo,bridge,1,,-,,,,,,,,我们走过一座桥,wǒ men zǒu guò yī zuò qiáo,we walked across a bridge
237,亲密,qīn mì,close;intimate,1,2,亲,relative,秘密,secret,,,,,他们之间的关系很亲密,Tāmen zhījiān de guānxì hěn qīnmì,They have a very close relationship
238,清楚,qīng chǔ,clear;to understand thoroughly,1,,-,,,,,,,,我没听清楚你刚才说什么,Wǒ méi tīng qīngchǔ nǐ gāngcái shuō shénme,I didn’t hear clearly what you just said
239,清淡,qīng dàn,light (food),1,,-,,,,,,,,医生建议他吃清淡的食物,Yīshēng jiànyì tā chī qīngdàn de shíwù,The doctor suggested he eat light food
240,情况,qíng kuàng,situation,1,5,情,feeling,状况,condition,,,,,我们需要了解最新的情况,wǒ men xū yào liǎo jiě zuì xīn de qíng kuàng,We need to know the latest situation
241,球,qiú,ball,1,,-,,,,,,,,小朋友在踢球,xiǎo péng yǒu zài tī qiú,The kids are playing soccer
242,求婚,qiú hūn,proposal;to propose marriage,1,2,要求,to request,婚,get married,,,,,他在海边向女朋友求婚,Tā zài hǎibiān xiàng nǚ péngyǒu qiúhūn,He proposed to his girlfriend by the sea
243,去世,qù shì,to die;pass away,1,2,去,to leave,世界,world,,,,,他去世了,tā qù shì le,He passed away
244,取消,qǔ xiāo,to cancel;cancellation,1,2,取得,to get,消失,to disappear,,,,,我取消了订单,Wǒ qǔxiāo le dìngdān,I canceled the order
245,全职,quán zhí,full time,1,2,全,entire,职业,profession,,,,,他是全职老师,Tā shì quánzhí lǎoshī,He is a full-time teacher
246,缺乏,quē fá,lack,1,,-,,,,,,,,他缺乏锻炼,Tā quēfá duànliàn,He lacks exercise
247,人民币,rén mín bì,Chinese yuan,1,2,人民,the people,货币,currency,,,,,他用人民币付款,tā yòng rén mín bì fù kuǎn,he paid with RMB
248,日出,rì chū,sunrise,1,2,日,sun,出,to go out,,,,,我们早起看日出,wǒ men zǎo qǐ kàn rì chū,we got up early to watch the sunrise
249,日落,rì luò,sunset,1,2,日,sun,落,fall,,,,,日落的时候天空很美,Rìluò de shíhòu tiānkōng hěn měi,The sky is beautiful at sunset
250,肉丸,ròu wán,meatball,1,3,肉,meat,丸,pill,,,,,妈妈做的肉丸很好吃,mā mā zuò de ròu wán hěn hǎo chī,the meatballs my mom made are delicious
251,入住,rù zhù,check-in (hotel),1,2,入,enter,住,to reside,,,,,我们今晚入住酒店,Wǒmen jīnwǎn rùzhù jiǔdiàn,We are checking into the hotel tonight
252,软件,ruǎn jiàn,software,1,3,软,soft,件,item,,,,,这款软件使用起来很方便,Zhè kuǎn ruǎnjiàn shǐyòng qǐlái hěn fāngbiàn,This software is very convenient to use
253,伞,sǎn,umbrella,1,,-,,,,,,,,外面下雨了拿伞吧,wài miàn xià yǔ le ná sǎn ba,It’s raining outside take an umbrella
254,沙拉,shā lā,salad,1,4,沙,sand,拉,pull,,,,,我午饭只吃了一点沙拉,wǒ wǔ fàn zhǐ chī le yī diǎn shā lā,i only ate some salad for lunch
255,沙滩,shā tān,beach,1,,-,,,,,,,,我们在沙滩散步,Wǒmen zài shātān sànbù,We walk on the beach
256,晒伤,shài shāng,sunburn,1,1,晒太阳,sunbathing,伤,injury,,,,,我昨天被晒伤了,Wǒ zuótiān bèi shàishāng le,I got sunburned yesterday
257,商场,shāng chǎng,mall;shopping center,1,1,商,business,场,open space,,,,,我们去商场逛逛,Wǒmen qù shāngchǎng guàngguang,We go shopping at the mall
258,上升,shàng shēng,rise;ascent;increased,1,,-,,,,,,,,温度正在上升,Wēndù zhèngzài shàngshēng,The temperature is rising
259,上海,Shànghǎi,Shanghai,1,3,上,upper,海,sea,,,,,上海的外滩夜景非常迷人,Shànghǎi de wài tān yè jǐng fēi cháng mí rén,The Bund in Shanghai is very charming at night
260,设备,shè bèi,equipment,1,3,设计,design,准备,preparation,,,,,这个设备很旧了,Zhège shèbèi hěn jiù le,This device is really old
261,设置,shè zhì,settings,1,2,设计,design,位置,position,,,,,我需要设置一下网络,Wǒ xūyào shèzhì yīxià wǎngluò,I need to set up the network
262,身份证,shēn fèn zhèng,ID card,1,3,身份,identity,证书,certificate,,,,,办理需要身份证,Bànlǐ xūyào shēnfènzhèng,You need an ID card to process this
263,身体,shēn tǐ,body,1,,-,,,,,,,,保持身体健康非常重要,bǎo chí shēn tǐ jiàn kāng fēi cháng zhòng yào,keeping your body healthy is very important
264,升,shēng,liter;to rise;go up,1,,-,,,,,,,,水温升高了,Shuǐwēn shēng gāo le,The water temperature went up
265,声调,shēng diào,tone (Chinese),1,2,声,voice,调,tune,,,,,声调很重要,Shēngdiào hěn zhòngyào,Tones are important
266,失,shī,lose,1,,-,,,,,,,,他因为失误而输掉了比赛,Tā yīnwèi shīwù ér shūdiào le bǐsài,He lost the game because of a mistake
267,时差,shí chā,jetlag;time difference,1,1,时候,time,差距,gap,,,,,从纽约到北京有十三个小时的时差,cóng niǔ yuē dào běi jīng yǒu shí sān gè xiǎo shí de shí chā,there is a thirteen hour time difference from new york to beijing
268,适应,shì yìng,to adapt;get used to,1,3,适合,to suit,应该,should,,,,,你适应新环境了吗,Nǐ shìyìng xīn huánjìng le ma,Have you adapted to the new environment
269,手工,shǒu gōng,handmade;manual,1,2,手,hand,工,work,,,,,这家餐厅的手工饺子很好吃,zhè jiā cān tīng de shǒu gōng jiǎo zi hěn hǎo chī,the handmade dumplings at this restaurant are delicious
270,手机,shǒu jī,cell phone,1,1,手,hand,机,machine,,,,,我的手机没电了,wǒ de shǒu jī méi diàn le,my phone ran out of battery
271,首页,shǒu yè,home page,1,2,首,first,页,page,,,,,网站的首页更新了,Wǎngzhàn de shǒuyè gēngxīn le,The website homepage has been updated
272,树,shù,tree,1,,-,,,,,,,,公园里有很多树,gōng yuán lǐ yǒu hěn duō shù,There are many trees in the park
273,输入,shū rù,to input,1,3,运输,to transport,入,enter,,,,,请在这里输入密码,Qǐng zài zhèlǐ shūrù mìmǎ,Please enter the password here
274,叔叔,shū shu,uncle;father’s younger brother,1,,-,,,,,,,,我叔叔在外地工作,wǒ shū shu zài wài dì gōng zuò,My uncle works in another city
275,薯条,shǔ tiáo,fries,1,2,薯,yam,条,strip,,,,,孩子们都喜欢薯条,hái zi men dōu xǐ huān shǔ tiáo,children all like french fries
276,树荫,shù ​yīn,shade,1,2,树,tree,阴,cloudy,,,,,孩子们在树荫下玩耍,Háizimen zài shùyīn xià wánshuǎ,The children are playing in the shade
277,刷新,shuā xīn,to refresh,1,2,刷,to brush,新,new,,,,,我想刷新页面,Wǒ xiǎng shuāxīn yèmiàn,I want to refresh the page
278,帅哥,shuài gē,handsome guy,1,4,帅,handsome,哥,elder brother,,,,,那个帅哥是我同学,nà gè shuài gē shì wǒ tóng xué,that handsome guy is my classmate
279,水,shuǐ,water,1,,-,,,,,,,,请给我一杯水,qǐng gěi wǒ yì bēi shuǐ,Please give me a glass of water
280,水平,shuǐ píng,level;standard,1,2,水,water,平,flat,,,,,他的中文水平很高,tā de zhōng wén shuǐ píng hěn gāo,his Chinese proficiency is very high
281,睡着了,shuì zhao le,fall asleep,1,4,睡觉,to sleep,着,particle action in progress,了,particle change of state,,,我上课时变睡着了,Wǒ shàngkè shí biàn shuìzháo le,I fell asleep in class
282,说谎,shuō huǎng,to lie,1,,-,,,,,,,,他说谎的时候会不敢看别人,Tā shuōhuǎng de shíhòu huì bù gǎn kàn biérén,When he lies he doesn’t dare look at others
283,司机,sī ​jī,driver;chauffeur,1,3,公司,company,机,machine,,,,,司机开车很小心,sī jī kāi chē hěn xiǎo xīn,the driver drives carefully
284,搜索,sōu suǒ,search,1,,-,,,,,,,,你可以在网上搜索答案,Nǐ kěyǐ zài wǎngshàng sōusuǒ dá'àn,You can search for the answer online
285,塑料袋,sù liào dài,plastic bag,1,4,塑料,plastic,袋子,bag,,,,,别忘了带塑料袋,bié wàng le dài sù liào dài,do not forget to bring a plastic bag
286,算法,suàn fǎ,algorithm,1,2,算,count,方法,method,,,,,这个应用用了一种新的算法,Zhège yìngyòng yòng le yī zhǒng xīn de suànfǎ,This app uses a new algorithm
287,台湾,tái wān,Taiwan,1,3,台,stage,湾,bay,,,,,他去年去过台湾,tā qù nián qù guò tái wān,he went to Taiwan last year
288,太阳能,tài yáng néng,solar energy,1,2,太阳,sun,能源,energy,,,,,他们用太阳能发电,Tāmen yòng tàiyángnéng fādiàn,They generate electricity with solar power
289,探索,tàn suǒ,explore,1,,-,,,,,,,,孩子们喜欢探索新的地方,Háizimen xǐhuān tànsuǒ xīn de dìfāng,Children like to explore new places
290,毯子,tǎn zǐ,blanket,1,,-,,,,,,,,床上有一条毯子,Chuáng shàng yǒu yī tiáo tǎnzi,There is a blanket on the bed
291,糖,táng,sugar,1,,-,,,,,,,,别吃太多糖对牙不好,bié chī tài duō táng duì yá bù hǎo,Don’t eat too much sugar it’s bad for your teeth
292,趟,tàng,trip;each vehicle arrival,1,,-,,,,,,,,我去了一趟超市,Wǒ qù le yī tàng chāoshì,I made a trip to the supermarket
293,淘宝,táo bǎo,Chinese Amazon (wider variety),1,4,淘气,naughty,宝宝,baby,,,,,她在淘宝上买了一只猫咪玩偶,tā zài tǎobaó shàng mǎile yì zhī māomī wánǒu,She bought a cat plush on Taobao
294,套餐,tào​ cān,set;set meal,1,3,套,cover,餐,meal,,,,,这个餐厅有优惠套餐,zhè gè cān tīng yǒu yōu huì tào cān,this restaurant has special set meals
295,讨厌,tǎo yàn,dislike;hate,1,,-,,,,,,,,我很讨厌天气太热的时候,Wǒ hěn tǎoyàn tiānqì tài rè de shíhòu,I really hate it when the weather is too hot
296,特色,tè sè,characteristic;unique feature,1,3,特,special,色,color,,,,,这个小镇很有特色,Zhège xiǎo zhèn hěn yǒu tèsè,This town has unique features
297,提高,tí gāo,to improve;raise;increase,1,2,提,to lift,高,high,,,,,我们需要提高效率,Wǒmen xūyào tígāo xiàolǜ,We need to improve efficiency
298,提供,tí gōng,to offer,1,3,提,to lift,供,to provide,,,,,这家店提供外卖,Zhè jiā diàn tígōng wàimài,This store offers takeout
299,提醒,tí xǐng,to remind,1,2,提供,to offer,醒,to wake up,,,,,谢谢你的提醒,Xièxiè nǐ de tíxǐng,Thanks for the reminder
300,体验,tǐ yàn,to personally experience,1,3,体,body,经验,to experience,,,,,我想体验一下当地生活,Wǒ xiǎng tǐyàn yīxià dāngdì shēnghuó,I want to experience local life
301,体育场,tǐ yù chǎng,stadium,1,2,体育,physical education,场,open space,,,,,体育场很大,Tǐyùchǎng hěn dà,The stadium is big
302,天气预报,tiān qì yù bào,weather forecast,1,3,天气,weather,预期,to expect,报,report,,,我看了今天的天气预报,Wǒ kàn le jīntiān de tiānqì yùbào,I checked today's weather forecast
303,听懂,tīng dǒng,to understand by hearing,1,4,听,listen,懂,understand,,,,,我听懂了老师的话,wǒ tīng dǒng le lǎo shī de huà,I understood what the teacher said
304,通常,tōng​ cháng,generally;usually,1,,-,,,,,,,,我通常早起,Wǒ tōngcháng zǎoqǐ,I usually wake up early
305,通过,tōng guò,to pass,1,,-,,,,,,,,他通过了所有的考试,Tā tōngguò le suǒyǒu de kǎoshì,He passed all of his exams
306,通货膨胀,tōng huò péng zhàng,inflation,1,2,普通,ordinary,货币,currency,膨胀,to expand,,,物价因为通货膨胀上涨了,Wùjià yīnwèi tōnghuò péngzhàng shàngzhǎng le,Prices went up due to inflation
307,通知,tōng zhī,notification;notify,1,2,通过,to get through,知识,knowledge,,,,,我收到了一个通知,Wǒ shōu dào le yī gè tōngzhī,I received a notice
308,头,tóu,head,1,,-,,,,,,,,他的头发很乱,tā de tóu fà hěn luàn,His hair is messy
309,投资,tóu zī,to invest,1,2,投票,to vote,资源,resource,,,,,他投资了一家公司,Tā tóuzī le yī jiā gōngsī,He invested in a company
310,图表,tú​ biǎo,chart;graph,1,2,图,picture,表格,sheet;table,,,,,这份图表很直观,Zhè fèn túbiǎo hěn zhíguān,This chart is very clear
311,吐槽,tǔ cáo,to vent;make complaints,1,2,吐,to vomit,水槽,sink,,,,,大家喜欢在网上吐槽电影,Dàjiā xǐhuān zài wǎngshàng tǔcáo diànyǐng,People like to complain about movies online
312,土豆,tǔ dòu,potato,1,1,土,earth,豆,bean,,,,,她买了一袋土豆,tā mǎi le yī dài tǔ dòu,she bought a bag of potatoes
313,团队,tuán duì,team,1,,-,,,,,,,,我们是一个团队,Wǒmen shì yī gè tuánduì,We are a team
314,退出,tuì chū,to quit;log out,1,3,退,to retreat,出,to go out,,,,,我决定退出比赛,Wǒ juédìng tuìchū bǐsài,I decided to quit the competition
315,推荐,tuī jiàn,recommended,1,,-,,,,,,,,你有什么好书推荐吗,nǐ yǒu shén me hǎo shū tuī jiàn ma,do you have any good book recommendations
316,退休,tuì xiū,to retire,1,2,退,to retreat,休,to rest,,,,,他计划明年退休,Tā jìhuà míngnián tuìxiū,He plans to retire next year
317,拖鞋,tuō xié,slippers,1,1,拖,drag,鞋,shoes,,,,,回家后我换上了拖鞋,huí jiā hòu wǒ huàn shàng le tuō xié,i put on slippers after getting home
318,袜子,wà zi,socks,1,,-,,,,,,,,我今天穿了一双新袜子,wǒ jīn tiān chuān le yī shuāng xīn wà zi,I wore a new pair of socks today
319,往返,wǎng fǎn,round trip,1,2,往,go,返,to return,,,,,我每天往返学校,Wǒ měitiān wǎngfǎn xuéxiào,I commute to and from school every day
320,未来,wèi lái,future,1,1,未,not yet,来,come,,,,,未来一定会有更多机会,Wèilái yīdìng huì yǒu gèng duō jīhuì,There will definitely be more opportunities in the future
321,卫生间,wèi shēng jiān,bathroom,1,2,卫生,hygiene,间,room,,,,,卫生间在右边,wèi shēng jiān zài yòu biān,the restroom is on the right
322,维生素,wéi shēng sù,vitamin,1,2,维,to maintain,生,life,因素,element,,,每天都要补维生素,Měitiān dōu yào bǔ wéishēngsù,You should take vitamins every day
323,微信,wēi xìn,Chinese WhatsApp,1,3,微,micro,信息,information,,,,,我用微信发了一张猫咪照片给朋友,wǒ yòng wēixìn fā le yì zhāng māomī zhàopiàn gěi péngyou,I sent a cat photo to my friend on WeChat
324,温度,wēn ​dù,temperature,1,1,温暖,warm,程度,degree,,,,,今天的温度很高,jīn tiān de wēn dù hěn gāo,today the temperature is very high
325,文件,wén jiàn,document;file,1,2,文,writing,件,piece,,,,,我保存了文件,Wǒ bǎocún le wénjiàn,I saved the file
326,蚊子,wén zǐ,mosquito,1,,-,,,,,,,,昨晚有很多蚊子,zúo wǎn yǒu hěn duō wén zi,there were many mosquitoes last night
327,午睡,wǔ shuì,nap,1,1,午,noon,睡,sleep,,,,,孩子们每天中午都要午睡,Háizimen měitiān zhōngwǔ dōu yào wǔshuì,The children take a nap every noon
328,西瓜,xī guā,watermelon,1,2,西,west,瓜,melon,,,,,夏天吃西瓜很解渴,xià tiān chī xī guā hěn jiě kě,eating watermelon in summer is very refreshing
329,习惯,xí guàn,habit;used to,1,,-,,,,,,,,他已经习惯早起跑步了,Tā yǐjīng xíguàn zǎoqǐ pǎobù le,He has already gotten used to running in the morning
330,吸管,xī guǎn,straw,1,1,吸气,to inhale,管,pipe,,,,,请给我一根吸管,Qǐng gěi wǒ yī gēn xīguǎn,Please give me a straw
331,西红柿,xī hóng shì,tomato,1,2,西,west,红,red,柿子,persimmon,,,西红柿可以做汤,xī hóng shì kě yǐ zuò tāng,tomatoes can be made into soup
332,西兰花,xī lán huā,broccoli,1,2,西,west,兰花,orchid,,,,,西兰花对身体好,xī lán huā duì shēn tǐ hǎo,broccoli is good for health
333,洗手间,xǐ shǒu jiān,bathroom,1,2,洗,wash,手,hand,房间,room,,,洗手间在二楼,xǐ shǒu jiān zài èr lóu,the restroom is on the second floor
334,细心,xì xīn,careful,1,2,细节,details,心,heart,,,,,她做事很细心,Tā zuò shì hěn xìxīn,She is very careful
335,洗衣机,xǐ yī jī,washing machine,1,2,洗,wash,衣服,clothes,机,machine,,,家里有一台洗衣机,jiā lǐ yǒu yī tái xǐ yī jī,there is a washing machine at home
336,下载,xià zài,to download,1,3,下,down,载,load;carry,,,,,我已经下载了这个应用,Wǒ yǐjīng xiàzài le zhège yìngyòng,I already downloaded this app
337,乡村,xiāng cūn,countryside;rural,1,3,家乡,hometown,村,village,,,,,我喜欢乡村的空气,Wǒ xǐhuān xiāngcūn de kōngqì,I like the air in the countryside
338,香港,xiāng gǎng,Hong Kong,1,2,香,fragrant,港,harbor,,,,,香港是一个国际城市,xiāng gǎng shì yī gè guó jì chéng shì,Hong Kong is an international city
339,相机,xiàng jī,camera,1,3,相信,to believe,机,machine,,,,,我带了相机拍照,Wǒ dài le xiàngjī pāizhào,I brought a camera to take photos
340,香蕉,xiāng jiāo,banana,1,,-,,,,,,,,他早餐吃了一根香蕉。,tā zǎo cān chī le yì gēn xiāng jiāo.,He ate a banana for breakfast.
341,详细,xiáng xì,detailed,1,,-,,,,,,,,请给我详细地址,Qǐng gěi wǒ xiángxì dìzhǐ,Please give me the detailed address
342,想象,xiǎng xiàng,to imagine,1,2,想,to think,象,elephant,,,,,我无法想象没有音乐的生活,Wǒ wúfǎ xiǎngxiàng méiyǒu yīnyuè de shēnghuó,I cannot imagine life without music
343,小红书,xiǎo hóng shū,Chinese Instagram + Pinterest,1,4,小,little,红,red,书,book,,,我在小红书上看到有人推荐宠物粮,wǒ zài xiǎo hóngshū shàng kàndào yǒurén tuījiàn chǒngwù liáng,I saw someone recommend pet food on Xiaohongshu
344,笑话,xiào huà,joke,1,1,笑,smile,话,speech,,,,,他说的笑话让大家都笑了,tā shuō de xiào huà ràng dà jiā dōu xiào le,his joke made everyone laugh
345,小腿,xiǎo tuǐ,calf,1,1,小,small,腿,leg,,,,,她的小腿很酸,tā de xiǎo tuǐ hěn suān,her calves are sore
346,小心,xiǎo xīn,be careful,1,2,小,small,心,heart,,,,,过马路要小心,guò mǎ lù yào xiǎo xīn,be careful when crossing the road
347,信号,xìn hào,cellular signal,1,2,信息,news,号,mark,,,,,这里的手机信号不好,Zhèlǐ de shǒujī xìnhào bù hǎo,The phone signal is bad here
348,新闻,xīn ​wén,news,1,1,新,new,闻到,to smell,,,,,我每天早上都会看新闻,Wǒ měitiān zǎoshang dūhuì kàn xīnwén,I read the news every morning
349,信用卡,xìn yòng kǎ,credit card,1,2,信任,to trust,用,to use,卡,card,,,你可以刷信用卡吗,Nǐ kěyǐ shuā xìnyòngkǎ ma,Can you use a credit card
350,姓,xìng,surname,1,,女,woman,生,life,,,,,请问你姓什么,qǐng wèn nǐ xìng shén me,may i ask your family name
351,醒,xǐng,wake up,1,,-,,,,,,,,我今天很早醒了,wǒ jīn tiān hěn zǎo xǐng le,i woke up very early today
352,性别,xìng bié,gender,1,2,性,nature,分别,to distinguish,,,,,请在表格上填写你的性别,Qǐng zài biǎogé shàng tiánxiě nǐ de xìngbié,Please fill in your gender on the form
353,性价比,xìng jià bǐ,cost-effectiveness,1,3,性,nature,价,price,比,comparison,,,这家餐厅性价比很高,Zhè jiā cāntīng xìngjiàbǐ hěn gāo,This restaurant has great value for money
354,星期,xīng qí,week,1,3,星,star,期,period of time,,,,,今天是星期五,jīn tiān shì xīng qī wǔ,today is Friday
355,形容词,xíng róng cí,adjective,1,1,形容,description,词,word,,,,,漂亮是个形容词,Piàoliang shì gè xíngróngcí,Pretty is an adjective
356,熊,xióng,bear,1,,-,,,,,,,,森林里有一只大熊,sēn lín lǐ yǒu yī zhī dà xióng,there’s a big bear in the forest
357,选择,xuǎn zé,choose,1,,-,,,,,,,,你可以选择这本书或那本书,nǐ kě yǐ xuǎn zé zhè běn shū huò nà běn shū,you can choose this book or that book
358,牙齿,yá chǐ,teeth,1,,-,,,,,,,,我牙齿疼,Wǒ yáchǐ téng,My tooth hurts
359,牙膏,yá gāo,toothpaste,1,2,牙,tooth,膏,paste,,,,,他买了一支新的牙膏,tā mǎi le yī zhī xīn de yá gāo,he bought a new tube of toothpaste
360,押金,yā jīn,deposit,1,2,抵押品,collateral,金钱,money,,,,,租房子的时候需要交押金,Zū fángzi de shíhòu xūyào jiāo yājīn,You need to pay a deposit when renting a house
361,压力,yā lì,pressure,1,,-,,,,,,,,工作压力很大,gōng zuò yā lì hěn dà,work pressure is very high
362,鸭子,yā zi,duck,1,,-,,,,,,,,湖里有很多鸭子,hú lǐ yǒu hěn duō yā zi,There are many ducks in the lake
363,烟花,yān huā,fireworks,1,1,烟,smoke,花,flower,,,,,他们在海边放烟花,Tāmen zài hǎibiān fàng yānhuā,They set off fireworks by the sea
364,眼镜,yǎn jìng,glasses,1,1,眼,eye,镜,mirror,,,,,我需要新眼镜,wǒ xū yào xīn yǎn jìng,I need new glasses
365,验证码,yàn zhèng mǎ,verification code,1,3,实验,experiment,证明,proof,码,code,,,我忘了验证码,Wǒ wàng le yànzhèngmǎ,I forgot the verification code
366,阳台,yáng tái,balcony,1,2,阳,light,台,platform,,,,,阳台上晒着很多衣服,Yángtái shàng shài zhe hěn duō yīfú,There are many clothes drying on the balcony
367,夜市,yè shì,night market,1,2,夜,night,市,market,,,,,台湾的夜市特别热闹,Táiwān de yèshì tèbié rènao,Taiwanese night markets are very lively
368,爷爷,yé ye,grandfather (paternal),1,,-,,,,,,,,爷爷每天都去公园散步。,yéye měitiān dōu qù gōngyuán sànbù.,Grandpa goes to the park for a walk every day.
369,亿,yì,hundred million,1,,-,,,,,,,,人口超过十亿,Rénkǒu chāoguò shí yì,The population exceeds one billion
370,移民,yí mín,immigrant;to migrate,1,2,移,to move,民,people,,,,,他们考虑移民到加拿大,Tāmen kǎolǜ yímín dào Jiānádà,They are considering immigrating to Canada
371,疫情,yì qíng,COVID19;epidemic situation,1,2,瘟疫,epidemic,情况,circumstances,,,,,疫情期间很多公司转为线上工作,Yìqíng qījiān hěn duō gōngsī zhuǎn wéi xiànshàng gōngzuò,During the pandemic many companies switched to online work
372,艺术,yì shù,art,1,,-,,,,,,,,艺术可以让人们表达情感,Yìshù kěyǐ ràng rénmen biǎodá qínggǎn,Art allows people to express emotions
373,一月,yī yuè,january,1,1,一,one,月,month,,,,,一月是新的一年开始,yī yuè shì xīn de yī nián kāi shǐ,January is the beginning of a new year
374,椅子,yǐ zi,chair,1,,-,,,,,,,,请坐在那把椅子上,qǐng zuò zài nà bǎ yǐ zi shàng,please sit on that chair
375,阴,yīn,shade,1,,-,,,,,,,,今天的天气很阴,Jīntiān de tiānqì hěn yīn,The weather is gloomy today
376,英文,yīng wén,English,1,2,英国,England,文字,writing;chracter,,,,,请用英文回答,qǐng yòng yīng wén huí dá,Please answer in English
377,营养,yíng yǎng,nutrition,1,3,营,camp,养,to raise,,,,,早餐要有营养,Zǎocān yào yǒu yíngyǎng,Breakfast should be nutritious
378,用户,yòng hù,user,1,3,用,use,客户,client,,,,,这个软件有很多用户,Zhège ruǎnjiàn yǒu hěn duō yònghù,This app has many users
379,用户名,yòng hù míng,username,1,2,用,use,户,door,名,name,,,请输入用户名,Qǐng shūrù yònghù míng,Please enter the username
380,有名,yǒu míng,famous,1,2,有,to have,名字,name,,,,,这家餐厅很有名,Zhè jiā cāntīng hěn yǒumíng,This restaurant is famous
381,游戏,yóu xì,game,1,3,旅游,to travel,演戏,to perform,,,,,他喜欢玩电脑游戏,tā xǐ huān wán diàn nǎo yóu xì,he likes playing computer games
382,游泳,yóu yǒng,swim,1,4,游戏,game,泳池,pool;pond,,,,,我每周去游泳两次,wǒ měi zhōu qù yóu yǒng liǎng cì,I go swimming twice a week
383,雨,yǔ,rain,1,,-,,,,,,,,今天的雨下得很大,jīn tiān de yǔ xià de hěn dà,It’s raining heavily today
384,预订,yù dìng,reservation;booking,1,3,预测,forecast,订购,to order,,,,,我预订了两张票,Wǒ yùdìng le liǎng zhāng piào,I booked two tickets
385,语法,yǔ fǎ,grammar,1,1,语,language,法,law,,,,,这句子的语法有问题,Zhè jùzi de yǔfǎ yǒu wèntí,The grammar of this sentence has a problem
386,玉米,yù mǐ,corn,1,1,玉,jade,米,rice,,,,,我喜欢吃烤玉米,wǒ xǐ huān chī kǎo yù mǐ,I like to eat roasted corn
387,语气,yǔ qì,tone;mood,1,2,语,language,气,air,,,,,他的语气很温柔,Tā de yǔqì hěn wēnróu,His tone is gentle
388,鱼丸,yú wán,fish ball,1,2,鱼,fish,丸,pill,,,,,鱼丸汤很好喝,yú wán tāng hěn hǎo hē,fish ball soup is very tasty
389,语言,yǔ yán,language,1,,-,,,,,,,,学习一门新的语言需要时间和耐心,xué xí yī mén xīn de yǔ yán xū yào shí jiān hé nài xīn,learning a new language takes time and patience
390,缘分,yuán fèn,fate,1,3,边缘,edge;marginal,分,piece,,,,,我们见面是缘分,Wǒmen jiànmiàn shì yuánfèn,It was fate we met
391,月饼,yuè bǐng,mooncake,1,3,月,moon,饼,cake,,,,,中秋节我们吃月饼,zhōng qiū jié wǒ men chī yuè bǐng,we eat mooncakes during the Mid Autumn Festival
392,月初,yuè chū,start of the month,1,3,月,month,初,beginning,,,,,我们月初见吧,Wǒmen yuèchū jiàn ba,Let's meet at the start of the month
393,月底,yuè dǐ,end of the month,1,3,月,month,底,bottom,,,,,月底工资就发了,Yuèdǐ gōngzī jiù fā le,Salary comes at the end of the month
394,月中,yuè zhōng,mid-month,1,3,月,month,中,center,,,,,工资一般在月中发放,gōng zī yī bān zài yuè zhōng fā fàng,salary is usually paid in the middle of the month
395,云,yún,cloud,1,,-,,,,,,,,天上的云看起来像一只羊,tiān shàng de yún kàn qǐ lái xiàng yì zhī yáng,The clouds in the sky look like a sheep
396,运动员,yùn dòng yuán,athlete,1,2,运动,sports,员,member,,,,,他是一名篮球运动员,tā shì yī míng lán qiú yùn dòng yuán,he is a basketball player
397,运气,yùn qì,luck,1,3,幸运,lucky,气,air,,,,,今天我运气真好,Jīntiān wǒ yùnqì zhēn hǎo,My luck is really good today
398,暂停,zàn tíng,pause;to suspend,1,2,暂时,temporary,停,stop,,,,,节目暂停播放了,Jiémù zàntíng bòfàng le,The program has been paused
399,脏,zàng,dirty,1,,-,,,,,,,,这件衣服太脏了快去洗吧,Zhè jiàn yīfú tài zāng le kuài qù xǐ ba,This piece of clothing is too dirty go wash it
400,早高峰,zǎo gāo fēng,morning rush hour,1,2,早,morning,高,high,峰,peak,,,早高峰地铁很挤,Zǎo gāofēng dìtiě hěn jǐ,The subway is crowded during rush hour
401,诈骗,zhà piàn,scam,1,,-,,,,,,,,他被骗了,Tā bèi piàn le,He was scammed
402,窄,zhǎi,narrow,1,,-,,,,,,,,这个走廊太窄了,zhè gè zǒu láng tài zhǎi le,this corridor is too narrow
403,战争,zhàn zhēng,war,1,,-,,,,,,,,他们正在学习二战的历史,Tāmen zhèngzài xuéxí èr zhàn de lìshǐ,They are studying the history of World War II
404,长大,zhǎng dà,to grow up,1,2,增长,to grow,大,big,,,,,孩子们都长大了,hái zi men dōu zhǎng dà le,The children have all grown up
405,账户,zhàng hù,bank account;online account,1,3,账单,bill,用户,user,,,,,我的账户有问题,Wǒ de zhànghù yǒu wèntí,My account has a problem
406,正常,zhèng ​cháng,normal,1,,-,,,,,,,,一切都很正常,Yīqiè dōu hěn zhèngcháng,Everything is normal
407,症状,zhèng zhuàng,symptom,1,1,症,disease,状态,state,,,,,他感冒的症状是流鼻涕和咳嗽。,Tā gǎnmào de zhèngzhuàng shì liú bítì hé késou.,His cold symptoms are a runny nose and cough.
408,纸,zhǐ,paper,1,,-,,,,,,,,他在纸上写下了她的名字,tā zài zhǐ shàng xiě xià le tā de míng zì,he wrote her name on the paper
409,值得,zhí dé,to be worth;deserve,1,2,值,value,得,to get,,,,,这个博物馆很值得一去,Zhège bówùguǎn hěn zhídé yī qù,This museum is worth visiting
410,支付宝,zhī fù bǎo,Chinese PayPal,1,3,支付,to pay,宝宝,baby,,,,,我们用支付宝付了外卖钱,wǒmen yòng zhīfùbǎo fùle wàimài qián,We used Alipay to pay for takeout
411,纸巾,zhǐ jīn,tissue,1,1,纸,paper,巾,towel,,,,,你能给我一张纸巾吗,Nǐ néng gěi wǒ yī zhāng zhǐjīn ma,Can you give me a tissue
412,之类,zhī lèi,and so on,1,3,之一,one of,类,type,,,,,他买了水果之类的东西,Tā mǎi le shuǐguǒ zhīlèi de dōngxi,He bought fruit and stuff
413,至少,zhì shǎo,at least,1,3,至,until,少,few,,,,,今天至少要完成一半,Jīntiān zhìshǎo yào wánchéng yībàn,We need to finish at least half today
414,芝士,zhī shì,cheese,1,,-,,,,,,,,我点了一份芝士汉堡,Wǒ diǎn le yī fèn zhīshì hànbǎo,I ordered a cheeseburger
415,中国,zhōng guó,China,1,1,中,middle,国,country,,,,,我明年想去中国旅游,wǒ míng nián xiǎng qù zhōng guó lǚ yóu,I want to travel to China next year
416,周末,zhōu mò,weekend,1,3,周,week,末,latter part,,,,,周末我喜欢睡懒觉,zhōu mò wǒ xǐ huān shuì lǎn jiào,I like to sleep in on weekends
417,周一,zhōu yī,monday,1,1,周,week,一,one,,,,,我们周一见面,wǒ men zhōu yī jiàn miàn,we will meet on Monday
418,专业,zhuān yè,major;specialty,1,2,专家,expert,业,industry,,,,,她的专业是数据科学,tā de zhuān yè shì shù jù kē xué,her major is data science
419,紫,zǐ,purple,1,,-,,,,,,,,她喜欢紫色的花,tā xǐ huan zǐ sè de huā,She likes purple flowers
420,自动,zì dòng,automatic,1,1,自,self,运动,to move,,,,,灯会在天黑的时候自动亮起,Dēng huì zài tiānhēi de shíhòu zìdòng liàngqǐ,The light turns on automatically when it gets dark
421,字幕,zì mù,subtitle;caption,1,1,字,character,屏幕,screen,,,,,我喜欢开中文字幕,Wǒ xǐhuān kāi zhōngwén zìmù,I like to turn on Chinese subtitles
422,自行车,zì xíng chē,bicycle,1,1,自,self,行,walk,车,vehicle,,,她每天骑自行车上学,tā měi tiān qí zì xíng chē shàng xué,she rides a bicycle to school every day
423,棕,zōng,brown,1,,-,,,,,,,,棕色的皮鞋很经典,zōng sè de pí xié hěn jīng diǎn,Brown leather shoes are classic
424,宗教,zōng jiào,religion,1,,-,,,,,,,,他研究宗教,Tā yánjiū zōngjiào,He studies religion
425,总统,zǒng tǒng,president,1,3,总是,always,系统,system,,,,,总统正在发表演讲,zǒng tǒng zhèng zài fā biǎo yǎn jiǎng,the president is giving a speech
426,组合,zǔ hé,combination,1,2,组,set,合适,suitable,,,,,这个组合在比赛中获得了第一名。,Zhège zǔhé zài bǐsài zhōng huòdé le dì yī míng.,This group won first place in the competition.
427,爱国,ài guó,patriotic,2,1,爱,love,国家,country,,,,,爱国是一种责任,Àiguó shì yī zhǒng zérèn,Patriotism is a responsibility
428,癌症,ái zhèng,cancer,2,,,,,,,,,,他正在与癌症作斗争,Tā zhèngzài yǔ áizhèng zuò dòuzhēng,He is fighting cancer
429,按,àn,to press,2,,-,,,,,,,,请按这个按钮。,qǐng àn zhè gè àn niǔ,Please press this button.
430,按摩,àn mó,massage,2,2,按,to press,摩,to rub,,,,,她去做了一个按摩,Tā qù zuò le yī gè ànmó,She went to get a massage
431,按钮,àn niǔ,(push) button,2,4,按,push,钮扣,buttons,,,,,按下这个按钮即可操作,àn xià zhè gè àn niǔ jí kě cāo zuò,press this button to operate
432,安排,ān pái,to arrange;plans,2,2,安,safe,排,row,,,,,老师安排了明天的考试,Lǎoshī ānpái le míngtiān de kǎoshì,The teacher scheduled tomorrow’s exam
433,安慰,ān wèi,to comfort,2,4,安,safety,慰问,condolences,,,,,他安慰了哭泣的朋友,Tā ānwèi le kūqì de péngyǒu,He comforted his crying friend
434,安装,ān zhuāng,install,2,2,安,safe,装,dress,,,,,工人正在安装新空调,Gōngrén zhèngzài ānzhuāng xīn kōngtiáo,The workers are installing a new air conditioner
435,安卓系统,ān zhuó xì tǒng,Android system,2,3,安,safe,卓越,excellence,系统,system,,,我的手机是安卓系统,wǒ de shǒujī shì Ānzhuó xìtǒng,My phone uses Android system
436,巴黎,bā lí,Paris,2,,-,,,,,,,,巴黎有很多博物馆,bā lí yǒu hěn duō bó wù guǎn,paris has many museums
437,把手,bǎ shǒu,handle,2,1,把,to hold,手,hand,,,,,门的把手坏了,Mén de bǎshǒu huài le,The door handle is broken
438,白菜,bái cài,Chinese cabbage,2,2,白,white,菜,vegetable,,,,,今天的白菜特别新鲜,Jīntiān de báicài tèbié xīnxiān,Today the Chinese cabbage is very fresh
439,百度,bǎi dù,Chinese Google Search,2,4,百,hundred,度,degree,,,,,我在百度上搜了一下,wǒ zài bǎi dù shàng sōu le yī xià,I searched it on Baidu
440,百分之五十,bǎi fēn zhī wǔ shí,Fifty percent,2,,,,,,,,,,成功的机会是百分之五十,Chénggōng de jīhuì shì bǎi fēn zhī wǔshí,The chance of success is fifty percent
441,白酒,bái jiǔ,Chinese liquor,2,2,白,white,酒,alcohol,,,,,白酒常在宴会上出现,bái jiǔ cháng zài yàn huì shàng chū xiàn,baijiu often appears at banquets
442,白天,bái tiān,daytime,2,1,白,white,天,day,,,,,白天很热晚上比较凉快,Báitiān hěn rè wǎnshàng bǐjiào liángkuai,It is hot in the daytime and cooler at night
443,百万,bǎi wàn,million,2,3,百,hundred,万,ten thousand,,,,,他中了彩票奖金是百万,Tā zhòng le cǎipiào jiǎngjīn shì bǎiwàn,He won a million from the lottery
444,百香果,bǎi xiāng guǒ,passionfruit,2,3,百,hundred,香,fragrant,果,fruit,,,果汁里加了百香果,Guǒzhī lǐ jiā le bǎixiāngguǒ,Passion fruit was added to the juice
445,拌,bàn,mix,2,,-,,,,,,,,凉菜要拌均匀。,liáng cài yào bàn jūn yún.,cold dishes should be mixed evenly.
446,搬家,bān jiā,to move (home),2,4,搬,to move;relocate,家,house,,,,,下个月我们要搬家,xià gè yuè wǒ men yào bān jiā,we are moving next month
447,伴侣,bàn lǚ,companion;partner,2,,,,,,,,,,无论发生什么，他的伴侣都会支持他。,wúlùn fāshēng shénme tā de bànlǚ dūhuì zhīchí tā,"No matter what happens, his partner will support him."
448,斑马线,bān mǎ xiàn,crosswalk,2,2,斑,spotted;striped,马,horse,线,line,,,请走斑马线过马路,qǐng zǒu bān mǎ xiàn guò mǎ lù,Please use the crosswalk to cross the street
449,半夜,bàn yè,midnight,2,2,半,half,夜,night,,,,,我半夜常常会醒来,Wǒ bànyè chángcháng huì xǐnglái,I often wake up in the middle of the night
450,薄,báo,thin,2,,,,,,,,,,外套太薄了冬天穿会冷,wài tào tài báo le dōng tiān chuān huì lěng,The coat is too thin you'll be cold in winter
451,保持,bǎo chí,to keep;maintain;preserve,2,3,保,protect,支持,to support,,,,,请保持安静,Qǐng bǎochí ānjìng,Please stay quiet
452,爆红,bào hóng,go viral,2,2,爆,to explode,网红,influencer,,,,,这首歌突然爆红了,Zhè shǒu gē tūrán bàohóng le,This song suddenly became very popular
453,爆米花,bào mǐ huā,popcorn,2,1,爆,to explode,米,rice,花,flower,,,看电影要吃爆米花,Kàn diànyǐng yào chī bàomǐhuā,You need popcorn when watching a movie
454,保守,bǎo shǒu,conservative,2,3,保,to protect,守,to guard,,,,,他的穿着很保守,Tā de chuānzhuó hěn bǎoshǒu,His clothing is very conservative
455,包邮,bāo yóu,free shipping,2,3,包括,to include,邮件,mail,,,,,今天满一百包邮,Jīntiān mǎn yībǎi bāoyóu,Orders over one hundred ship free today
456,抱怨,bào yuàn,to complain,2,2,抱,to embrace,怨恨,resentment,,,,,他总是抱怨工作太累,Tā zǒng shì bàoyuàn gōngzuò tài lèi,He always complains that work is too tiring
457,保质期,bǎo zhì qī,expiration date;shelf life,2,2,保护,protect,质量,quality,期,period of time,,,牛奶的保质期快到了,Niúnǎi de bǎozhìqī kuài dàole,The milk is about to expire
458,笨笨的,bèn bèn de,silly;stupid,2,,-,,,,,,,,小狗走路笨笨的,Xiǎo gǒu zǒulù bènbèn de,The puppy walks clumsily
459,本科,běn kē,Bachelor's degree,2,3,本,root;classifier for books,科目,subject,,,,,我在北京读本科,Wǒ zài Běijīng dú běnkē,I study for a bachelor's degree in Beijing
460,彼此,bǐ cǐ,each other,2,,,,,,,,,,我们要彼此支持,wǒ men yào bǐ cǐ zhī chí,We should support each other
461,笔记本电脑,bǐ jì běn diàn nǎo,laptop,2,2,笔记本,notebook,电脑,computer,,,,,她买了一台新笔记本电脑,Tā mǎi le yī tái xīn bǐjìběn diànnǎo,She bought a new laptop
462,比例,bǐ lì,proportion,2,3,比,to compare,例子,example,,,,,男女人数的比例差不多,Nán nǚ rénshù de bǐlì chàbuduō,The ratio of men to women is about the same
463,比率,bǐ lǜ,rate,2,,-,,,,,,,,这两个数字的比率是多少？,Zhè liǎng gè shùzì de bǐlǜ shì duōshǎo?,What is the ratio of these two numbers?
464,避免,bì miǎn,avoid;avert,2,,-,,,,,,,,为了避免错误 他仔细检查了,Wèile bìmiǎn cuòwù tā zǐxì jiǎnchá le,To avoid mistakes he checked carefully
465,比赛,bǐ sài,competition;match,2,,,,,,,,,,这场比赛非常激烈,zhè chǎng bǐ sài fēi cháng jī liè,The competition was very intense
466,比亚迪,bǐ yà dí,BYD,2,,,,,,,,,,比亚迪的新能源汽车很受欢迎,bǐ yà dí de xīn néng yuán qì chē hěn shòu huān yíng,BYD’s new energy cars are very popular
467,变成,biàn chéng,to turn into,2,,,,,,,,,,雨水变成了雪,yǔ shuǐ biàn chéng le xuě,The rain turned into snow
468,变态,biàn tài,abnormal;pervert,2,3,变,change,态度,manner,,,,,他是个很变态的人,Tā shì gè hěn biàntài de rén,He is a very perverted person
469,标签,biāo qiān,label;hashtag,2,3,标志,sign,签名,to sign one's name,,,,,请给文件加上标签方便查找,qǐng gěi wén jiàn jiā shàng biāo qiān fāng biàn chá zhǎo,Please add a label to the file for easy searching
470,标志,biāo zhì,sign,2,,,,,,,,,,这个标志表示禁止停车,zhè gè biāo zhì biǎo shì jìn zhǐ tíng chē,This sign means no parking
471,病毒,bìng dú,virus,2,2,病,illness,毒,poison,,,,,这种病毒对老人很危险,Zhè zhǒng bìngdú duì lǎorén hěn wēixiǎn,This virus is dangerous to the elderly
472,饼干,bǐng gān,biscuit;cookie,2,2,饼,cake,干,dry,,,,,她给我一块饼干,Tā gěi wǒ yī kuài bǐnggān,She gave me a cookie
473,冰柜,bīng guì,freezer,2,1,冰,ice,柜,cabinet,,,,,冰柜里有很多冰淇淋,bīng guì lǐ yǒu hěn duō bīng qí lín,there’s a lot of ice cream in the freezer
474,兵马俑,bīng mǎ yǒng,Terracotta Army,2,3,士兵,soldier,马,horse,俑, figure buried with the dead,,,兵马俑展示了秦朝的军事实力。,bīng mǎ yǒng zhǎn shì le qín cháo de jūn shì shí lì,The Terracotta Warriors show the military power of the Qin dynasty.
475,冰沙,bīng shā,smoothie;slushie,2,1,冰,ice,沙,sand,,,,,她喜欢喝芒果冰沙,Tā xǐhuān hē mángguǒ bīngshā,She likes to drink mango smoothies
476,博客,bó kè,blog,2,,,,,,,,,,他在写旅行博客,Tā zài xiě lǚxíng bókè,He is writing a travel blog
477,播客,bò kè,podcast,2,3,播,to broadcast,客,guest,,,,,我喜欢听英语播客,Wǒ xǐhuān tīng Yīngyǔ bōkè,I like listening to English podcasts
478,玻璃,bō lí,glass,2,,,,,,,,,,小心玻璃碎片,xiaoxin boli suipian,Be careful of broken glass
479,菠萝,bō luó,pineapple,2,3,菠菜,spinach,萝,radish,,,,,我喜欢菠萝的味道,Wǒ xǐhuān bōluó de wèidào,I like the taste of pineapple
480,菠萝蜜,bō luó mì,jackfruit,2,2,菠萝,pineapple,蜜,honey,,,,,菠萝蜜味道很甜,Bōluómì wèidào hěn tián,Jackfruit tastes very sweet
481,博士,bó shì,PhD,2,3,博,plentiful,士,scholar,,,,,她是物理学博士,Tā shì wùlǐxué bóshì,She is a PhD in physics
482,脖子,bó zi,neck,2,,-,,,,,,,,他的脖子有点酸。,tā de bó zi yǒu diǎn suān.,his neck feels sore.
483,不如,bù rú,not as good as,2,3,不,not,比如,for example,,,,,这家餐厅不如那家好吃,zhè jiā cān tīng bù rú nà jiā hǎo chī,this restaurant is not as good as that one
484,补贴,bǔ tiē,subsidy,2,3,补偿,to compensate,贴,stick;paste,,,,,公司给员工交通补贴,gōngsī gěi yuángōng jiāotōng bǔtiē,the company gives transportation subsidies to employees
485,擦,cā,wipe,2,,-,,,,,,,,他用毛巾擦脸。,tā yòng máojīn cā liǎn,He wipes his face with a towel.
486,猜对,cāi duì,to guess correctly,2,,,,,,,,,,你猜对了答案,nǐ cāi duì le dá àn,You guessed the right answer
487,彩虹,cǎi hóng,rainbow,2,,,,,,,,,,雨后天上出现了一道彩虹,yǔ hòu tiān shàng chū xiàn le yī dào cǎi hóng,a rainbow appeared in the sky after the rain
488,彩礼,cǎi lǐ,bride price,2,2,精彩,wonderful (content),礼物,gift,,,,,在一些地方结婚需要彩礼,Zài yīxiē dìfāng jiéhūn xūyào cǎilǐ,In some places a bride price is required for marriage
489,才能,cái néng,talent,2,1,才,just,能,can,,,,,她有唱歌的才能,Tā yǒu chànggē de cáinéng,She has a talent for singing
490,彩票,cǎi piào,lottery ticket,2,2,彩虹,rainbow,票,ticket,,,,,他中了大奖的彩票,Tā zhòng le dàjiǎng de cǎipiào,He won the lottery ticket
491,裁员,cái yuán,layoff,2,2,裁,to cut out,员,staff,,,,,公司因为经济危机不得不裁员,Gōngsī yīnwèi jīngjì wēijī bùdé bù cáiyuán,The company had to lay off employees due to the economic crisis
492,餐具,cān jù,utensils,2,1,餐,meal,具,tool,,,,,请把餐具放在桌子上,Qǐng bǎ cānjù fàng zài zhuōzi shàng,Please put the utensils on the table
493,仓库,cāng kù,warehouse,2,,,,,,,,,,货物在仓库里,Huòwù zài cāngkù lǐ,The goods are in the warehouse
494,厕所,cè suǒ,toilet,2,,-,,,,,,,,厕所在哪里?,Cèsuǒ zài nǎlǐ?,Where is the toilet?
495,厕纸,cè zhǐ,toilet paper,2,4,厕所,toilet,纸,paper,,,,,厕纸用完了去买一些,Cèzhǐ yòng wán le qù mǎi yīxiē,The toilet paper is gone buy some more
496,差不多,chà bù duō,almost;more or less,2,3,差异,difference,不,no,多,much,,,我们俩的想法差不多,Wǒmen liǎ de xiǎngfǎ chàbuduō,Our ideas are pretty much the same
497,差点儿,chà diǎn er,almost,2,2,差,lacking,点,bit,儿,Beijing er,,,我差点儿错过了火车,Wǒ chàdiǎnr cuòguò le huǒchē,I almost missed the train
498,差距,chā jù,gap,2,3,差,to differ,距离,distance,,,,,城乡之间有很大差距,Chéngxiāng zhī jiān yǒu hěn dà chājù,There is a big gap between cities and countryside
499,插头,chā tóu,plug,2,2,插,to insert,头,head,,,,,插头坏了,chātóu huài le,The plug is broken
500,叉子,chā zǐ,fork,2,,-,,,,,,,,这把叉子有点弯,Zhè bǎ chāzi yǒudiǎn wān,This fork is a bit bent
501,插座,chā zuò,socket,2,2,插入,to insert,座,seat,,,,,插座坏了需要修理,Chāzuò huài le xūyào xiūlǐ,The socket is broken and needs repair
502,常常,cháng​ cháng,frequent,2,,,,,,,,,,他常常迟到,Tā chángcháng chídào,He is often late
503,长江,cháng jiāng,Yangtze River,2,4,长,long,江,large river,,,,,长江是中国最长的河流。,cháng jiāng shì zhōng guó zuì cháng de hé liú,The Yangtze River is the longest river in China.
504,长期,cháng qí,long-term,2,3,长,long,期,period of time,,,,,他长期住在北京,Tā chángqī zhù zài Běijīng,He has lived in Beijing long-term
505,长袖,cháng xiù,long sleeves,2,4,长,long,袖,sleeve,,,,,今天要穿长袖,Jīntiān yào chuān chángxiù,You should wear long sleeves today
506,长椅,cháng yǐ,bench (with back),2,1,长,long,椅子,chair,,,,,公园里有很多长椅。,gōngyuán lǐ yǒu hěn duō chángyǐ,There are many benches in the park.
507,吵,chǎo,noisy,2,,,,,,,,,,楼上又开始吵了,Lóu shàng yòu kāishǐ chǎo le,Upstairs started arguing again
508,炒,chǎo,stir-fry,2,,-,,,,,,,,我用大火炒菜。,wǒ yòng dà huǒ chǎo cài.,i stir-fry dishes over high heat.
509,潮湿,cháo shī,humid,2,,,,,,,,,,这里的天气很潮湿,Zhèlǐ de tiānqì hěn cháoshī,The weather here is very humid
510,车库,chē kù,garage,2,1,车,car,库,warehouse,,,,,车停在车库里很安全,Chē tíng zài chēkù lǐ hěn ānquán,Parking the car in the garage is safe
511,车牌,chē pái,license plate,2,2,车,car,牌,sign,,,,,我记下了那辆车的车牌号码,Wǒ jì xià le nà liàng chē de chēpái hàomǎ,I wrote down the car's license plate number
512,车位,chē wèi,parking space,2,3,车,car,位,position,,,,,这里没有空车位了,Zhèlǐ méiyǒu kòng chēwèi le,There are no empty parking spaces here
513,沉迷于,chén mí yú,addicted to,2,2,沉没,to sink,迷路,to lose the way,关于,pertaining to,,,他沉迷于手机游戏,Tā chénmí yú shǒujī yóuxì,He is addicted to mobile games
514,成分,chéng fèn,ingredients,2,3,完成,to complete,分,part,,,,,这种药的成分很天然,Zhè zhǒng yào de chéngfèn hěn tiānrán,The ingredients of this medicine are very natural
515,成人,chéng rén,adult,2,3,成为,to become,人,person,,,,,他已经是成人了，需要为自己的选择负责。,"tā yǐ jīng shì chéng rén le, xū yào wèi zì jǐ de xuǎn zé fù zé",He is already an adult and needs to take responsibility for his choices.
516,成熟,chéng shú,ripen;mature,2,2,成为,to become,熟悉,familiar;know well,,,,,这些香蕉已经成熟了,zhè xiē xiāng jiāo yǐ jīng chéng shú le,these bananas are already ripe
517,成都,Chéngdū,Chengdu,2,3,成功,success,首都,capital,,,,,成都是大熊猫的故乡,Chéngdū shì dà xióng māo de gù xiāng,Chengdu is the hometown of giant pandas
518,持怀疑态度,chí huái yí tài dù,skeptical,2,2,保持,to maintain,怀疑,to doubt,态度,attitude,,,我对这个消息持怀疑态度,Wǒ duì zhège xiāoxi chí huáiyí tàidù,I am skeptical about this news
519,重启,chóng qǐ,restart (phone),2,3,重新,again,启动,to start up,,,,,电脑重启后运行更快了,diàn nǎo chóng qǐ hòu yùn xíng gèng kuài le,The computer ran faster after restarting
520,重庆,Chóngqìng,Chongqing,2,3,重,to repeat,庆祝,to celebrate,,,,,重庆以火锅和山城风景闻名,Chóngqìng yǐ huǒ guō hé shān chéng fēng jǐng wén míng,Chongqing is famous for hotpot and its mountainous cityscape
521,臭豆腐,chòu dòu fu,stinky tofu,2,5,臭,bad smell,豆腐,tofu,,,,,臭豆腐闻起来臭吃起来香,chòu dòu fu wén qǐ lái chòu chī qǐ lái xiāng,stinky tofu smells bad but tastes good
522,抽屉,chōu tì,drawer,2,,,,,,,,,,钥匙在抽屉里,Yàoshi zài chōuti lǐ,The key is in the drawer
523,抽象,chōu xiàng,abstract,2,1,抽烟,to smoke,象,elephant,,,,,这个画很抽象,Zhège huà hěn chōuxiàng,This painting is very abstract
524,出发,chū fā,to set off;depart,2,3,出,to go out,发,to send out,,,,,我们几点出发,Wǒmen jǐ diǎn chūfā,What time do we leave
525,厨房,chú fáng,kitchen,2,,,,,,,,,,厨房里飘出阵阵香味,chú fáng lǐ piāo chū zhèn zhèn xiāng wèi,Delicious smells came from the kitchen
526,除非,chú fēi,unless;only if,2,4,除了,except,非,not,,,,,我不会去除非你也一起,wǒ bú huì qù chú fēi nǐ yě yì qǐ,I won’t go unless you come with me
527,出汗,chū hàn,to sweat,2,3,出,go out,汗,sweat,,,,,运动时会大量出汗,Yùndòng shí huì dàliàng chūhàn,You sweat a lot when exercising
528,处理,chǔ lǐ,to handle,2,,,,,,,,,,这个问题我来处理,zhè gè wèn tí wǒ lái chǔ lǐ,I will handle this problem
529,出名,chū míng,famous,2,2,出,to go out,名,name,,,,,他因为短视频很快出名,Tā yīnwèi duǎn shìpín hěn kuài chūmíng,He became famous quickly because of short videos
530,储物柜,chǔ wù guì,locker,2,1,储存,to store,物,thing,柜,cabinet,,,请把包放进储物柜,qǐng bǎ bāo fàng jìn chǔ wù guì,Please put your bag in the locker
531,床垫,chuáng diàn,mattress,2,2,床,bed,垫,pad,,,,,床垫很软,chuángdiàn hěn ruǎn,The mattress is very soft
532,窗帘,chuāng lián,window curtains,2,3,窗户,window,帘子,curtain,,,,,请把窗帘拉上,Qǐng bǎ chuānglián lā shàng,Please pull the curtains closed
533,创始人,chuàng shǐ rén,founder;creator,2,2,创造,to create,开始,to start,人,person,,,他是公司的创始人,Tā shì gōngsī de chuàngshǐrén,He is the company’s founder
534,吹风机,chuī fēng jī,hair dryer,2,1,吹,blow,风,wind,机,machine,,,吹风机坏了,Chuīfēngjī huài le,The hair dryer is broken
535,纯,chún,pure,2,,,,,,,,,,这件衣服是纯棉,Zhè jiàn yīfu shì chúnmián,This piece of clothing is pure cotton
536,春节,chūn jié,Spring Festival,2,4,春天,spring,节日,festival,,,,,春节我们回家过年。,chūn jié wǒ men huí jiā guò nián.,We go home for Spring Festival.
537,催,cuī,to urge;hurry,2,,,,,,,,,,妈妈一直催我结婚。,māma yīzhí cuī wǒ jiéhūn.,My mom keeps urging me to get married.
538,脆弱,cuì ruò,fragile,2,2,脆,crispy,弱,weak,,,,,小花很脆弱要小心照顾,xiǎo huā hěn cuì ruò yào xiǎo xīn zhào gù,the little flower is fragile and needs care
539,大便,dà biàn,to poop,2,2,大,big,方便,convenient,,,,,他每天早上准时大便,Tā měitiān zǎoshang zhǔnshí dàbiàn,He has a bowel movement every morning on time
540,大部分,dà bù fèn,most,2,2,大,big,部分,part,,,,,大部分学生都通过了考试,Dà bùfèn xuéshēng dōu tōngguò le kǎoshì,Most of the students passed the exam
541,打错,dǎ cuò,to mistype;dial wrong,2,,,,,,,,,,我打错号码了,wǒ dǎ cuò hào mǎ le,I dialed the wrong number
542,大多数,dà duō shù,majority,2,3,大,big,多,many,数,number,,,大多数人都喜欢喝茶,Dàduōshù rén dōu xǐhuān hē chá,Most people like drinking tea
543,大概,dà gài,probably,2,3,大,big,概念,concept,,,,,他大概晚上七点到,Tā dàgài wǎnshàng qī diǎn dào,He will probably arrive around 7 p.m.
544,打嗝,dǎ gé,burp;hiccup,2,,,,,,,,,,他吃完饭一直打嗝,Tā chī wán fàn yīzhí dǎgé,He kept hiccuping after eating
545,打哈欠,dǎ hā qian,to yawn,2,3,打开,to open,哈,ha,欠,to owe,,,小猫不停打哈欠。,xiǎo māo bù tíng dǎ hā qian.,The kitten keeps yawning.
546,打鼾,dǎ hān,to snore,2,,,,,,,,,,他睡觉的时候总是打鼾,tā shuì jiào de shí hòu zǒng shì dǎ hān,He always snores when he sleeps
547,打火机,dǎ huǒ jī,lighter,2,2,打,to hit,火,fire,机,machine,,,他用打火机点燃了蜡烛,Tā yòng dǎhuǒjī diǎnrán le làzhú,He lit the candle with a lighter
548,打卡,dǎ kǎ,check in,2,4,打,hit,卡,card,,,,,我们去新开的咖啡馆打卡了,dǎ kǎ wǒ men qù xīn kāi de kā fēi guǎn dǎ kǎ le,we checked in at the newly opened coffee shop
549,打开,dǎ kāi,to open,2,,,,,,,,,,请打开窗户透透气,qǐng dǎ kāi chuāng hu tòu tòu qì,Please open the window for some fresh air
550,大声,dà shēng,loud,2,1,大,big,声,voice,,,,,请不要大声说话,Qǐng búyào dàshēng shuōhuà,Please do not speak loudly
551,大声说话,dà shēng shuō huà,speak loudly,2,4,大,big,声音,voice,说话,talk,,,在图书馆不要大声说话,Zài túshūguǎn búyào dàshēng shuōhuà,Do not speak loudly in the library
552,大使馆,dà shǐ guǎn,embassy,2,2,大使,ambassador,馆,public building,,,,,你需要去大使馆办理签证,Nǐ xūyào qù dàshǐguǎn bànlǐ qiānzhèng,You need to go to the embassy to apply for a visa
553,大堂,dà táng,lobby,2,2,大,big,堂,hall,,,,,我们在酒店大堂等你,Wǒmen zài jiǔdiàn dàtáng děng nǐ,We’ll wait for you in the hotel lobby
554,大象,dà xiàng,elephant,2,,-,,,,,,,,大象的记忆力很好。,dà xiàng de jì yì lì hěn hǎo.,elephants have very good memories.
555,大小,dà xiǎo,size,2,2,大,big,小,small,,,,,请告诉我鞋子的大小,Qǐng gàosù wǒ xiézi de dàxiǎo,Please tell me the shoe size
556,大写,dà xiě,capitalize,2,1,大,big,写,write,,,,,请用大写字母写名字,Qǐng yòng dàxiě zìmǔ xiě míngzì,Please write your name in capital letters
557,大衣,dà yī,coat,2,2,大,big,衣,clothes,,,,,我冬天喜欢穿厚大衣,Wǒ dōngtiān xǐhuān chuān hòu dàyī,I like to wear thick coats in winter
558,待,dài,stay;wait,2,,-,,,,,,,,今天我在家待着,Jīntiān wǒ zài jiā dāizhe,I am staying at home today
559,带,dài,carry;bring,2,,-,,,,,,,,出门要带雨伞,Chūmén yào dài yǔsǎn,Bring an umbrella when you go out
560,戴,dài,wear (item),2,,-,,,,,,,,出门记得戴口罩,Chūmén jìdé dài kǒuzhào,Remember to wear a mask when going out
561,待办,dài bàn,to do,2,3,期待,await,办法,means,,,,,今天的待办已经完成一半了,jīn tiān de dài bàn yǐ jīng wán chéng yí bàn le,Half of today’s to do list is already done
562,代表,dài biǎo,representative;delegate;represents,2,2,代,generation,表现,to show,,,,,她是公司的代表,Tā shì gōngsī de dàibiǎo,She is the company’s representative
563,代码,dài mǎ,(computer) code,2,1,代表,to represent,号码,number,,,,,我今天写了两千行代码,wǒ jīn tiān xiě le liǎng qiān háng dài mǎ,I wrote two thousand lines of code today
564,代替,dài tì,replace,2,,,,,,,,,,用蜂蜜代替白糖,Yòng fēngmì dàitì báitáng,Use honey instead of sugar
565,带走,dài zǒu,to take away,2,2,带,to bring,走,walk,,,,,我想把这杯奶茶带走,wǒ xiǎng bǎ zhè bēi nǎi chá dài zǒu,I want to take this cup of milk tea to go
566,蛋白质,dàn bái zhí,protein (in food),2,3,蛋,egg,白,white,质量,quality,,,鸡蛋里有丰富的蛋白质,Jīdàn lǐ yǒu fēngfù de dànbáizhì,Eggs contain a lot of protein
567,蛋黄,dàn huáng,yolk,2,2,蛋,egg,黄,yellow,,,,,蛋黄比蛋白更有营养,Dànhuáng bǐ dànbái gèng yǒu yíngyǎng,The egg yolk is more nutritious than the egg white
568,单身,dān shēn,single;unmarried,2,2,单,single,身,body,,,,,她单身已经两年了,Tā dānshēn yǐjīng liǎng nián le,She has been single for two years
569,蛋挞,dàn tà,egg tart,2,3,蛋,egg,挞,tart,,,,,我买了一盒蛋挞,Wǒ mǎi le yī hé dàntà,I bought a box of egg tarts
570,当代,dāng dài,contemporary;present,2,2,当时,at that time,时代,era,,,,,他是当代作家,Tā shì dāngdài zuòjiā,He is a contemporary writer
571,当前,dāng qián,current;present,2,4,当时,at that time,前,before,,,,,我们要解决当前的问题,Wǒmen yào jiějué dāngqián de wèntí,We need to solve the current problem
572,党员,dǎng yuán,party member,2,3,党,political party,员,member,,,,,他是一名共产党员,Tā shì yī míng gòngchǎn dǎngyuán,He is a Communist Party member
573,刀叉,dāo chā,knife and fork,2,4,刀,knife,叉,fork,,,,,西餐常用刀叉,xī cān cháng yòng dāo chā,knives and forks are common in Western meals
574,到期了,dào qí le,expired,2,,,,,,,,,,租房到期了,Zūfáng dàoqī le,The lease is up
575,导游,dǎo yóu,tour guide,2,3,导,guide,旅游,tourism,,,,,导游很幽默,Dǎoyóu hěn yōumò,The tour guide is very funny
576,刀子,dāo zǐ,knife,2,,-,,,,,,,,刀子要小心使用,Dāozi yào xiǎoxīn shǐyòng,Use the knife carefully
577,得,dé,have to,2,,-,,,,,,,,他跑得很快,Tā pǎo de hěn kuài,He runs very fast
578,德国,dé guó,Germany,2,3,道德,virtue,国,country,,,,,我朋友住在德国,Wǒ péngyǒu zhù zài Déguó,My friend lives in Germany
579,德语,dé yǔ,german language,2,4,德国,Germany,语言,language,,,,,德语语法比较复杂。,dé yǔ yǔ fǎ bǐ jiào fù zá.,german grammar is relatively complex.
580,德州,dé zhōu,Texas,2,4,德克薩斯,Texas,州,state,,,,,德州的牛排很有名,dé zhōu de niú pái hěn yǒu míng,steak in texas is famous
581,等待时间,děng dài shí jiān,waiting time,2,,,,,,,,,,等待时间比我想的短,Děngdài shíjiān bǐ wǒ xiǎng de duǎn,The wait time is shorter than I expected
582,等等,děng děng,etc.,2,,-,,,,,,,,我买了苹果香蕉等等,Wǒ mǎi le píngguǒ xiāngjiāo děngděng,I bought apples bananas and so on
583,登记,dēng jì,registration,2,,-,,,,,,,,请在前台登记一下,Qǐng zài qiántái dēngjì yīxià,Please register at the front desk
584,灯笼,dēng lóng,lantern,2,2,灯,lamp,笼,cage,,,,,门口挂着红灯笼,Ménkǒu guàzhe hóng dēnglóng,Red lanterns hang at the door
585,灯笼椒,dēng lóng jiāo,bell pepper,2,2,灯笼,lantern,椒,pepper,,,,,我买了两个灯笼椒,Wǒ mǎi le liǎng gè dēnglóngjiāo,I bought two bell peppers
586,邓小平,dèng xiǎo píng,Deng Xiaoping,2,,,,,,,,,,邓小平提出了改革开放政策,dèng xiǎo píng tí chū le gǎi gé kāi fàng zhèng cè,Deng Xiaoping proposed the reform and opening policy
587,凳子,dèng zi,stool,2,,,,,,,,,,请坐在那张凳子上,qǐng zuò zài nà zhāng dèng zi shàng,Please sit on that stool
588,地板,dì bǎn,floor,2,4,地,ground,板,board,,,,,地板刚擦完很滑,dì bǎn gāng cā wán hěn huá,the floor is slippery after being mopped
589,地道,dì dào,typical;authentic,2,3,当地,local,道,road,,,,,他说的是很地道的中文,Tā shuō de shì hěn dìdào de Zhōngwén,He speaks very authentic Chinese
590,低调,dī diào,low key,2,3,低,low,调,tune,,,,,他很低调 不喜欢炫耀,Tā hěn dīdiào bù xǐhuān xuànyào,He is very low-key and doesn’t like to show off
591,第二天,dì èr tiān,the next day,2,,,,,,,,,,我们第二天再出发,Wǒmen dì èr tiān zài chūfā,We will set out the next day
592,地球,dì qiú,earth,2,2,地,land,球,ball,,,,,地球是我们居住的星球。,dì qiú shì wǒ men jū zhù de xīng qiú.,earth is the planet we live on.
593,地毯,dì tǎn,carpet;rug,2,1,地,ground,毯子,blanket,,,,,客厅铺了地毯,Kètīng pū le dìtǎn,The living room is carpeted
594,地址,dì ​zhǐ,address,2,3,地,land,址,location,,,,,请写下你的家庭地址,Qǐng xiě xià nǐ de jiātíng dìzhǐ,Please write down your home address
595,电池,diàn chí,battery,2,1,电,electric,池,pond,,,,,这个遥控器需要新电池,Zhège yáokòngqì xūyào xīn diànchí,This remote needs new batteries
596,点击,diǎn jī,click (here),2,3,点,point,击,to hit;attack,,,,,点击这个按钮开始游戏,Diǎnjī zhège ànniǔ kāishǐ yóuxì,Click this button to start the game
597,电缆,diàn lǎn,(electric) cable,2,3,电,electric,缆,cable,,,,,工人正在修电缆,Gōngrén zhèngzài xiū diànlǎn,The workers are fixing the cable
598,电压,diàn yā,voltage,2,1,电,electricity,压力,pressure,,,,,电器需要合适的电压才能工作,Diànqì xūyào héshì de diànyā cái néng gōngzuò,Appliances need the right voltage to function
599,点赞,diǎn zàn,like (social media),2,3,点,point,赞同,to approve of;endorse,,,,,他给我的照片点了赞,Tā gěi wǒ de zhàopiàn diǎn le zàn,He liked my photo
600,点钟,diǎn zhōng,o'clock,2,3,点,point,分钟,minute,,,,,现在是三点钟,Xiànzài shì sān diǎn zhōng,It is three o’clock now
601,电子表格,diàn zǐ biǎo gé,spreadsheet,2,1,电子,electronic,表格,table,,,,,她在做一个电子表格,Tā zài zuò yīgè diànzǐ biǎogé,She is making a spreadsheet
602,电子邮件,diàn zǐ yóu jiàn,email,2,2,电子,electronic,邮件,mail,,,,,我收到了你的电子邮件,Wǒ shōudào le nǐ de diànzǐ yóujiàn,I received your email
603,钓鱼,diào yú,fishing,2,,,,,,,,,,周末我们去钓鱼吧,Zhōumò wǒmen qù diàoyú ba,Let’s go fishing this weekend
604,订单,dìng dān,orders (page),2,,,,,,,,,,你的订单已经发货了,Nǐ de dìngdān yǐjīng fāhuò le,Your order has been shipped
605,叮咚买菜,dīng dōng mǎi cài,Chinese Instacart,2,5,叮咚,ding dong sound,买,buy,菜,food,,,我用叮咚买菜订了水果,wǒ yòng dīng dōng mǎi cài dìng le shuǐ guǒ,I ordered fruit using Dingdong grocery app
606,定义,dìng yì,definition,2,2,确定,definite,意义,meaning,,,,,请给“自由”下一个定义,Qǐng gěi “zìyóu” xià yī gè dìngyì,"Please give a definition for ""freedom"""
607,东京,dōng jīng,Tokyo,2,,,,,,,,,,我明年想去东京玩,Wǒ míngnián xiǎng qù Dōngjīng wán,I want to visit Tokyo next year
608,东南亚,dōng nán yà,Southeast Asia,2,,,,,,,,,,我去东南亚旅行,Wǒ qù Dōngnányà lǚxíng,I am traveling to Southeast Asia
609,豆角,dòu jiǎo,green beans;string beans,2,2,豆,bean,角,horn;angle,,,,,晚餐有炒豆角,Wǎncān yǒu chǎo dòujiǎo,There are stir-fried green beans for dinner
610,独立,dú lì,independent,2,2,单独,alone,立,to stand,,,,,她很独立,Tā hěn dúlì,She is very independent
611,独生女,dú shēng nǚ,only daughter,2,4,独自,alone,出生,to be born,女儿,daughter,,,她是独生女，所以父母很疼她。,"tā shì dúshēngnǚ, suǒyǐ fùmǔ hěn téng tā.","She’s an only daughter, so her parents spoil her a lot."
612,独生子,dú shēng zǐ,only son,2,4,独自,alone,出生,to be born,儿子,son,,,他是家里的独生子，压力有点大。,"tā shì jiālǐ de dúshēngzǐ, yālì yǒudiǎn dà.",He is the only son in the family and feels pressured.
613,短裤,duǎn kù,shorts,2,2,短,short,裤,pants,,,,,夏天我常穿短裤,Xiàtiān wǒ cháng chuān duǎnkù,I often wear shorts in summer
614,锻炼,duàn liàn,to exercise,2,4,锻,forge metal,炼,to smelt;refine,,,,,我每天早上去锻炼,Wǒ měitiān zǎoshang qù duànliàn,I exercise every morning
615,短期,duǎn qí,short-term,2,,,,,,,,,,我打算短期学习中文,Wǒ dǎsuàn duǎnqī xuéxí Zhōngwén,I plan to study Chinese for a short term
616,对手,duì shǒu,opponent,2,2,对方,counterpart,手,hand,,,,,他是我比赛中的最大对手,Tā shì wǒ bǐsài zhōng de zuìdà duìshǒu,He is my biggest opponent in the competition
617,炖,dùn,stew,2,,-,,,,,,,,这锅汤要慢慢炖。,zhè guō tāng yào màn màn dùn.,this soup needs to be stewed slowly.
618,蹲便器,dūn biàn qì,squat toilet,2,,,,,,,,,,这厕所只有蹲便器,Zhè cèsuǒ zhǐ yǒu dūnbiànqì,This restroom only has squat toilets
619,饿死,è sǐ,starve to death,2,,,,,,,,,,我饿死了快点吃饭吧,wǒ è sǐ le kuài diǎn chī fàn ba,I’m starving let’s eat
620,额外,é wài,additional,2,,,,,,,,,,公司给了我们额外奖金,gōng sī gěi le wǒ men é wài jiǎng jīn,the company gave us extra bonuses
621,恶心,ě xīn,nausea;feel sick;disgusting,2,2,恶,evil,心,heart,,,,,这味道让我觉得很恶心,Zhè wèidào ràng wǒ juéde hěn ěxīn,This smell makes me feel nauseous
622,俄语,é yǔ,russian language,2,4,俄罗斯,Russia,语言,language,,,,,俄语字母不同。,é yǔ zì mǔ bù tóng.,russian uses a different alphabet.
623,耳塞,ěr sāi,ear plugs,2,4,耳,ear,塞子,plug,,,,,戴上耳塞可以减少噪音,dài shàng ěr sāi kě yǐ jiǎn shǎo zào yīn,Wearing earplugs can reduce noise
624,发达,fā dá,developed,2,3,发展,to develop,达到,to achieve,,,,,这个国家经济很发达,Zhège guójiā jīngjì hěn fādá,This country’s economy is very developed
625,法国,fà guó,France,2,3,法,law,国,country,,,,,法国以美食闻名,Fǎguó yǐ měishí wénmíng,France is famous for its cuisine
626,罚款,fá kuǎn,fine;penalty,2,4,惩罚,penalty,贷款,loan,,,,,乱停车会被罚款,luàn tíng chē huì bèi fá kuǎn,illegal parking will result in a fine
627,发明,fā míng,to invent;invention,2,2,发现,to discover,聪明,smart,,,,,中国古人发明了造纸术,Zhōngguó gǔrén fāmíng le zàozhǐshù,The ancient Chinese invented papermaking
628,发票,fā piào,invoice,2,3,发,to issue,小票,receipt,,,,,买完东西记得要发票,mǎi wán dōng xi jì dé yào fā piào,remember to ask for an invoice after shopping
629,发烧,fā shāo,(to have) fever,2,2,发,send out,烧,burn,,,,,他昨晚发烧了,Tā zuówǎn fāshāo le,He had a fever last night
630,发现,fā xiàn,to discover,2,3,发,to send out,表现,to show,,,,,我发现了一个新问题,Wǒ fāxiàn le yī gè xīn wèntí,I discovered a new problem
631,发音,fā yīn,pronunciation,2,2,发,to send out,音,sound,,,,,你的发音很标准,Nǐ de fāyīn hěn biāozhǔn,Your pronunciation is very accurate
632,法语,fǎ yǔ,french language,2,4,法国,France,语言,language,,,,,她正在学法语。,tā zhèng zài xué fǎ yǔ.,she is learning french.
633,反对,fǎn duì,to oppose,2,2,反,anti,对,correct,,,,,很多人反对这个决定,Hěn duō rén fǎnduì zhège juédìng,Many people oppose this decision
634,番茄酱,fān ​qié ​jiàng,ketchup,2,2,番茄,tomato,酱,paste,,,,,我喜欢加番茄酱,Wǒ xǐhuān jiā fānqiéjiàng,I like adding ketchup
635,繁体字,fán tǐ zì,traditional Chinese characters,2,4,繁复,complicated,体,body,字,character,,,台湾常用繁体字,táiwān chángyòng fántǐ zì,Taiwan often uses traditional characters
636,反应,fǎn yìng,reaction,2,4,反,opposite,应,should,,,,,他的反应很快,Tā de fǎnyìng hěn kuài,His reaction was very fast
637,犯罪,fàn zuì,crime,2,,-,,,,,,,,犯罪需要受到惩罚,Fànzuì xūyào shòudào chéngfá,Crime should be punished
638,房贷,fáng dài,mortgage,2,1,房子,house,贷款,loan,,,,,他每个月都要还房贷,Ta měi gè yuè dōu yào huán fángdài,He has to pay his mortgage every month
639,房东,fáng dōng,landlord,2,2,房,house,股东,shareholder,,,,,房东很热情,Fángdōng hěn rèqíng,The landlord is very friendly
640,防火墙,fáng huǒ qiáng,firewall,2,3,防止,to prevent,火,fire,墙,wall,,,公司电脑有防火墙,Gōngsī diànnǎo yǒu fánghuǒqiáng,The company computers have a firewall
641,放弃,fàng qì,to give up,2,3,放,to put,抛弃,to abandon,,,,,他决定放弃比赛,Tā juédìng fàngqì bǐsài,He decided to give up the competition
642,方式,fāng shì,way;manner;style,2,,,,,,,,,,我们需要换一种方式,Wǒmen xūyào huàn yī zhǒng fāngshì,We need to change the way
643,废话,fèi huà,talk nonsense;wasted breath,2,2,废物,rubbish,话,speech,,,,,少说废话,shǎo shuō fèi huà,stop talking nonsense
644,菲律宾,fēi lǜ bīn,Philippines,2,,-,,,,,,,,他来自菲律宾,Tā láizì Fēilǜbīn,He is from the Philippines
645,份,fèn,portion,2,,-,,,,,,,,我要一份沙拉,Wǒ yào yī fèn shālā,I want one serving of salad
646,粉,fěn,pink,2,,-,,,,,,,,粉色给人温柔的感觉,fěn sè gěi rén wēn róu de gǎn jué,Pink feels gentle
647,分不清,fēn bù qīng,can't tell,2,3,分析,analysis,不,not,清,clear,,,我总是分不清他俩,Wǒ zǒng shì fēn bù qīng tā liǎ,I always can’t tell the two of them apart
648,分公司,fēn gōng sī,branch (office),2,2,分,part,公司,company,,,,,我们在上海有一家分公司,Wǒmen zài Shànghǎi yǒu yī jiā fēngōngsī,We have a branch office in Shanghai
649,分析,fēn xī,to analyze;analysis,2,4,分,small unit,析,separate,,,,,我们需要分析这个问题,Wǒmen xūyào fēnxī zhège wèntí,We need to analyze this problem
650,丰富,fēng fù,very rich (in variety),2,,,,,,,,,,他的经历很丰富,tā de jīng lì hěn fēng fù,his experience is very rich
651,疯狂,fēng kuáng,crazy,2,,,,,,,,,,那场演唱会太疯狂了,Nà chǎng yǎnchànghuì tài fēngkuáng le,That concert was crazy
652,蜂蜜,fēng mì,honey,2,3,蜜蜂,bee,甜蜜,sweetness,,,,,蜂蜜可以用来润喉,fēng mì kě yǐ yòng lái rùn hóu,Honey can soothe the throat
653,佛教,fó jiào,buddhism,2,3,佛,Buddha,宗教,religion,,,,,佛教强调慈悲。,fó jiào qiáng diào cí bēi.,buddhism emphasizes compassion.
654,腐败,fǔ bài,corruption,2,3,豆腐,tofu,失败,to lose,,,,,他们在调查腐败,Tāmen zài diàochá fǔbài,They are investigating corruption
655,附近,fù jìn,nearby,2,,-,,,,,,,,我家附近有超市,Wǒ jiā fùjìn yǒu chāoshì,There is a supermarket near my home
656,负面,fù miàn,negative,2,3,负担,burden,方面,aspect,,,,,这条新闻带来负面影响,Zhè tiáo xīnwén dàilái fùmiàn yǐngxiǎng,This news brought negative influence
657,夫妻,fū qī,couple;husband and wife,2,1,夫,husband,妻,wife,,,,,夫妻俩一起散步,Fūqī liǎ yīqǐ sànbù,The couple takes a walk together
658,扶梯,fú tī,escalator,2,3,扶持,to help,梯子,ladder,,,,,请站稳扶好扶梯,qǐng zhàn wěn fú hǎo fútī,Please stand firm and hold the escalator
659,复杂,fù zá,complicated;complex,2,3,回复,to reply,杂,mixed,,,,,这个问题很复杂,Zhège wèntí hěn fùzá,This problem is complicated
660,盖,gài,lid;cover,2,,,,,,,,,,请把杯子盖盖上,qǐng bǎ bēi zi gài gài shàng,Please cover the cup
661,概率,gài lǜ,probability,2,2,大概,roughly,率,rate,,,,,中奖的概率很低,Zhòngjiǎng de gàilǜ hěn dī,The probability of winning is very low
662,盖子,gài zǐ,lid,2,,-,,,,,,,,请把杯子的盖子盖上,Qǐng bǎ bēizi de gàizi gàishàng,Please put the lid on the cup
663,干杯,gān bēi,cheers,2,1,干,dry,杯,cup,,,,,大家一起高声说干杯,dà jiā yī qǐ gāo shēng shuō gān bēi,everyone loudly said cheers together
664,感染,gǎn rǎn,infection,2,3,感,feel,染色,dye,,,,,他的伤口感染了,Tā de shāngkǒu gǎnrǎn le,His wound got infected
665,钢琴,gāng qín,piano,2,4,钢铁,steel,琴,instrument,,,,,他每天练习弹钢琴,tā měi tiān liàn xí tán gāng qín,He practices piano every day
666,高德地图,gāo dé dì tú,Chinese Google Maps,2,3,高,high,德,virtue,地图,map,,,我用高德地图导航到餐厅,wǒ yòng gāo dé dì tú dǎo háng dào cān tīng,I used Amap to navigate to the restaurant
667,高度,gāo dù,altitude,2,2,高,high,度,degree;measure,,,,,这栋楼的高度是三百米,Zhè dòng lóu de gāodù shì sānbǎi mǐ,The height of this building is 300 meters
668,高峰,gāo fēng,peak (period),2,,,,,,,,,,我们在早高峰堵车了,Wǒmen zài zǎo gāofēng dǔchē le,We got stuck in traffic during rush hour
669,高级,gāo jí,advanced;senior (title),2,2,高,high,级,level,,,,,这是一个高级餐厅,Zhè shì yī gè gāojí cāntīng,This is a high-end restaurant
670,高手,gāo shǒu,master;expert,2,2,高,high,手,hand,,,,,他是打篮球的高手,Tā shì dǎ lánqiú de gāoshǒu,He is a basketball expert
671,高速公路,gāo sù gōng lù,highway,2,2,高速,high speed,公,public,路,road,,,我们开车上了高速公路,Wǒmen kāichē shàng le gāosù gōnglù,We drove onto the highway
672,搞笑,gǎo xiào,funny;hilarious,2,3,搞,to make,笑,smile,,,,,这部电影特别搞笑,Zhè bù diànyǐng tèbié gǎoxiào,This movie is really funny
673,革命,gé mìng,revolution,2,2,改革,reform,命,life,,,,,这项技术带来了革命,Tā xiàng jìshù dàilái le gémìng,This technology brought a revolution
674,个人,gè rén,personal;individual,2,3,这个,this,人,person,,,,,这是我的个人意见,Zhè shì wǒ de gèrén yìjiàn,This is my personal opinion
675,歌手,gē shǒu,singer,2,,,,,,,,,,她是一位实力歌手,Tā shì yī wèi shílì gēshǒu,She is a strong vocalist
676,根,gēn,root,2,,,,,,,,,,这棵树的根非常深。,zhè kē shù de gēn fēi cháng shēn.,The roots of this tree are very deep.
677,根据,gēn jù,according to,2,,,,,,,,,,请根据说明操作,qǐng gēn jù shuō míng cāo zuò,please operate according to the instructions
678,更,gèng,more,2,,-,,,,,,,,我想知道更多的信息,Wǒ xiǎng zhīdào gèng duō de xìnxī,I want to know more information
679,更喜欢,gèng xǐ huān,prefer,2,2,更,more,喜欢,like,,,,,我更喜欢喝咖啡而不是茶,Wǒ gèng xǐhuān hē kāfēi ér bùshì chá,I prefer coffee over tea
680,工厂,gōng chǎng,factory,2,2,工,work,厂,yard,,,,,这家工厂生产汽车零件,Zhè jiā gōngchǎng shēngchǎn qìchē língjiàn,This factory produces car parts
681,工程师,gōng chéng shī,engineer,2,4,工作,work,程序,procedure,大师,master,,,我哥哥是软件工程师,Wǒ gēge shì ruǎnjiàn gōngchéngshī,My older brother is a software engineer
682,公告,gōng gào,announcement,2,2,公,public,广告,advertisement,,,,,学校发布了新的公告,Xuéxiào fābù le xīn de gōnggào,The school issued a new announcement
683,功能,gōng néng,function,2,3,成功,success,能,ability,,,,,这款手机有很多功能,Zhè kuǎn shǒujī yǒu hěn duō gōngnéng,This phone has many functions
684,公平,gōng​ píng,fair,2,1,公,public,平,flat,,,,,老师对所有学生都很公平,Lǎoshī duì suǒyǒu xuéshēng dōu hěn gōngpíng,The teacher is fair to all students
685,共享单车,gòng xiǎng dān chē,shared bikes,2,,,,,,,,,,我骑共享单车去地铁站,Wǒ qí gòngxiǎng dānchē qù dìtiě zhàn,I ride a shared bike to the subway
686,公众场合,gōng zhòng chǎng hé,public place,2,3,公众,public,场合,occasion,,,,,在公众场合要注意仪表,Zài gōngzhòng chǎnghé yào zhùyì yíbiǎo,Pay attention to appearance in public settings
687,工作日,gōng zuò rì,workday,2,3,工作,work,日,day,,,,,工作日我早上七点起床,Gōngzuòrì wǒ zǎoshang qī diǎn qǐchuáng,I get up at seven on weekdays
688,孤独,gū dú,lonely,2,3,孤儿,orphan,独立,independent,,,,,有时候他会感到孤独,Yǒu shíhòu tā huì gǎndào gūdú,Sometimes he feels lonely
689,顾客,gù kè,customer,2,,,,,,,,,,顾客已经开始排队,Gùkè yǐjīng kāishǐ páiduì,Customers have started lining up
690,固执,gù zhí,stubborn,2,2,固定,fixed,执行,to implement,,,,,他很固执不肯听劝,Tā hěn gùzhí bù kěn tīng quàn,He is stubborn and won’t listen to advice
691,刮胡子,guā hú zǐ,shave beard,2,,,,,,,,,,他每天早上刮胡子,Tā měitiān zǎoshang guā húzi,He shaves every morning
692,关机,guān jī,to turn off,2,2,关,close,机,machine,,,,,手机没电了自动关机,Shǒujī méi diàn le zìdòng guānjī,The phone shut down automatically when the battery died
693,广场舞,guǎng chǎng wǔ,square dance,2,3,广场,square,舞,dance,,,,,她每天跳广场舞,Tā měitiān tiào guǎngchǎngwǔ,She dances in the square every day
694,广州,Guǎngzhōu,Guangzhou,2,4,广,wide,州,state,,,,,广州的早茶文化很有名,Guǎngzhōu de zǎo chá wén huà hěn yǒu míng,Guangzhou’s morning tea culture is very famous
695,硅谷,guī gǔ,Silicon Valley,2,4,硅,silicon,谷,valley,,,,,硅谷是全球科技创新的重要中心。,guī gǔ shì quán qiú kē jì chuàng xīn de zhòng yào zhōng xīn.,silicon valley is an important global center for tech innovation.
696,规则,guī zé,rules,2,,,,,,,,,,游戏开始前先看规则,yóu xì kāi shǐ qián xiān kàn guī zé,check the rules before starting the game
697,国际中心,guó jì zhōng xīn,international center,2,,,,,,,,,,这座城市是区域的国际中心,Zhè zuò chéngshì shì qūyù de guójì zhōngxīn,This city is a regional international hub
698,果酱,guǒ jiàng,jam;jelly,2,2,果,fruit,酱,sauce,,,,,我早餐涂了果酱,Wǒ zǎocān tú le guǒjiàng,I spread jam on my breakfast
699,过敏,guò mǐn,allergy,2,2,过度,excess,敏感,sensitive,,,,,她对花粉过敏。,tā duì huā fěn guò mǐn.,she is allergic to pollen.
700,过年,guò nián,Chinese New Year;celebrate new year,2,3,过,to pass through,年,year,,,,,他们回老家过年,Tāmen huí lǎojiā guònián,They went back to their hometown for Chinese New Year
701,国旗,guó qí,national flag,2,2,国,country,旗,banner;flag,,,,,操场上升起了国旗,Cāochǎng shàng shēngqǐ le guóqí,The national flag was raised on the playground
702,哈密​​瓜,hā mì ​​guā,canteloupe;honeydew,2,3,哈,laughter,秘密,secret,瓜,melon,,,夏天吃哈密瓜很清爽,Xiàtiān chī hāmìguā hěn qīngshuǎng,Eating Hami melon is refreshing in summer
703,海绵宝宝,hǎi mián bǎo bǎo,spongebob,2,2,海绵,sponge,宝宝,baby,,,,,孩子们喜欢看海绵宝宝,Háizimen xǐhuān kàn Hǎimián Bǎobǎo,Children like watching SpongeBob
704,海外,hǎi wài,overseas,2,3,海,sea,外,outside,,,,,他去海外留学了,Tā qù hǎiwài liúxué le,He went abroad to study
705,害羞,hài xiū,shy,2,2,害怕,to be afraid,羞愧,ashamed,,,,,她害羞得不敢说话,Tā hàixiū de bù gǎn shuōhuà,She was too shy to speak
706,韩语,hán yǔ,korean language,2,4,韩国,Korea,语言,language,,,,,韩语发音清晰。,hán yǔ fā yīn qīng xī.,korean pronunciation is clear.
707,航站楼,háng zhàn lóu,airport terminal,2,2,航班,flight,站,station,楼,building,,,机场的航站楼很大,Jīchǎng de hángzhànlóu hěn dà,The airport terminal is very large
708,好处,hǎo chù,benefit;advantage;pro,2,3,好,good,处理,to handle,,,,,锻炼身体有很多好处,Duànliàn shēntǐ yǒu hěn duō hǎochù,Exercising has many benefits
709,好几,hǎo jǐ,several,2,4,好,good,几个,a few,,,,,他好几天没来上班了,Tā hǎojǐ tiān méi lái shàngbān le,He hasn’t come to work for several days
710,毫克,háo kè,milligram,2,4,毫,milli-,克,gram,,,,,医生让他每天吃五毫克的药,Yīshēng ràng tā měitiān chī wǔ háokè de yào,The doctor told him to take 5 milligrams of medicine daily
711,好客,hào kè,hospitable,2,2,好,good,客,guest,,,,,他家很热情好客,Tā jiā hěn rèqíng hàokè,His family is very hospitable
712,毫米,háo mǐ,millimeter,2,4,毫,milli-,米,meter,,,,,雨水有十毫米厚,Yǔshuǐ yǒu shí háomǐ hòu,The rainfall was ten millimeters
713,好球,hǎo qiú,nice hit;good shot;well played,2,1,好,good,球,ball,,,,,他刚才打了一个好球,Tā gāngcái dǎ le yī gè hǎoqiú,He just made a good shot
714,毫升,háo shēng,mL;milliliter,2,,,,,,,,,,一杯水大约250毫升,Yī bēi shuǐ dàyuē 250 háoshēng,A glass of water is about 250 milliliters
715,好像,hǎo xiàng,it seems,2,3,好,good,像,to be like,,,,,他好像感冒了,Tā hǎoxiàng gǎnmào le,He seems to have a cold
716,好转,hǎo zhuǎn,improve,2,2,好,good,转,turn,,,,,病人的情况已经好转了。,Bìngrén de qíngkuàng yǐjīng hǎozhuǎn le.,The patient's condition has improved.
717,盒,hé,box,2,,,,,,,,,,桌上有一个饭盒,zhuō shàng yǒu yī gè fàn hé,There is a lunch box on the table
718,合法,hé fǎ,legal,2,2,合适,fitting,法,law,,,,,喝酒在这里是合法的,Hējiǔ zài zhèlǐ shì héfǎ de,Drinking is legal here
719,合理,hé lǐ,reasonable,2,2,合适,fitting,理,reason,,,,,这家酒店的价格很合理,Zhè jiā jiǔdiàn de jiàgé hěn hélǐ,The price of this hotel is very reasonable
720,和平,hé píng,peace,2,3,和,and,公平,fair,,,,,大家都希望世界和平,Dàjiā dōu xīwàng shìjiè hépíng,Everyone hopes for world peace
721,合同,hé tóng,contract,2,2,合作,to cooperate,同意,to agree,,,,,我们签了一份合同,Wǒmen qiān le yí fèn hétóng,We signed a contract
722,核心,hé xīn,core;essence,2,3,核弹,nuclear bomb,心,heart,,,,,这是问题的核心,Zhè shì wèntí de héxīn,This is the core of the problem
723,很优惠,hěn yōu huì,Very cost-effective,2,,,,,,,,,,这家店很优惠,Zhè jiā diàn hěn yōuhuì,This store has good discounts
724,烘干,hōng gān,to dry;drying (clothes),2,2,烘,bake,干,dry,,,,,请把衣服烘干,qǐng bǎ yīfú hǒnggān,Please dry the clothes
725,红领巾,hóng lǐng jīn,red scarf;young pioneer,2,4,红,red,领,neck;lead,巾,cloth,,,小学生系着红领巾,Xiǎoxuéshēng jì zhe hónglǐngjīn,The pupils wear red scarves
726,红绿灯,hóng lǜ dēng,traffic light,2,1,红,red,绿,green,灯,lamp,,,过马路要看红绿灯,Guò mǎlù yào kàn hónglǜdēng,You must watch the traffic light when crossing the road
727,红烧肉,hóng shāo ròu,braised pork,2,3,红,red,烧烤,barbeque,猪肉,pork,,,他喜欢吃红烧肉。,tā xǐ huān chī hóng shāo ròu.,He likes eating braised pork.
728,厚,hòu,thick,2,,,,,,,,,,这件衣服太厚了今天穿会很热,zhè jiàn yī fu tài hòu le jīn tiān chuān huì hěn rè,This clothing is too thick it’ll be hot today
729,后备箱,hòu bèi xiāng,trunk,2,1,后,back,设备,equipment,箱,box,,,把行李放进后备箱,Bǎ xínglǐ fàng jìn hòubèixiāng,Put the luggage in the trunk
730,户口,hù​ kǒu,registered residence,2,4,住户,household,人口,population,,,,,他在上海迁了户口,Tā zài Shànghǎi qiān le hùkǒu,He transferred his household registration to Shanghai
731,护士,hù shì,nurse,2,2,保护,to protect,博士,doctor,,,,,护士照顾病人很耐心,Hùshi zhàogù bìngrén hěn nàixīn,Nurses take care of patients with patience
732,花生酱,huā shēng jiàng,peanut butter,2,3,花生,peanut,酱,sauce,,,,,我喜欢吃花生酱面包,Wǒ xǐhuān chī huāshēngjiàng miànbāo,I like eating peanut butter bread
733,化学,huà xué,chemistry,2,2,变化,to change,学,study,,,,,我对化学课很感兴趣,Wǒ duì huàxué kè hěn gǎn xìngqù,I am very interested in chemistry class
734,花园,huā yuán,garden,2,2,花,flower,公园,park,,,,,花园里开满了花,Huāyuán lǐ kāi mǎn le huā,The garden is full of flowers
735,坏处,huài chu,harm;trouble;disadvantage;con,2,2,坏,bad,处理,to handle,,,,,熬夜有很多坏处,Áoyè yǒu hěn duō huàichù,Staying up late has many downsides
736,怀疑,huái yí,to doubt;suspect,2,,-,,,,,,,,我怀疑他没说实话,Wǒ huáiyí tā méi shuō shíhuà,I suspect he didn’t tell the truth
737,怀孕,huái yùn,pregnant,2,,-,,,,,,,,她怀孕三个月了,Tā huáiyùn sān gè yuè le,She is three months pregnant
738,患者,huàn zhě,patient,2,2,患有,to suffer from,者,one who,,,,,医生正在为患者检查。,yī shēng zhèng zài wèi huàn zhě jiǎn chá。,The doctor is examining the patient。
739,黄河,huáng hé,Yellow River,2,4,黄色,yellow,河,river,,,,,黄河被称为中华民族的母亲河。,huáng hé bèi chēng wéi zhōng huá mín zú de mǔ qīn hé,The Yellow River is called the Mother River of China.
740,汇率,huì lǜ,exchange rate,2,4,汇报,to give an account of,率,rate,,,,,今天美元的汇率上涨了,jīn tiān měi yuán de huì lǜ shàng zhǎng le,The exchange rate of the dollar rose today
741,会议室,huì yì shì,meeting room,2,4,会议,meeting,室,room,,,,,会议室现在有人开会,Huìyì shì xiànzài yǒu rén kāihuì,There is a meeting in the conference room now
742,徽章,huī zhāng,badge;pin,2,4,安徽,Anhui province,文章,article,,,,,他胸前有个徽章,Tā xiōngqián yǒu gè huīzhāng,He has a badge on his chest
743,婚礼,hūn lǐ,wedding,2,3,结婚,to get married,礼物,gift,,,,,他们下个月举办婚礼,Tāmen xià ge yuè jǔbàn hūnlǐ,They will hold their wedding next month
744,馄饨,hún tún,wontons,2,,-,,,,,,,,我想吃一碗馄饨,Wǒ xiǎng chī yì wǎn húntun,I want a bowl of wontons
745,火箭,huǒ jiàn,rocket,2,1,火,fire,箭,arrow,,,,,火箭成功发射了,Huǒjiàn chénggōng fāshèle,The rocket was successfully launched
746,火山,huǒ shān,volcano,2,1,火,fire,山,mountain,,,,,这座火山已经很久没爆发了,Zhè zuò huǒshān yǐjīng hěn jiǔ méi bàofā le,This volcano hasn’t erupted in a long time
747,火腿,huǒ tuǐ,ham,2,2,火,fire,腿,leg,,,,,三明治里有火腿,Sānmíngzhì lǐ yǒu huǒtuǐ,There is ham in the sandwich
748,或许,huò xǔ,perhaps,2,4,或者,or,也许,maybe,,,,,或许我们明天见,Huòxǔ wǒmen míngtiān jiàn,Perhaps we’ll meet tomorrow
749,基本上,jī běn shàng,basically,2,,,,,,,,,,他基本上每天都加班,jī běn shàng tā jī běn shàng měi tiān dōu jiā bān,basically he works overtime almost every day
750,纪录片,jì lù piàn,documentary,2,2,纪录,to record,影片,film,,,,,我们昨天看了一部关于野生动物的纪录片。,Wǒmen zuótiān kàn le yī bù guānyú yěshēng dòngwù de jìlùpiàn.,We watched a documentary about wildlife yesterday.
751,纪念,jì niàn,to commemorate,2,3,世纪,century,想念,to miss,,,,,这是我去北京的纪念品,Zhè shì wǒ qù Běijīng de jìniànpǐn,This is a souvenir from my trip to Beijing
752,纪念品,jì niàn pǐn,souvenir,2,1,纪念,commemorate,品,product,,,,,我把纪念品送给你,Wǒ bǎ jìniànpǐn sòng gěi nǐ,I give the souvenir to you
753,机器人,jī qì rén,robot,2,1,机器,machine,人,person,,,,,这个机器人会扫地,Zhège jīqìrén huì sǎodì,This robot can sweep the floor
754,几十,jǐ shí,dozens,2,1,几,several,十,ten,,,,,这里有几十个人,Zhèlǐ yǒu jǐ shí gèrén,There are dozens of people here
755,计时器,jì shí qì,timer,2,1,计,calculate,时,time,器,device,,,请设置一个十分钟的计时器,Qǐng shèzhì yī gè shí fēnzhōng de jìshíqì,Please set a ten-minute timer
756,计算机,jì suàn jī,computer,2,2,计算,to calculate,机,machine,,,,,我在学计算机,Wǒ zài xué jìsuànjī,I am studying computers
757,基因,jī yīn,gene,2,2,基,base,因,reason,,,,,科学家正在研究基因,Kēxuéjiā zhèngzài yánjiū jīyīn,Scientists are studying genes
758,急诊,jí zhěn,emergency department;E.R.,2,2,急,urgent,诊断,diagnosis,,,,,他被送进了急诊室,Tā bèi sòng jìn le jízhěnshì,He was taken to the emergency room
759,加工的,jiā gōng de,processed,2,2,加,add,工,work,的,of,,,这是经过加工的食品,Zhè shì jīngguò jiāgōng de shípǐn,This is processed food
760,家具,jiā jù,furniture,2,1,家,home,具,tool,,,,,这家店卖家具,Zhè jiā diàn mài jiājù,This store sells furniture
761,加料,jiā liào,add-ons,2,3,加,add,料,material;ingredient,,,,,这碗面需要加料,Zhè wǎn miàn xūyào jiāliào,This bowl of noodles needs extra seasoning
762,家务,jiā wù,housework;chore,2,3,家,house,服务,service,,,,,他每天都会帮忙做家务,Tā měitiān dōu huì bāngmáng zuò jiāwù,He helps with housework every day
763,家长,jiā zhǎng,parent;guardian,2,2,家,home,长官,senior official,,,,,家长们在教室外等孩子们放学。,jiāzhǎngmen zài jiàoshì wài děng háizimen fàngxué.,Parents waited outside the classroom for the kids to get out.
764,价值,jià zhí,values;value,2,2,价格,price,值得,to be worth,,,,,这本书的价值很高,Zhè běn shū de jiàzhí hěn gāo,This book has high value
765,加州,jiā zhōu,California,2,4,加利福尼亚,California,州,state,,,,,我朋友住在加州,wǒ péng yǒu zhù zài jiā zhōu,my friend lives in california
766,煎,jiān,pan-fry,2,,-,,,,,,,,牛排要煎到五分熟。,niú pái yào jiān dào wǔ fēn shú.,the steak should be pan-fried medium.
767,煎饼,jiān bing,pancake,2,2,煎,to pan fry,饼,cake,,,,,我早餐吃了煎饼,Wǒ zǎocān chī le jiānbǐng,I had a pancake for breakfast
768,检查,jiǎn chá,inspection;to examine,2,,-,,,,,,,,医生要给我做个检查,Yīshēng yào gěi wǒ zuò gè jiǎnchá,The doctor is going to give me a check-up
769,剪刀,jiǎn dāo,scissors,2,3,修剪,to prune,刀,knife,,,,,剪刀很锋利。,jiǎn dāo hěn fēng lì.,the scissors are sharp.
770,减肥,jiǎn féi,to lose weight,2,2,减,to decrease,肥,fat,,,,,我正在努力减肥,Wǒ zhèngzài nǔlì jiǎnféi,I am working hard to lose weight
771,简介,jiǎn jiè,summary;introduction,2,2,简,simple,介绍,to introduce,,,,,你看过我的简介吗,Nǐ kànguò wǒ de jiǎnjiè ma,Have you read my profile
772,减少,jiǎn shǎo,reduce;decreasing,2,,-,,,,,,,,我们要减少浪费,Wǒmen yào jiǎnshǎo làngfèi,We need to reduce waste
773,建议,jiàn yì,to suggest;suggestion,2,,,,,,,,,,我有一个建议,Wǒ yǒu yī gè jiànyì,I have a suggestion
774,奖,jiǎng,award,2,,-,,,,,,,,她拿到了一个奖,Tā ná dào le yī gè jiǎng,She won a prize
775,酱油,jiàng yóu,soy sauce,2,3,酱,paste,油,oil,,,,,炒菜要放点酱油,Chǎocài yào fàng diǎn jiàngyóu,Add some soy sauce when cooking
776,角度,jiǎo​ dù,angle,2,2,角,horn,程度,degree,,,,,换个角度看看,Huàn gè jiǎodù kànkan,Look at it from another angle
777,焦虑,jiāo lǜ,anxiety,2,2,焦,burnt,考虑,to think over,,,,,考试前他总是很焦虑,Kǎoshì qián tā zǒng shì hěn jiāolǜ,He always feels anxious before exams
778,教堂,jiào táng,church,2,2,宗教,religion,堂,hall,,,,,他们周末去教堂祷告,Tāmen zhōumò qù jiàotáng dǎogào,They go to church to pray on weekends
779,结,jié,knot,2,,,,,,,,,,他打了一个漂亮的结,ta dǎ le yī gè piào liang de jié,He tied a beautiful knot
780,街道,jiē dào,street,2,,,,,,,,,,街道上人来人往,jiē dào shàng rén lái rén wǎng,People are coming and going on the street
781,阶段,jiē duàn,stage;phase,2,3,台阶,steps,段,section,,,,,这个项目已经进入最后阶段,zhè gè xiàng mù yǐ jīng jìn rù zuì hòu jiē duàn,The project has entered its final stage
782,结果,jié guǒ,result;outcome,2,3,结,knot,果,fruit,,,,,比赛结果出乎意料,Bǐsài jiéguǒ chūhū yìliào,The result of the match was unexpected
783,借口,jiè kǒu,excuse,2,2,借,to borrow,口,mouth,,,,,他总找借口不做作业,Tā zǒng zhǎo jièkǒu bù zuò zuòyè,He always finds excuses not to do homework
784,街区,jiē qū,(street) blocks,2,3,街,street,区,area,,,,,从这里走几个街区就到学校,Cóng zhèlǐ zǒu jǐ gè jiēqū jiù dào xuéxiào,Walk a few blocks from here to the school
785,接受,jiē shòu,to accept,2,4,直接,direct,受到,receive,,,,,我接受了他的邀请,Wǒ jiēshòu le tā de yāoqǐng,I accepted his invitation
786,介意,jiè yì,to mind,2,3,介绍,to introduce,注意,to take note of;pay attention,,,,,你介意我坐这里吗?,Nǐ jièyì wǒ zuò zhèlǐ ma?,Do you mind if I sit here?
787,金,jīn,gold,2,,-,,,,,,,,金色的表很显眼,jīn sè de biǎo hěn xiǎn yǎn,The gold watch stands out
788,进口,jìn kǒu,import,2,2,进,enter,口,opening,,,,,这酒是进口的,Zhè jiǔ shì jìnkǒu de,This wine is imported
789,紧张,jǐn​ zhāng,nervous,2,4,紧急,urgent,张,stretch;to open up,,,,,考试让我很紧张,kǎo shì ràng wǒ hěn jǐn zhāng,exams make me nervous
790,警察,jǐng​ chá,police,2,3,警告,to warn,观察,to observe,,,,,警察正在调查案件,Jǐngchá zhèngzài diàochá ànjiàn,The police are investigating the case
791,经常,jīng cháng,often,2,,-,,,,,,,,我经常去图书馆,Wǒ jīngcháng qù túshūguǎn,I often go to the library
792,经历,jīng ​lì,experience (not work),2,2,已经,already,历史,history,,,,,这是一次难忘的经历,Zhè shì yī cì nánwàng de jīnglì,This was an unforgettable experience
793,经验,jīng yàn,experience,2,3,已经,already,实验,experiment,,,,,我的经验是先计划,Wǒ de jīngyàn shì xiān jìhuà,My experience is to plan first
794,竞争,jìng zhēng,compete;competition,2,,,,,,,,,,这个行业竞争激烈,zhè gè háng yè jìng zhēng jī liè,competition is fierce in this industry
795,镜子,jìng zǐ,mirror,2,,,,,,,,,,她对着镜子化妆,Tā duìzhe jìngzi huàzhuāng,She put on makeup in front of the mirror
796,酒吧,jiǔ bā,bar,2,,,,,,,,,,他们晚上去酒吧聊天,tā men wǎn shàng qù jiǔ bā liáo tiān,they went to a bar to chat at night
797,救护车,jiù hù chē,ambulance,2,3,救,to save,护士,nurse,车,car,,,有人受伤了 快叫救护车,Yǒurén shòushāng le kuài jiào jiùhùchē,Someone is injured call an ambulance
798,九寨沟,jiǔ zhài gōu,Jiuzhaigou Valley,2,3,九,nine,寨,stockaded village,沟,ditch,,,九寨沟的湖水清澈见底。,jiǔ zhài gōu de hú shuǐ qīng chè jiàn dǐ,The lakes in Jiuzhaigou are crystal clear.
799,俱乐部,jù lè bù,club,2,5,俱,entirely,快乐,happy,部门,department,,,他加入了一个读书俱乐部,Tā jiārù le yī gè dúshū jùlèbù,He joined a book club
800,军队,jūn duì,army,2,2,军事,military affairs,队,team,,,,,军队正在进行训练,Jūnduì zhèngzài jìnxíng xùnliàn,The army is conducting training
801,卡车,kǎ chē,truck,2,4,卡,card,车,vehicle,,,,,那辆卡车停在路边,Nà liàng kǎchē tíng zài lùbiān,That truck is parked on the roadside
802,看病,kàn bìng,visit a doctor,2,3,看,to see,病,illness,,,,,我明天去医院看病,Wǒ míngtiān qù yīyuàn kànbìng,I will go to the hospital tomorrow
803,看不清楚,kàn bù qīng chǔ,unable to see clearly,2,,,,,,,,,,雾太大了我看不清楚路,wù tài dà le wǒ kàn bù qīng chǔ lù,The fog is too thick I can’t see the road
804,看到,kàn dào,to see,2,,,,,,,,,,我在新闻上看到了这个消息,wǒ zài xīn wén shàng kàn dào le zhè gè xiāo xī,I saw this news on TV
805,看懂,kàn dǒng,to understand by looking,2,,,,,,,,,,我看懂了这部电影的结局,wǒ kàn dǒng le zhè bù diàn yǐng de jié jú,I understood the ending of the movie
806,看法,kàn fǎ,opinion;view,2,3,看,to see,法,law,,,,,我们对这个问题的看法不同,Wǒmen duì zhège wèntí de kànfǎ bùtóng,We have different opinions on this issue
807,看见,kàn jiàn,to catch sight of,2,,,,,,,,,,我在街上看见了他,wǒ zài jiē shàng kàn jiàn le tā,I saw him on the street
808,看情况,kàn qíng kuàng,it depends;depending on the situation,2,2,看,look,情况,situation,,,,,明天去不去要看情况,Míngtiān qù bú qù yào kàn qíngkuàng,Whether we go tomorrow depends on the situation
809,烤,kǎo,roast,2,,-,,,,,,,,周末我们去烤肉。,zhōu mò wǒ men qù kǎo ròu.,we go barbecue on weekends.
810,考虑,kǎo lǜ,to consider;think over,2,2,考试,exam,焦虑,anxious,,,,,我会认真考虑的,Wǒ huì rènzhēn kǎolǜ de,I will think about it seriously
811,烤肉,kǎo ròu,barbecued meat,2,2,烤,roast,肉,meat,,,,,周末我们去吃烤肉,Zhōumò wǒmen qù chī kǎoròu,We went to eat barbecue on the weekend
812,客舱,kè cāng,(passenger) cabin,2,4,客户,customer,舱,cabin,,,,,飞机的客舱里很安静,Fēijī de kècāng lǐ hěn ānjìng,The airplane cabin was very quiet
813,可回收,kě huí shōu,recyclable,2,2,可,can,回,to return,收,to receive,,,这个袋子是可回收的,Zhège dàizi shì kě huíshōu de,This bag is recyclable
814,可乐,kě lè,coke;cola;amusing;entertaining,2,4,可,can,快乐,happy,,,,,他喜欢喝冰可乐,Tā xǐhuān hē bīng kělè,He likes to drink iced cola
815,可怜,kě lián,pitiful;pathetic,2,3,可,can,怜悯,pity,,,,,那只小猫看起来很可怜,Nà zhī xiǎo māo kàn qǐlái hěn kělián,That kitten looks pitiful
816,科目,kē mù,subject (school),2,2,科学,science,节目,program,,,,,数学是我的科目,Shùxué shì wǒ de kēmù,Math is my subject
817,咳嗽,ké sòu,cough,2,,-,,,,,,,,他感冒了一直咳嗽,Tā gǎnmào le yīzhí késou,He caught a cold and kept coughing
818,客厅,kè tīng,living room,2,2,客,guest,厅,hall,,,,,我们在客厅看电视,Wǒmen zài kètīng kàn diànshì,We watch TV in the living room
819,可疑,kě yí,suspicious,2,2,可,can,怀疑,doubt,,,,,他举动很可疑,Tā jǔdòng hěn kěyí,His behavior is suspicious
820,肯德基,kěn dé jī,KFC,2,5,肯定,certain,德,virtue,基本,basic,,,肯德基的炸鸡很有名,kěn dé jī de zhá jī hěn yǒu míng,KFC's fried chicken is very famous
821,空气炸锅,kōng qì zhá guō,air fryer,2,3,空气,air,炸锅,fryer,,,,,空气炸锅很方便,Kōngqì zhàguō hěn fāngbiàn,The air fryer is very convenient
822,空闲时间,kòng xián shí jiān,free time,2,4,空闲,idle,时间,time,,,,,空闲时间我喜欢看书,Kòngxián shíjiān wǒ xǐhuān kàn shū,I like reading in my free time
823,口红,kǒu hóng,lipstick,2,1,口,mouth,红,red,,,,,她买了一支口红,Tā mǎi le yī zhī kǒuhóng,She bought a lipstick
824,口水,kǒu shuǐ,saliva,2,1,口,mouth,水,water,,,,,一想到美食他就流口水,Yī xiǎngdào měishí tā jiù liú kǒushuǐ,He drools when he thinks of delicious food
825,口味,kǒu wèi,taste,2,2,口,mouth,味,flavor,,,,,这家冰淇淋有很多口味,Zhè jiā bīngqílín yǒu hěn duō kǒuwèi,This ice cream shop has many flavors
826,口语,kǒu yǔ,spoken language,2,4,口,mouth,语言,language,,,,,如果想提高口语，你得多开口说。,"rúguǒ xiǎng tígāo kǒuyǔ, nǐ děi duō kāikǒu shuō.","If you want to improve spoken language, you have to speak more."
827,快递,kuài dì,express delivery,2,4,快,fast,传递,to transmit;pass on,,,,,快递到了请下楼取,Kuàidì dào le qǐng xià lóu qǔ,The delivery has arrived please pick it up
828,拉肚子,lā dù zǐ,to have diarrhea,2,2,拉,to pull,肚子,belly,,,,,他昨天拉肚子在家休息,Tā zuótiān lādùzi zài jiā xiūxi,He had diarrhea yesterday and rested at home
829,拉黑,lā hēi,to blacklist;block,2,3,拉,to pull,黑,black,,,,,他把我在微信上拉黑了,Tā bǎ wǒ zài Wēixìn shàng lāhēi le,He blocked me on WeChat
830,拉开,lā kāi,to pull open,2,,,,,,,,,,他拉开了窗帘,tā lā kāi le chuāng lián,He pulled open the curtain
831,拉尿,lā niào,to urinate;pee,2,3,拉,to pull,尿,urine,,,,,婴儿刚刚拉尿了,Yīng’ér gānggāng lāniào le,The baby just peed
832,拉屎,lā shǐ,to crap;shit,2,3,拉,to pull,屎,feces,,,,,小狗在院子里拉屎了,Xiǎo gǒu zài yuànzi lǐ lāshǐ le,The puppy pooped in the yard
833,懒,lǎn,lazy,2,,,,,,,,,,他太懒了什么都不想做,tā tài lǎn le shén me dōu bù xiǎng zuò,He’s so lazy he doesn’t want to do anything
834,缆车,lǎn chē,cable car,2,2,缆,cable,车,vehicle,,,,,我们坐缆车上山,Wǒmen zuò lǎnchē shàng shān,We took the cable car up the mountain
835,浪费,làng fèi,waste,2,3,冲浪,surfing,费用,cost,,,,,不要浪费食物,Bùyào làngfèi shíwù,Don’t waste food
836,老城区,lǎo chéng qū,old town,2,4,老,old,城市,city,区域,area,,,我们下午去老城区散步。,wǒ men xià wǔ qù lǎo chéng qū sàn bù.,We walked around the old town in the afternoon.
837,老公,lǎo gōng,husband (casual),2,4,老,old,公公,father-in-law (husband’s father),,,,,我老公今天加班到很晚。,wǒ lǎogōng jīntiān jiābān dào hěn wǎn,My husband will work overtime until late today.
838,老婆,lǎo pó,wife (casual),2,4,老,old,婆婆,mother-in-law (husband’s mother),,,,,他给老婆准备了生日惊喜。,tā gěi lǎopó zhǔnbèi le shēngrì jīngxǐ,He prepared a birthday surprise for his wife.
839,乐观,lè guān,optimistic,2,2,快乐,happy,观点,point of view,,,,,他一直保持乐观的态度,Tā yīzhí bǎochí lèguān de tàidù,He always maintains an optimistic attitude
840,雷,léi,thunder,2,,-,,,,,,,,外面突然打雷了,Wàimiàn tūrán dǎ léi le,It suddenly thundered outside
841,累死,lèi sǐ,deathly tired,2,,,,,,,,,,今天爬山真把我累死了,jīn tiān pá shān zhēn bǎ wǒ lèi sǐ le,Hiking today really exhausted me
842,理论,lǐ lùn,theory,2,3,理由,reason;justification,讨论,to discuss,,,,,这个理论很复杂,Zhège lǐlùn hěn fùzá,This theory is complicated
843,厘米,lí mǐ,centimeter,2,4,厘,centi-,米,meter,,,,,这条布长一百厘米,Zhè tiáo bù cháng yībǎi límǐ,This piece of cloth is one hundred centimeters long
844,链接,liàn jiē,hyperlink,2,2,链,chain,接,receive,,,,,请把链接发给我,Qǐng bǎ liànjiē fā gěi wǒ,Please send me the link
845,连锁店,lián suǒ diàn,chain store,2,3,连锁,chain;to interlock,店,store,,,,,这是一家全国连锁店,Zhè shì yī jiā quánguó liánsuǒdiàn,This is a national chain store
846,两倍,liǎng bèi,twice; double,2,2,两,two,倍,times;multiple,,,,,现在的房租是以前的两倍。,xiànzài de fángzū shì yǐqián de liǎng bèi.,The rent is now double what it used to be.
847,量词,liàng cí,measure word,2,3,量,measure,词,word,,,,,汉语里有很多量词,hànyǔ lǐ yǒu hěnduō liàngcí,Chinese has many measure words
848,凉快,liáng kuai,pleasantly cool,2,3,凉,cool,快乐,happy,,,,,晚上比白天凉快,Wǎnshàng bǐ báitiān liángkuài,It’s cooler at night than during the day
849,凉鞋,liáng xié,sandals,2,2,凉快,pleasantly cool,鞋,shoes,,,,,夏天我喜欢穿凉鞋,Xiàtiān wǒ xǐhuān chuān liángxié,I like to wear sandals in summer
850,淋浴,lín yù,shower,2,,,,,,,,,,我喜欢早上淋浴,Wǒ xǐhuān zǎoshang línyù,I like to take a shower in the morning
851,另外,lìng wài,in addition;furthermore,2,3,另  ,another,外,outside,,,,,我还想另外点一个菜,Wǒ hái xiǎng lìngwài diǎn yí gè cài,I’d also like to order another dish
852,另一半,lìng yī bàn,other half;partner,2,,,,,,,,,,我想找另一半,Wǒ xiǎng zhǎo lìng yī bàn,I want to find my partner
853,领域,lǐng yù,domain;field,2,2,领导,to lead,区域,area,,,,,她在艺术领域很有成就,Tā zài yìshù lǐngyù hěn yǒu chéngjiù,She has great achievements in the field of art
854,流感,liú gǎn,flu;influenza,2,2,流行,to spread,感冒,a cold,,,,,最近很多人得了流感,Zuìjìn hěn duō rén déle liúgǎn,Many people recently caught the flu
855,流浪狗,liú làng gǒu,stray dog,2,1,流浪,wandering,狗,dog,,,,,街上有一只流浪狗,Jiē shàng yǒu yī zhī liúlàng gǒu,There is a stray dog on the street
856,流浪汉,liú làng hàn,homeless person,2,2,流浪,wandering,汉,Chinese person,,,,,那个流浪汉在街上唱歌,nà gè liú làng hàn zài jiē shàng chàng gē,the homeless man was singing on the street
857,榴莲,liú lián,durian,2,2,石榴,pomegranate,莲,lotus,,,,,榴莲味道有人爱有人怕,Liúlián wèidào yǒu rén ài yǒu rén pà,The taste of durian is loved by some and feared by others
858,六六六,liù liù liù,awesome;cool,2,4,六,six,六,six,六,six,,,他说话总爱加个六六六,tā shuō huà zǒng ài jiā gè liù liù liù,he always likes to add 666 when chatting
859,流血,liú xuè,to bleed,2,2,流,to flow,血,blood,,,,,他手指流血了,Tā shǒuzhǐ liúxuè le,His finger is bleeding
860,龙眼,lóng yǎn,longan,2,1,龙,dragon,眼睛,eye,,,,,龙眼很甜,Lóngyǎn hěn tián,Longan is very sweet
861,笼子,lóng zi,cage,2,,,,,,,,,,那只鸟在笼子里唱歌,nà zhī niǎo zài lóng zi lǐ chàng gē,The bird is singing in the cage
862,楼梯,lóu tī,stairs,2,1,楼,building,电梯,elevator,,,,,请小心走楼梯,Qǐng xiǎoxīn zǒu lóutī,Please be careful when using the stairs
863,卤,lǔ,braise in soy sauce,2,,-,,,,,,,,这家店的卤味很好吃。,zhè jiā diàn de lǔ wèi hěn hǎo chī.,the braised food here is delicious.
864,路口,lù kǒu,intersection;road crossing,2,1,路,road,口,opening,,,,,我们在路口见面,Wǒmen zài lùkǒu jiànmiàn,We will meet at the intersection
865,律师,lǜ shī,lawyer,2,4,法律,law,师,master;teacher;specialist,,,,,她是一名律师,Tā shì yī míng lǜshī,She is a lawyer
866,录音,lù yīn,(audio) recording,2,4,记录,to record,音,sound,,,,,请听这段录音,Qǐng tīng zhè duàn lùyīn,Please listen to this recording
867,旅游团,lǚ yóu tuán,tour group,2,3,旅游,tourism,团,group,,,,,我们报名了旅游团,Wǒmen bàomíng le lǚyóutuán,We signed up for a tour group
868,乱,luàn,chaos,2,,-,,,,,,,,你的桌子太乱了,Nǐ de zhuōzi tài luàn le,Your desk is too messy
869,伦敦,lún dūn,London,2,,,,,,,,,,我在伦敦上过学,Wǒ zài Lúndūn shàng guò xué,I studied in London
870,轮流,lún liú,to alternate;take turns,2,2,轮,wheel,流,flow,,,,,我们轮流做家务,Wǒmen lúnliú zuò jiāwù,We take turns doing household chores
871,轮椅,lún yǐ,wheelchair,2,3,轮,wheel,椅子,chair,,,,,他坐在轮椅上,Tā zuò zài lúnyǐ shàng,He is sitting in a wheelchair
872,逻辑,luó jí,logic,2,,,,,,,,,,这句话没有逻辑,zhè jù huà méi yǒu luó jí,That sentence doesn’t make sense logically
873,麻烦,má fan,to trouble;inconvenient,2,5,麻将,mahjong,烦人,to annoy,,,,,真不好意思 麻烦你帮我一下,Zhēn bù hǎoyìsi máfan nǐ bāng wǒ yīxià,Sorry to bother you but could you help me?
874,麻辣,má là,(numb) spicy,2,4,麻,hemp;sesame,辣,spicy,,,,,我喜欢麻辣火锅,Wǒ xǐhuān málà huǒguō,I like numbing spicy hotpot
875,麻木,má mù,numb;numbness,2,3,麻辣,hot and numbing,木,tree,,,,,他的手指冻得很麻木,Tā de shǒuzhǐ dòng de hěn mámù,His fingers were numb from the cold
876,麻婆豆腐,má pó dòu fǔ,Mapo tofu,2,2,麻辣,hot and numbing,婆婆,mother-in-law,豆腐,tofu,,,晚餐我做了麻婆豆腐。,wǎn cān wǒ zuò le má pó dòu fǔ.,I made Mapo tofu for dinner.
877,马桶,mǎ tǒng,toilet,2,2,马,horse,桶,bucket,,,,,马桶堵住了需要修理,mǎ tǒng dǔ zhù le xū yào xiū lǐ,The toilet is clogged and needs repair
878,麦当劳,mài dāng láo,McDonald's,2,4,小麦,wheat,当然,of course,劳动,labor,,,孩子们喜欢在麦当劳吃汉堡,hái zi men xǐ huān zài mài dāng láo chī hàn bǎo,children like to eat hamburgers at McDonald's
879,曼谷,màn gǔ,Bangkok,2,,,,,,,,,,他们计划在曼谷见面,Tāmen jìhuà zài Màngǔ jiànmiàn,They plan to meet in Bangkok
880,满意,mǎn yì,satisfied;pleased,2,2,满,full,愿意,to wish,,,,,顾客对服务很满意,Gùkè duì fúwù hěn mǎnyì,The customer is very satisfied with the service
881,蔓越莓,màn yuè méi,cranberry,2,2,藤蔓,vine,超越,to exceed,莓,berry,,,她每天喝蔓越莓汁,tā měi tiān hē màn yuè méi zhī,She drinks cranberry juice every day
882,盲区,máng qū,blind spot,2,3,盲,blind,区,area,,,,,这条路有很多盲区,Zhè tiáo lù yǒu hěn duō mángqū,There are many blind spots on this road
883,毛豆,máo dòu,edamame,2,1,毛,hair,豆,bean,,,,,我们点了一盘毛豆当小吃,Wǒmen diǎn le yī pán máodòu dāng xiǎochī,We ordered a plate of edamame as a snack
884,矛盾,máo dùn,conflict;contradiction,2,2,矛,spear,盾,shield,,,,,他们之间存在一些矛盾,Tāmen zhījiān cúnzài yīxiē máodùn,There are some conflicts between them
885,毛泽东,máo zé dōng,Mao Zedong,2,,,,,,,,,,毛泽东是中国历史上重要人物,máo zé dōng shì zhōng guó lì shǐ shàng zhòng yào rén wù,Mao Zedong is an important figure in Chinese history
886,美国,měi guó,USA,2,1,美,beautiful,国,country,,,,,我有朋友住在美国,Wǒ yǒu péngyǒu zhù zài Měiguó,I have friends living in the United States
887,媒体,méi tǐ,media,2,3,媒,medium;intermediary,体,body,,,,,媒体报道了这件事,Méitǐ bàodào le zhè jiàn shì,The media reported this event
888,门诊,mén zhěn,outpatient,2,2,门,door,诊断,diagnosis,,,,,他去门诊看病了,Tā qù ménzhěn kànbìng le,He went to the outpatient clinic
889,棉花,mián huā,cotton,2,,-,,,,,,,,这里种了很多棉花,Zhèlǐ zhòng le hěn duō miánhua,A lot of cotton is grown here
890,面临,miàn lín,to face;confront,2,,,,,,,,,,我们面临很多挑战,Wǒmen miànlín hěn duō tiǎozhàn,We are facing many challenges
891,面试,miàn shì,interview (job),2,1,面,face,试,test,,,,,今天去公司面试,Jīntiān qù gōngsī miànshì,I am going to the company for an interview today
892,免运费,miǎn yùn fèi,free shipping,2,,,,,,,,,,-,-,-
893,敏感,mǐn gǎn,sensitive,2,1,过敏,allergy,感,feeling,,,,,她对别人的评价很敏感,Tā duì biérén de píngjià hěn mǐngǎn,She is very sensitive to others’ opinions
894,磨,mó,grind,2,,,,,,,,,,我在磨咖啡豆,Wǒ zài mó kāfēidòu,I am grinding coffee beans
895,抹茶,mǒ chá,matcha,2,4,涂抹,to smear,茶,tea,,,,,这杯抹茶很好喝,Zhè bēi mǒchá hěn hǎohē,This cup of matcha is very good
896,模仿,mó fǎng,imitate,2,4,模特,model,仿佛,as if,,,,,小孩子喜欢模仿大人的行为,xiǎo háizi xǐhuān mófǎng dàren de xíngwéi,Children like to imitate adults behavior
897,蘑菇,mó gū,mushroom,2,,,,,,,,,,使用蘑菇可以加速,shǐ yòng mó gū kě yǐ jiā sù,use a mushroom to speed up
898,模糊,mó hú,vague;blurry,2,,,,,,,,,,照片太模糊看不清人。,zhàopiàn tài mó hú kàn bù qīng rén.,The photo is too blurry to see clearly.
899,墨镜,mò​ jìng,sunglasses,2,1,墨,ink,眼镜,glasses,,,,,他戴着墨镜,Tā dàizhe mòjìng,He is wearing sunglasses
900,茉莉花,mò lì huā,jasmine,2,,-,,,,,,,,茉莉花香味清新。,mò lì huā xiāng wèi qīng xīn.,jasmine has a fresh fragrance.
901,默认,mò rèn,default,2,2,沉默,silent,确认,to confirm,,,,,电脑默认设置太复杂,Diànnǎo mòrèn shèzhì tài fùzá,The computer's default settings are too complicated
902,陌生人,mò shēng rén,stranger,2,3,陌生,unfamiliar;strange,人,person,,,,,不要随便相信陌生人,Bùyào suíbiàn xiāngxìn mòshēngrén,Don’t trust strangers easily
903,模式,mó shì,mode,2,4,模型,model,方式,way,,,,,我们需要改变工作模式,Wǒmen xūyào gǎibiàn gōngzuò móshì,We need to change the working model
904,摩托车,mó tuō chē,motorcycle,2,4,按摩,massage,拜托,please,车,vehicle,,,他骑摩托车去上班,Tā qí mótuōchē qù shàngbān,He rides a motorcycle to work
905,模型,mó xíng,(data) model;mold,2,4,模式,mode,大型,large-scale,,,,,这个模型非常精确,Zhège móxíng fēicháng jīngquè,This model is very accurate
906,某个人,mǒu gè rén,someone,2,4,某,some;a certain,个人,a person,,,,,某个人敲了门,Mǒu gèrén qiāo le mén,Someone knocked on the door
907,目标,mù biāo,goal;target;objective,2,2,目,eye,标志,sign,,,,,他为自己的目标努力奋斗,Tā wèi zìjǐ de mùbiāo nǔlì fèndòu,He works hard for his goals
908,目的地,mù dì dì,destination,2,2,目标,target,的,of,地,land,,,巴黎是我们的旅行目的地,Bālí shì wǒmen de lǚxíng mùdìdì,Paris is our travel destination
909,目前,mù qián,currently,2,2,目,eye,前,front,,,,,目前我们还没有决定,Mùqián wǒmen hái méiyǒu juédìng,At present we have not decided yet
910,拿铁,ná tiě,latte,2,3,拿,to hold,铁,iron,,,,,我早上喜欢喝一杯拿铁,Wǒ zǎoshang xǐhuān hē yì bēi nátiě,I like to drink a latte in the morning
911,拿走,ná zǒu,to take away,2,,,,,,,,,,请别拿走我的文件,qǐng bié ná zǒu wǒ de wén jiàn,Please don’t take away my documents
912,奶酪,nǎi lào,cheese,2,,-,,,,,,,,这块奶酪很香,Zhè kuài nǎilào hěn xiāng,This cheese smells good
913,耐心,nài xīn,patience,2,1,耐力,endurance,心,heart,,,,,训狗需要很多耐心,xùn gǒu xūyào hěn duō nàixīn,Training a dog requires a lot of patience
914,南美,nán měi,South America,2,4,南,south,美洲,America,,,,,他明年要去南美旅行,tā míng nián yào qù nán měi lǚ xíng,He’s going to travel to South America next year
915,难受,nán shòu,uncomfortable;to feel unwell,2,2,难,difficult,受,receive,,,,,我感冒了很难受,Wǒ gǎnmào le hěn nánshòu,I have a cold and feel awful
916,脑,nǎo,brain,2,,,,,,,,,,大脑是人体最重要的器官之一,dà nǎo shì rén tǐ zuì zhòng yào de qì guān zhī yī,The brain is one of the most important organs in the body
917,闹钟,nào zhōng,alarm clock,2,2,热闹,lively,钟,clock,,,,,闹钟响了,nàozhōng xiǎng le,The alarm clock rang
918,内卷,nèi juǎn,involution;competitive overexertion,2,3,内,inner,卷,roll,,,,,工作环境很内卷,Gōngzuò huánjìng hěn nèijuǎn,The work environment is very competitive
919,內裤,nèi kù,underpants,2,2,內,inside,裤,pants,,,,,他买了几条新內裤,Tā mǎi le jǐ tiáo xīn nèikù,He bought several new pairs of underwear
920,内裤,nèi kù,underpants,2,2,内,interior,裤,pants,,,,,他在洗衣机里找不到自己的内裤,tā zài xǐ yī jī lǐ zhǎo bù dào zì jǐ de nèi kù,He couldn’t find his underwear in the washing machine
921,内容,nèi róng,content,2,4,内,interior,形容,describe,,,,,这篇文章内容很丰富,zhè piān wén zhāng nèi róng hěn fēng fù,This article has rich content
922,内衣,nèi yī,underwear,2,2,内,inner,衣服,clothing,,,,,她买了新内衣,Tā mǎi le xīn nèiyī,She bought new underwear
923,能够,néng gòu,be able to,2,,,,,,,,,,我能够完成这件事,Wǒ nénggòu wánchéng zhè jiàn shì,I am able to finish this task
924,年糕,nián gāo,rice cake,2,4,年,year,蛋糕,cake,,,,,过年要吃年糕。,guò nián yào chī nián gāo。,We eat rice cake during New Year.
925,年轻,nián qīng,young,2,1,年,year,轻,light,,,,,保持年轻的心态很重要,Bǎochí niánqīng de xīntài hěn zhòngyào,It’s important to maintain a young mindset
926,牛排,niú​ pái,steak,2,1,牛,cow,排,row,,,,,今天晚上我们吃牛排,Jīntiān wǎnshàng wǒmen chī niúpái,We are having steak tonight
927,牛油果,niú yóu guǒ,avocado,2,1,牛,cow,油,oil,水果,fruit,,,我喜欢在沙拉里加牛油果,Wǒ xǐhuān zài shālā lǐ jiā niúyóuguǒ,I like adding avocado to salads
928,纽约,niǔ yuē,New York,2,,,,,,,,,,纽约的夜景很漂亮,Niǔyuē de yèjǐng hěn piàoliang,New York looks beautiful at night
929,牛仔裤,niú zǎi kù,jeans,2,1,牛仔,cowboy,裤,pants,,,,,我买了一条新牛仔裤,Wǒ mǎi le yī tiáo xīn niúzǎikù,I bought a new pair of jeans
930,糯米,nuò mǐ,sticky rice,2,,-,,,,,,,,粽子是用糯米做的,Zòngzi shì yòng nuòmǐ zuò de,Zongzi is made from glutinous rice
931,偶然,ǒu rán,accidentally,2,3,偶尔,occasionally,突然,suddenly,,,,,我们偶然见面了,Wǒmen ǒurán jiànmiàn le,We met by chance
932,排骨,pái​ gǔ,pork chop,2,3,牛排,steak,骨,bone,,,,,晚餐有红烧排骨,Wǎncān yǒu hóngshāo páigǔ,There are braised ribs for dinner
933,排球,pái qiú,volleyball,2,1,排队,to line up,球,ball,,,,,他们正在打排球,Tāmen zhèngzài dǎ páiqiú,They are playing volleyball
934,盘子,pán zǐ,plate,2,,,,,,,,,,请把盘子放在桌子上,Qǐng bǎ pánzi fàng zài zhuōzi shàng,Please put the plate on the table
935,配件,pèi jiàn,accessories,2,1,配合,matching,件,piece,,,,,这台电脑缺少配件,zhè tái diàonnǎo quēshǎo pèijiàn,This computer is missing parts
936,培训,péi xùn,training,2,,,,,,,,,,公司安排了员工培训,Gōngsī ānpái le yuángōng péixùn,The company arranged staff training
937,碰,pèng,touch;bump,2,,,,,,,,,,我在地铁碰到他了,Wǒ zài dìtiě pèng dào tā le,I ran into him on the subway
938,屁,pì,fart,2,,,,,,,,,,小孩忍不住放了个屁,xiǎo hái rěn bú zhù fàng le gè pì,The child couldn’t help but fart
939,屁股,pì gu,butt,2,,,,,,,,,,小猫坐在我屁股后面,Xiǎo māo zuò zài wǒ pìgu hòumiàn,The kitten sits behind my butt
940,批判,pī pàn,criticize;criticism,2,4,批准,ratify;approve,判断,to judge,,,,,他写了一篇批判社会的文章,Tā xiě le yī piān pīpàn shèhuì de wénzhāng,He wrote an article criticizing society
941,批评,pī píng,to criticize,2,,,,,,,,,,我接受批评但希望方式不要太激烈,wǒ jiē shòu pī píng dàn xī wàng fāng shì bú yào tài jī liè,I accept criticism but hope it is not too harsh
942,偏爱,piān 'ài,to favor;preference,2,1,偏见,prejudice,爱,love,,,,,我偏爱甜食,Wǒ piān'ài tiánshí,I prefer sweet food
943,频率,pín lǜ,frequency,2,4,视频,video,率,rate,,,,,电台的广播频率是多少?,Diàntái de guǎngbò pínlǜ shì duōshǎo?,What’s the broadcast frequency of the radio station?
944,品牌,pǐn​ pái,brand name,2,3,产品,goods,牌子,sign,,,,,这个品牌的衣服很受欢迎,Zhège pǐnpái de yīfú hěn shòu huānyíng,This brand of clothing is very popular
945,瓶,píng,bottle,2,,,,,,,,,,这瓶水喝完了,zhè píng shuǐ hē wán le,This bottle of water is finished
946,平方米,píng fāng mǐ,square meter,2,2,平,flat,方,square,米,meter,,,这个房间有二十平方米,Zhège fángjiān yǒu èrshí píngfāng mǐ,This room is 20 square meters
947,评价,píng jià,opinion;to evaluate,2,2,评论,comment,价格,price,,,,,这家店评价很好,Zhè jiā diàn píngjià hěn hǎo,This shop has great reviews
948,平均每天,píng jūn měi tiān,Average daily,2,,,,,,,,,,我平均每天跑步三公里,Wǒ píngjūn měitiān pǎobù sān gōnglǐ,I run three kilometers every day on average
949,破产,pò chǎn,bankrupt;bankruptcy,2,3,破,to break,生产,production,,,,,公司因为亏损而破产,Gōngsī yīnwèi kuīsǔn ér pòchǎn,The company went bankrupt due to losses
950,瀑布,pù bù,waterfall,2,,-,,,,,,,,那是一个壮观的瀑布,Nà shì yī gè zhuàngguān de pùbù,That is a magnificent waterfall
951,普京,pǔ jīn,Putin,2,,,,,,,,,,普京的新闻经常出现在头条,pǔ jīn de xīn wén jīng cháng chū xiàn zài tóu tiáo,Putin’s news often appears in the headlines
952,扑克牌,pū kè pái,deck of cards,2,3,扑克,poker,牌,card;mahjong tile,,,,,我们晚上一起玩扑克牌吧,wǒ men wǎn shang yī qǐ wán pū kè pái ba,Let’s play cards tonight
953,葡萄干,pú táo gān,raisin,2,1,葡萄,grape,干,dry,,,,,葡萄干很好吃,Pútaogān hěn hǎochī,Raisins are tasty
954,其本上,qí běn shàng,basically,2,5,其他,other,根本,basic,上,upper,,,其本上这个方法可行,Qí běn shàng zhège fāngfǎ kěxíng,Basically this method works
955,起床,qǐ chuáng,get up from bed,2,4,起来,get up,床,bed,,,,,他每天七点起床。,tā měitiān qī diǎn qǐchuáng,He gets up at seven every day.
956,起飞,qǐ fēi,to take off (plane),2,1,起来,to get up,飞,to fly,,,,,飞机准时起飞,Fēijī zhǔnshí qǐfēi,The plane took off on time
957,七分甜,qī fēn tián,70% sweet,2,,,,,,,,,,这蛋糕七分甜,Zhè dàngāo qī fēn tián,This cake is moderately sweet
958,气候,qì hòu,climate,2,2,气,air,时候,time,,,,,这里的气候很适合种茶,Zhèlǐ de qìhòu hěn shìhé zhòng chá,The climate here is suitable for growing tea
959,气泡水,qì pào shuǐ,sparkling water,2,2,气,gas,泡,bubble,水,water,,,她每天都要喝一瓶气泡水,Tā měitiān dōu yào hē yī píng qìpào shuǐ,She drinks a bottle of sparkling water every day
960,骑手,qí shǒu,rider;delivery person,2,3,骑,ride,手,hand,,,,,外卖骑手正在送餐,Wàimài qíshǒu zhèngzài sòngcān,The delivery rider is delivering food
961,汽水,qì shuǐ,soda,2,2,汽,gas,水,water,,,,,我买了几瓶汽水,Wǒ mǎi le jǐ píng qìshuǐ,I bought some soda
962,企业,qǐ yè,enterprise;company,2,,-,,,,,,,,这是一家科技企业,Zhè shì yì jiā kējì qǐyè,This is a tech company
963,汽油,qì yóu,gasoline,2,1,汽,gas,油,oil,,,,,车因为没汽油停在路边,Chē yīnwèi méi qìyóu tíng zài lùbiān,The car stopped by the roadside because it had no gas
964,妻子,qī zi,wife (formal),2,,,,,,,,,,他很依赖自己的妻子。,tā hěn yīlài zìjǐ de qīzi,He relies heavily on his wife.
965,芹菜,qín cài,celery,2,,,,,,,,,,我不太喜欢芹菜的味道,wǒ bú tài xǐ huan qín cài de wèi dào,I don’t really like the taste of celery
966,青,qīng,cyan;blue-green,2,,-,,,,,,,,青色在传统绘画中常见,qīng sè zài chuán tǒng huì huà zhōng cháng jiàn,Cyan is common in traditional painting
967,清单,qīng dān,list,2,,-,,,,,,,,我写好了购物清单,Wǒ xiě hǎo le gòuwù qīngdān,I wrote the shopping list
968,情感,qíng gǎn,emotion,2,,-,,,,,,,,这部电影充满了真挚的情感,Zhè bù diànyǐng chōngmǎn le zhēnzhì de qínggǎn,This movie is full of genuine emotions
969,请求,qǐng qiú,request,2,2,请,please,需求,requirement,,,,,这个是非法请求,zhè gè shì fēi fǎ qǐng qiú,this is an illegal request
970,轻松,qīng sōng,relaxed;light;uncomplicated,2,4,轻,light,放松,to relax,,,,,考试结束后我感觉很轻松,Kǎoshì jiéshù hòu wǒ gǎnjué hěn qīngsōng,I felt very relaxed after the exam
971,青蛙,qīng wā,frog,2,,-,,,,,,,,池塘里有一只青蛙,Chítáng lǐ yǒu yì zhī qīngwā,There is a frog in the pond
972,清真,qīng zhēn,halal,2,2,清,clear;clean,真,real;true,,,,,这家餐厅是清真食品店,Zhè jiā cāntīng shì qīngzhēn shípǐn diàn,This restaurant serves halal food
973,秋葵,qiū kuí,okra,2,2,秋天,autumn,向日葵,sunflower,,,,,秋葵口感很特别,Qiūkuí kǒugǎn hěn tèbié,Okra has a unique texture
974,全家便利店,quán jiā biàn lì diàn,FamilyMart,2,4,全,whole,家,family,便利店,convenience store,,,全家便利店二十四小时营业,quán jiā biàn lì diàn èr shí sì xiǎo shí yíng yè,FamilyMart is open 24 hours
975,缺点,quē diǎn,shortcoming;disadvantage;con,2,2,缺,lack,点,point,,,,,他的缺点是不够细心,Tā de quēdiǎn shì bù gòu xìxīn,His weakness is that he is not careful enough
976,确定,què dìng,confirm,2,4,确实,indeed,一定,surely,,,,,你确定要参加吗?,Nǐ quèdìng yào cānjiā ma?,Are you sure you want to attend?
977,确实,què shí,indeed;true,2,3,确定,confirm,事实,fact,,,,,你说的确实有道理,Nǐ shuō de quèshí yǒu dàolǐ,What you said does make sense
978,热闹,rè nào,lively,2,3,热,hot,闹,noisy,,,,,春节市场很热闹,Chūnjié shìchǎng hěn rènao,The market is very lively during Spring Festival
979,人工智能,rén gōng zhì néng,artificial intelligence;A.I.,2,4,人工,artificial,智能,intelligent,,,,,人工智能正在改变行业,Réngōng zhìnéng zhèngzài gǎibiàn hángyè,Artificial intelligence is changing industries
980,人口,rén kǒu,population,2,3,人,person,口,opening,,,,,这个城市人口很多,Zhège chéngshì rénkǒu hěn duō,This city has a large population
981,人行道,rén xíng dào,sidewalk,2,2,人,person,行,walk,道,path,,,请走人行道,Qǐng zǒu rénxíngdào,Please walk on the sidewalk
982,扔掉,rēng diào,to throw away,2,,,,,,,,,,把这些垃圾扔掉吧,bǎ zhè xiē lā jī rēng diào ba,Throw away this garbage
983,日本,rì běn,Japan,2,5,日,day,根本,basic,,,,,我想去日本旅行,Wǒ xiǎng qù Rìběn lǚxíng,I want to travel to Japan
984,日常,rì cháng,daily;everyday,2,2,日,day,正常,regular,,,,,我的日常包括运动和阅读,Wǒ de rìcháng bāokuò yùndòng hé yuèdú,My daily routine includes exercise and reading
985,日程,rì chéng,schedule,2,2,日,day,过程,process,,,,,我今天的日程很满,Wǒ jīntiān de rìchéng hěn mǎn,My schedule is full today
986,日历,rì lì,calendar,2,2,日,day,历史,history,,,,,我在日历上标记了假期,Wǒ zài rìlì shàng biāojì le jiàqī,I marked the holiday on the calendar
987,日期,rì qí,date (calendar),2,2,日,day,期,period of time,,,,,请在表格上写下日期,Qǐng zài biǎogé shàng xiě xià rìqī,Please write down the date on the form
988,日语,rì yǔ,japanese language,2,4,日本,Japan,语言,language,,,,,他能用日语交流。,tā néng yòng rì yǔ jiāo liú.,he can communicate in japanese.
989,容貌,róng mào,appearance;looks,2,3,容易,easy,礼貌,manners,,,,,她的容貌很清秀,Tā de róngmào hěn qīngxiù,Her looks are delicate
990,肉桂,ròu guì,cinnamon,2,3,肉,meat,桂,Guangxi,,,,,这杯咖啡加了肉桂,Zhè bēi kāfēi jiā le ròuguì,This coffee has cinnamon
991,瑞幸咖啡,ruì xìng kā fēi,Luckin Coffee,2,5,瑞,lucky,幸运,lucky,,,,,瑞幸咖啡在中国很受年轻人欢迎,ruì xìng kā fēi zài zhōng guó hěn shòu nián qīng rén huān yíng,Luckin Coffee is very popular among young people in China
992,撒娇,sā jiāo,to act spoiled;throw a tantrum,2,3,撒谎,to tell lies,娇,loveable,,,,,小孩喜欢对妈妈撒娇,Xiǎohái xǐhuān duì māma sājiāo,Children like to act spoiled with their mom
993,三角形,sān jiǎo xíng,triangle,2,1,三,three,角度,angle,形成,to take shape,,,这张纸被剪成了三角形,Zhè zhāng zhǐ bèi jiǎn chéng le sānjiǎoxíng,This piece of paper was cut into a triangle
994,桑葚,sāng shèn,mulberry,2,,,,,,,,,,夏天可以吃到新鲜的桑葚,Xiàtiān kěyǐ chīdào xīnxiān de sāngshèn,You can eat fresh mulberries in summer
995,森林,sēn lín,forest,2,,-,,,,,,,,他们在森林里迷路了,Tāmen zài sēnlín lǐ mílù le,They got lost in the forest
996,杀菌,shā jùn,to disinfect;sterilize,2,1,杀,kill,菌,germ,,,,,这种药水可以杀菌,Zhè zhǒng yàoshuǐ kěyǐ shājùn,This liquid medicine can kill germs
997,沙漠,shā mò,desert,2,2,沙,sand,冷漠,indifferent,,,,,沙漠里很少下雨,Shāmò lǐ hěn shǎo xiàyǔ,It rarely rains in the desert
998,沙子,shā zi,sand,2,,,,,,,,,,风把沙子吹进了眼睛,fēng bǎ shā zi chuī jìn le yǎn jīng,The wind blew sand into my eyes
999,筛选,shāi xuǎn,filter,2,2,筛,sieve,选,choose,,,,,我们需要筛选出重要信息,Wǒmen xūyào shāixuǎn chū zhòngyào xìnxī,We need to filter out important information
1000,善于,shàn yú,good at;to be adept at,2,,,,,,,,,,她善于解决问题,Tā shànyú jiějué wèntí,She is good at solving problems
1001,山楂,shān zhā,hawthorn,2,,-,,,,,,,,我喜欢吃山楂糖,Wǒ xǐhuān chī shānzhā táng,I like eating hawthorn candy
1002,扇子,shàn zi,fan,2,,,,,,,,,,夏天他总是拿着扇子扇风,xià tiān tā zǒng shì ná zhe shàn zi shān fēng,in summer he always fans himself with a hand fan
1003,伤害,shāng hài,to injure;harm,2,3,伤,injury,害,harm,,,,,请不要伤害别人,Qǐng búyào shānghài biérén,Please don’t hurt others
1004,上坡,shàng pō,uphill,2,2,上,up,坡,slope,,,,,骑车上坡很累,Qí chē shàngpō hěn lèi,It’s tiring to bike uphill
1005,上一个,shàng yī gè,previous;last,2,3,上,upper,一个,one,,,,,请打开上一个文件,Qǐng dǎkāi shàng yī gè wénjiàn,Please open the previous file
1006,少数民族,shǎo shù mín zú,minority,2,1,少,few,数,number,民,people,种族,race,中国有很多少数民族,Zhōngguó yǒu hěn duō shǎoshù mínzú,China has many ethnic minorities
1007,少于,shǎo yú,less than,2,,,,,,,,,,参加的人数少于二十,Cānjiā de rénshù shǎo yú èrshí,The number of participants is less than twenty
1008,勺子,sháo zǐ,spoon,2,,-,,,,,,,,请递给我一把勺子,Qǐng dì gěi wǒ yì bǎ sháozi,Please pass me a spoon
1009,蛇,shé,snake,2,,-,,,,,,,,蛇通常生活在野外。,shé tōng cháng shēng huó zài yě wài.,snakes usually live in the wild.
1010,设计师,shè jì shī,designer,2,,,,,,,,,,这位设计师很有创意,Zhè wèi shèjìshī hěn yǒu chuàngyì,This designer is very creative
1011,社区,shè qū,community;neighborhood,2,2,社,society,区,area,,,,,我住在这个社区,Wǒ zhù zài zhège shèqū,I live in this community
1012,设施,shè shī,facility,2,3,设计,design,实施,to implement,,,,,这个健身房设施很好,Zhège jiànshēnfáng shèshī hěn hǎo,This gym has very good facilities
1013,摄氏度,shè shì dù,degrees celsius,2,4,摄影,photography,氏族,clan,度,degree,,,今天的温度是二十摄氏度,Jīntiān de wēndù shì èrshí shèshìdù,The temperature today is 20 degrees Celsius
1014,舌头,shé tou,tongue,2,,,,,,,,,,他伸出舌头做鬼脸,tā shēn chū shé tou zuò guǐ liǎn,He stuck out his tongue and made a face
1015,摄像头,shè xiàng tóu,video camera;webcam,2,3,摄像,to videotape,镜头,lens,,,,,摄像头坏了。,shè xiàng tóu huài le,The camera is broken.
1016,舍友,shě yǒu,roommate,2,2,宿舍,dormitory,友,friend,,,,,我的舍友很喜欢打游戏,Wǒ de shèyǒu hěn xǐhuān dǎ yóuxì,My roommate likes playing games
1017,身边,shēn biān,beside;on hand;around,2,2,身,body,边,side,,,,,他总带着相机在身边,Tā zǒng dàizhe xiàngjī zài shēnbiān,He always carries a camera with him
1018,神秘,shén mì,mysterious;mystery,2,2,精神,spirit,秘密,secret,,,,,她笑得很神秘,Tā xiào de hěn shénmì,She smiled mysteriously
1019,申请,shēn qǐng,to apply,2,4,申报,to declare (to authorities),请,please;to ask,,,,,我准备申请签证,Wǒ zhǔnbèi shēnqǐng qiānzhèng,I am preparing to apply for a visa
1020,甚至,shèn zhì,even;so much so that,2,,,,,,,,,,他甚至不知道答案,Tā shènzhì bù zhīdào dá’àn,He doesn’t even know the answer
1021,剩菜,shèng cài,leftovers,2,3,剩,leftover,菜,food,,,,,冰箱里还有一些剩菜,Bīngxiāng lǐ hái yǒu yīxiē shèngcài,There are still some leftovers in the fridge
1022,生菜,shēng cài,lettuce,2,3,生,raw,菜,vegetable,,,,,沙拉里有生菜,Shālā lǐ yǒu shēngcài,The salad has lettuce
1023,生产,shēng chǎn,to produce;production,2,2,发生,to happen,产品,goods,,,,,这家工厂主要生产玩具,Zhè jiā gōngchǎng zhǔyào shēngchǎn wánjù,This factory mainly produces toys
1024,圣诞节,shèng dàn jié,Christmas,2,4,圣诞,Christmas,节日,holiday,,,,,圣诞节那天城市里到处都很热闹,shèngdàn jié nà tiān chéngshì lǐ dàochù dōu hěn rènào,The city is lively on Christmas
1025,生命,shēng mìng,a life,2,,,,,,,,,,生命是最宝贵的,shēng mìng shì zuì bǎo guì de,Life is the most precious thing
1026,深圳,Shēnzhèn,Shenzhen,2,6,深,deep,圳,(uncommon),,,,,深圳是中国的科技创新中心,Shēnzhèn shì zhōng guó de kē jì chuàng xīn zhōng xīn,Shenzhen is China’s tech innovation center
1027,湿度,shī dù,humidity,2,1,湿,wet,度,degree,,,,,今天湿度很高,Jīntiān shīdù hěn gāo,The humidity is high today
1028,师傅,shī fu,master;driver,2,,-,,,,,,,,师傅请开快点。,shī fu qǐng kāi kuài diǎn,"Driver, please go faster."
1029,世纪,shì jì,century,2,2,世界,world,年纪,age,,,,,这是二十一世纪的事,Zhè shì èrshíyī shìjì de shì,This is a 21st century matter
1030,时间表,shí jiān biǎo,schedule;timetable,2,1,时间,time,表格,table,,,,,火车时间表已经改了,Huǒchē shíjiānbiǎo yǐjīng gǎi le,The train schedule has already changed
1031,室内,shì nèi,indoor,2,2,室,room,内,inside,,,,,今天我们在室内运动,Jīntiān wǒmen zài shìnèi yùndòng,Today we are exercising indoors
1032,失望,shī wàng,disappointed,2,1,失去,to lose,希望,to hope,,,,,他的表现让我很失望,Tā de biǎoxiàn ràng wǒ hěn shīwàng,His performance disappointed me
1033,食物中毒,shí wù zhòng dú,food poisoning,2,2,食物,food,中,within,毒,poison,,,他因为食物中毒去医院了,Tā yīnwèi shíwù zhòngdú qù yīyuàn le,He went to the hospital because of food poisoning
1034,实验,shí​ yàn,experiment,2,2,事实,fact,经验,experience,,,,,我们在做一个实验,Wǒmen zài zuò yīgè shíyàn,We are doing an experiment
1035,失业,shī yè,unemployment;to lose one's job,2,2,失,lose,职业,profession,,,,,他因为公司倒闭而失业了,Tā yīnwèi gōngsī dǎobì ér shīyè le,He lost his job because the company closed down
1036,十亿,shí yì,billion,2,4,十,ten,亿,hundred million,,,,,这家公司价值超过十亿,Zhè jiā gōngsī jiàzhí chāoguò shí yì,This company is worth over a billion
1037,石油,shí yóu,petroleum;oil,2,1,石,rock,油,oil,,,,,这个国家的石油资源很丰富,zhè gè guó jiā de shí yóu zī yuán hěn fēng fù,This country has abundant petroleum resources
1038,狮子,shī zi,lion,2,,-,,,,,,,,狮子生活在草原上。,shī zi shēng huó zài cǎo yuán shàng.,lions live on the savannah.
1039,手表,shǒu biǎo,wrist watch,2,1,手,hand,表现,to display,,,,,他生日的时候收到了一个手表,Tā shēngrì de shíhòu shōudào le yī gè shǒubiǎo,He received a watch on his birthday
1040,收藏,shōu cáng,to collect;mark (on map),2,4,收,to receive,隐藏,to hide,,,,,他喜欢收藏古董和邮票,tā xǐ huān shōu cáng gǔ dǒng hé yóu piào,He likes collecting antiques and stamps
1041,首都,shǒu dū,capital (city),2,2,首,head;first,都,all;metropolis,,,,,北京是中国的首都,Běijīng shì Zhōngguó de shǒudū,Beijing is the capital of China
1042,收入,shōu rù,income,2,3,收,to receive,入,to enter,,,,,他的收入很高,Tā de shōurù hěn gāo,His income is very high
1043,手术,shǒu shù,surgery,2,1,手,hand,艺术,art,,,,,他刚做了手术,Tā gāng zuò le shǒushù,He just had surgery
1044,手套,shǒu tào,glove;mitten,2,1,手,hand,外套,coat,,,,,冬天要戴手套,Dōngtiān yào dài shǒutào,You should wear gloves in winter
1045,手写,shǒu xiě,handwriting,2,4,手,hand,写,write,,,,,这封信是手写的,zhè fēng xìn shì shǒu xiě de,this letter is handwritten
1046,书包,shū bāo,backpack;school bag;bookbag,2,2,书,book,包,pack,,,,,他的书包很重,Tā de shūbāo hěn zhòng,His backpack is heavy
1047,蔬菜,shū cài,vegetables,2,,-,,,,,,,,多吃蔬菜对身体好,Duō chī shūcài duì shēntǐ hǎo,Eating more vegetables is good for you
1048,薯片,shǔ piàn,chips,2,2,薯,yam,片,slice,,,,,我喜欢吃辣味薯片,Wǒ xǐhuān chī là wèi shǔpiàn,I like spicy potato chips
1049,梳头,shū tóu,comb hair,2,4,梳子,comb,头发,hair,,,,,她每天早上都会梳头再出门。,tā měitiān zǎoshang dōu huì shū tóu zài chūmén,She combs her hair every morning before going out.
1050,熟悉,shú xī,familiar;know well,2,,,,,,,,,,我对这座城市很熟悉,Wǒ duì zhè zuò chéngshì hěn shúxī,I am very familiar with this city
1051,树枝,shù zhī,tree branch,2,5,树,tree,荔枝,lychee,,,,,风吹断了树枝,Fēng chuī duàn le shùzhī,The wind broke the branch
1052,数字,shù zì,numeral,2,2,数,number,文字,character,,,,,请写下你的电话号码的数字,qǐng xiě xià nǐ de diàn huà hào mǎ de shù zì,Please write down the numbers of your phone number
1053,刷牙,shuā yá,brush teeth,2,4,刷,brush,牙齿,teeth,,,,,每天早晚都要刷牙。,měitiān zǎo wǎn dōu yào shuāyá,You should brush your teeth morning and night.
1054,水槽,shuǐ cáo,sink,2,2,水,water,槽,trough;groove,,,,,厨房的水槽坏了,Chúfáng de shuǐcáo huài le,The kitchen sink is broken
1055,睡够,shuì gòu,to get enough sleep,2,,,,,,,,,,我终于睡够了感觉好多了,wǒ zhōng yú shuì gòu le gǎn jué hǎo duō le,I finally slept enough and feel much better
1056,水壶,shuǐ hú,kettle;canteen;watering can,2,2,水,water,壶,jug,,,,,妈妈在厨房烧水壶,Māma zài chúfáng shāo shuǐhú,Mom is boiling the kettle in the kitchen
1057,水库,shuǐ kù,reservoir,2,1,水,water,库,warehouse,,,,,这座城市的水来自附近的水库,Zhè zuò chéngshì de shuǐ láizì fùjìn de shuǐkù,The city’s water comes from a nearby reservoir
1058,水龙头,shuǐ lóng tóu,faucet;tap,2,2,水,water,龙,dragon,头,head,,,水龙头坏了要修,Shuǐlóngtóu huài le yào xiū,The faucet is broken and needs repair
1059,睡着,shuì zháo,to fall asleep,2,,,,,,,,,,宝宝终于睡着了,bǎo bao zhōng yú shuì zháo le,The baby finally fell asleep
1060,顺利,shùn ​lì,smoothly,2,4,顺便,conveniently,利用,to exploit,,,,,如果一切顺利我们下周就出发,Rúguǒ yīqiè shùnlì wǒmen xià zhōu jiù chūfā,If everything goes well we will leave next week
1061,说不定,shuō bu dìng,maybe;can't say for sure,2,3,说,say,不,not,一定,surely,,,他说不定会来,Tā shuōbùdìng huì lái,Maybe he will come
1062,说错,shuō cuò,to misspeak,2,,,,,,,,,,我刚刚说错了对不起,wǒ gāng gāng shuō cuò le duì bù qǐ,I said it wrong sorry
1063,说法,shuō fǎ,saying;statement;wording,2,3,说,speak,法,law,,,,,这种说法不正确,Zhè zhǒng shuōfǎ bù zhèngquè,This statement is incorrect
1064,说实话,shuō shí huà,to be honest;speak the truth;frankly;honestly,2,2,说,to speak,事实,fact,话,speech,,,说实话我有点累,Shuō shíhuà wǒ yǒudiǎn lèi,To be honest I am a little tired
1065,丝绸之路,sī chóu zhī lù,Silk Road,2,4,丝绸,silk,之,modifier word,路,road,,,丝绸之路促进了东西方交流。,sī chóu zhī lù cù jìn le dōng xī fāng jiāo liú,The Silk Road promoted East–West exchange.
1066,似乎,sì hū,seems;apparently,2,3,类似,similar,几乎,almost,,,,,他似乎并不在意结果。,tā sìhū bìng bù zài yì jiéguǒ,He seems not to care about the result.
1067,思想,sī xiǎng,thought;thinking,2,,-,,,,,,,,他的思想很开放,Tā de sīxiǎng hěn kāifàng,His thinking is very open
1068,四月初,sì yuè chū,Early April,2,,,,,,,,,,四月初天气很好,Sìyuè chū tiānqì hěn hǎo,The weather is nice at the beginning of April
1069,四月底,sì yuè dǐ,End of April,2,,,,,,,,,,四月底放假,Sìyuè dǐ fàngjià,There is a holiday at the end of April
1070,四月中,sì yuè zhōng,Mid-April,2,,,,,,,,,,四月中我要搬家,Sìyuè zhōng wǒ yào bānjiā,I will move in mid April
1071,速度,sù​ dù,speed,2,2,快速,fast,程度,degree,,,,,跑步的速度越来越快,Pǎobù de sùdù yuèláiyuè kuài,The running speed is getting faster and faster
1072,塑料,sù liào,plastic,2,,,,,,,,,,桌子上全是塑料袋,zhuozi shang quan shi suliao dai,The table is full of plastic bags
1073,素食,sù shí,vegetarian,2,2,维生素,vitamin,食物,food,,,,,她喜欢吃素食,Tā xǐhuān chī sùshí,She likes to eat vegetarian food
1074,随身的行李,suí shēn de xíng lǐ,carry-on luggage,2,2,随便,as one wishes,身,body,的,of,行李,luggage,,,
1075,随性,suí xìng,casual,2,2,随便,as one wishes,性,nature,,,,,他做事很随性,Tā zuòshì hěn suíxìng,He does things very casually
1076,孙女,sūn nǚ,granddaughter (son’s daughter),2,,,,,,,,,,奶奶每天都想见见她的小孙女。,nǎinai měitiān dōu xiǎng jiànjiàn tā de xiǎo sūnnǚ.,Grandma wants to see her little granddaughter every day.
1077,孙子,sūn zi,grandson (son’s son),2,,,,,,,,,,爷爷最喜欢带孙子去公园玩。,yéye zuì xǐhuān dài sūnzi qù gōngyuán wán.,Grandpa loves taking his grandson to the park.
1078,缩写,suō xiě,abbreviation,2,1,缩小,to shrink,写,write,,,,,这个词是常用缩写,Zhège cí shì chángyòng suōxiě,This word is a common abbreviation
1079,台北,tái běi,Taipei,2,,,,,,,,,,我在台北学了中文,Wǒ zài Táiběi xué le Zhōngwén,I studied Chinese in Taipei
1080,台风,tái fēng,typhoon,2,3,台,platform,风,wind,,,,,台风明天要登陆,Táifēng míngtiān yào dēnglù,The typhoon will make landfall tomorrow
1081,台阶,tái jiē,step;flight of stairs,2,2,台,platform,阶段,stage;phase,,,,,小心台阶,Xiǎoxīn táijiē,Watch the step
1082,谈恋爱,tán liàn ài,to be in a romantic relationship,2,3,谈,talk,恋爱,romantic love,,,,,他们开始谈恋爱了,Tāmen kāishǐ tán liàn'ài le,They started dating
1083,糖果,táng guǒ,candy,2,,糖,sugar,水果,fruit,,,,,孩子们最喜欢糖果,háizimen zuì xǐhuan tángguǒ,Children like candy most
1084,糖葫芦,táng hú lu,candied hawthorn stick,2,4,糖,sugar,葫芦,calabash;bottle gourd,,,,,我小时候最爱吃糖葫芦,wǒ xiǎo shí hòu zuì ài chī táng hú lu,I loved eating candied haws when I was little
1085,躺平,tǎng píng,lie flat,2,4,躺,lie,平,flat,,,,,他决定躺平不再内卷,Tā juédìng tǎngpíng bú zài nèijuǎn,He decided to lie flat and stop over competing
1086,唐人街,táng rén jiē,Chinatown,2,2,唐代,Tang Dynasty,人,person,街,street,,,我们去唐人街吃中餐,Wǒmen qù Tángrénjiē chī zhōngcān,We went to Chinatown to eat Chinese food
1087,特朗普,tè lǎng pǔ,Trump,2,,,,,,,,,,很多人喜欢讨论特朗普的言论,hěn duō rén xǐ huān tǎo lùn tè lǎng pǔ de yán lùn,Many people like to discuss Trump’s statements
1088,提到,tí dào,mentioned,2,4,提供,to offer,到,to arrive,,,,,他说话时提到了你,Tā shuōhuà shí tídào le nǐ,He mentioned you while talking
1089,提示,tí shì,hint;tip,2,2,提供,to offer,表示,to show,,,,,谢谢你的提示,Xièxie nǐ de tíshì,Thanks for the reminder
1090,体贴,tǐ tiē,thoughtful;considerate,2,3,身体,body,贴,to stick;paste to,,,,,他对家人非常体贴。,tā duì jiā rén fēi cháng tǐ tiē.,he is very considerate to his family.
1091,天空,tiān kōng,sky,2,,,,,,,,,,今天的天空很蓝,jīn tiān de tiān kōng hěn lán,The sky is very blue today
1092,天堂,tiān táng,heaven;paradise,2,2,天,sky,堂,hall,,,,,他觉得海边是天堂,Tā juéde hǎibiān shì tiāntáng,He thinks the beach is paradise
1093,挑剔,tiāo ti,picky,2,3,挑战,to challenge,剔除,to weed out,,,,,她对吃的很挑剔。,tā duì chī de hěn tiāo ti.,she is very picky about food.
1094,调味品,tiáo wèi pǐn,seasoning,2,1,调,adjust,味,flavor,品,product,,,炒菜时加一些调味品味道更好,Chǎocài shí jiā yīxiē tiáowèipǐn wèidào gèng hǎo,Adding some seasonings makes stir fry taste better
1095,挑战,tiǎo zhàn,to challenge,2,3,挑选,to choose,战争,war,,,,,登山是一种挑战,Dēngshān shì yī zhǒng tiǎozhàn,Climbing a mountain is a challenge
1096,帖子,tiě zǐ,post (on social media),2,,-,,,,,,,,我发了一个新帖子,Wǒ fā le yí gè xīn tiězi,I posted a new thread
1097,停车场,tíng​ chē ​chǎng,parking lot,2,1,停,stop,车,car,场,open space,,,停车场满了,Tíngchēchǎng mǎn le,The parking lot is full
1098,听到,tīng dào,to hear,2,,,,,,,,,,我听到了奇怪的声音,wǒ tīng dào le qí guài de shēng yīn,I heard a strange sound
1099,听清楚,tīng qīng chǔ,to hear clearly,2,,,,,,,,,,你听清楚老师说的话了吗,nǐ tīng qīng chǔ lǎo shī shuō de huà le ma,Did you hear clearly what the teacher said
1100,通货膨胀率,tōng huò péng zhàng lǜ,inflation rate,2,4,通,pass through,货,goods,膨胀,to inflate,率,rate,今年的通货膨胀率很高,Jīnnián de tōnghuò péngzhàng lǜ hěn gāo,The inflation rate is high this year
1101,统计,tǒng jì,statistics,2,3,系统,system,估计,to estimate,,,,,根据统计 这里人口很多,Gēnjù tǒngjì zhèlǐ rénkǒu hěn duō,According to statistics there are many people here
1102,同事,tóng shì,colleague;coworker,2,2,同,same,事,matter,,,,,我同事愿意帮我加班,Wǒ tóngshì yuànyì bāng wǒ jiābān,My coworker is willing to help me work overtime
1103,同性恋,tóng​ xìng ​liàn,homosexuality,2,2,同,same,性别,gender,恋,love,,,他公开承认自己是同性恋,Tā gōngkāi chéngrèn zìjǐ shì tóngxìngliàn,He openly admitted that he is gay
1104,通知设置,tōng zhī shè zhì,Notification settings,2,,,,,,,,,,你可以更改通知设置,Nǐ kěyǐ gēnggǎi tōngzhī shèzhì,You can change notification settings
1105,头等舱,tóu děng cāng,first class,2,2,头,head,等,rank,舱,cabin,,,他买了头等舱机票,Tā mǎi le tóuděngcāng jīpiào,He bought a first-class ticket
1106,头盔,tóu kuī,helmet,2,1,头,head,盔甲,armor,,,,,骑摩托车一定要戴头盔。,qí mó tuō chē yī dìng yào dài tóu kuī。,You must wear a helmet when riding a motorcycle.
1107,投诉一下,tóu sù yī xià,make a complaint,2,4,投诉,complain,一下,give it a go,,,,,服务不好我想投诉一下,Fúwù bù hǎo wǒ xiǎng tóusù yīxià,The service was poor and I want to file a complaint
1108,偷偷,tōu tōu,stealthily;secretly;covertly,2,3,偷,to steal,偷,to steal,,,,,他偷偷地看了我一眼,Tā tōutōu de kàn le wǒ yī yǎn,He secretly glanced at me
1109,偷走,tōu zǒu,to steal away,2,4,小偷,thief,走,to walk,,,,,有人偷走了我的手机,yǒu rén tōu zǒu le wǒ de shǒu jī,Someone stole my phone
1110,涂,tú,to spread;smear;scribble,2,,,,,,,,,,他在墙上涂了油漆,Tā zài qiáng shàng tú le yóuqī,He painted on the wall
1111,徒步,tú bù,to hike,2,3,徒,disciple,步,step,,,,,我们准备徒步进山。,wǒ men zhǔn bèi tú bù jìn shān。,We plan to hike into the mountains.
1112,吐司,tǔ sī,toast,2,4,吐,vomit,司,to manage,,,,,早餐我常吃吐司,Zǎocān wǒ cháng chī tǔsī,I often eat toast for breakfast
1113,兔子,tù zi,rabbit,2,,,,,,,,,,那只白兔子很可爱,nà zhī bái tù zi hěn kě ài,That white rabbit is very cute
1114,退货,tuì huò,return (goods),2,3,退,retreat,货,goods,,,,,不合适可以退货,Bù héshì kěyǐ tuìhuò,You can return it if it does not fit
1115,腿上,tuǐ shàng,lap;on the legs,2,4,腿,leg,上面,on top of,,,,,他的腿上有一道疤。,tā de tuǐ shàng yǒu yí dào bā,There is a scar on his leg.
1116,脱掉,tuō diào,to take off (clothes),2,,,,,,,,,,进屋请脱掉鞋子,jìn wū qǐng tuō diào xié zi,Please take off your shoes before entering
1117,脱口秀,tuō kǒu xiù,stand up comedy;talk show,2,3,脱掉,take off,口,mouth,秀,show,,,他最近开始尝试脱口秀表演。,tā zuì jìn kāi shǐ cháng shì tuō kǒu xiù biǎo yǎn.,he recently started trying stand up comedy.
1118,拖延,tuō yán,procrastination,2,2,拖,to drag,延迟,delay,,,,,他常常拖延作业。,tā cháng cháng tuō yán zuò yè.,he often procrastinates on homework.
1119,外表,wài biǎo,appearance,2,1,外,outside,表现,to show,,,,,不要只看外表,Búyào zhǐ kàn wàibiǎo,Don’t just look at appearances
1120,外公,wài gōng,grandfather (maternal),2,3,外,outside,老公,husband,,,,,外公年轻时当过老师。,wàigōng niánqīng shí dāng guò lǎoshī.,Grandpa (maternal) was a teacher when he was young.
1121,外交,wài jiāo,diplomacy,2,1,外国,foreign,交流,communication,,,,,外交在维持和平中很重要,Wàijiāo zài wéichí hépíng zhōng hěn zhòngyào,Diplomacy is very important in maintaining peace
1122,外贸,wài mào,foreign trade,2,3,外,outside,贸易,trade,,,,,她做外贸很多年了,Tā zuò wàimào hěn duō nián le,She has worked in foreign trade for many years
1123,外婆,wài pó,grandmother (maternal),2,3,外,outside,老婆,wife,,,,,外婆每次见我都给我做饭。,wàipó měicì jiàn wǒ dōu gěi wǒ zuòfàn.,Grandma (maternal) cooks for me every time I visit.
1124,外套,wài​ tào,coat;jacket,2,1,外,outside,套,cover,,,,,我穿了一件外套,Wǒ chuān le yī jiàn wàitào,I wore a coat
1125,外语,wài yǔ,foreign language,2,4,外国,foreign,语,language,,,,,学习外语需要耐心,Xuéxí wàiyǔ xūyào nàixīn,Learning a foreign language requires patience
1126,晚点见,wǎn diǎn jiàn,see you later,2,4,晚,late,一点,a little,见,see,,,晚点见我会迟到,Wǎn diǎn jiàn wǒ huì chídào,See you later I will be late
1127,玩具,wán jù,toy,2,1,玩,play,具,tool,,,,,小孩在玩玩具,Xiǎohái zài wán wánjù,The child is playing with toys
1128,网,wǎng,net,2,,,,,,,,,,鱼被网住了,yú bèi wǎng zhù le,The fish got caught in the net
1129,王朝,wáng cháo,dynasty,2,3,王,king,朝鲜,North Korea,,,,,这是一个古老的王朝,Zhè shì yī gè gǔlǎo de wángcháo,This is an ancient dynasty
1130,网飞,wǎng fēi,Netflix,2,3,网,net,飞,fly,,,,,我在网飞上看了一部电影,Wǒ zài Wǎngfēi shàng kàn le yī bù diànyǐng,I watched a movie on Netflix
1131,网红,wǎng hóng,influencer,2,1,网络,internet,红,red,,,,,她是个很受欢迎的网红,Tā shì gè hěn shòu huānyíng de wǎnghóng,She is a very popular internet celebrity
1132,网球,wǎng qiú,tennis,2,2,网,net,球,ball,,,,,我们周五打网球,Wǒmen zhōuwǔ dǎ wǎngqiú,We play tennis on Friday
1133,网友,wǎng yǒu,netizen;internet user,2,2,网络,internet,友,friend,,,,,我和网友约好一起吃饭,Wǒ hé wǎngyǒu yuē hǎo yīqǐ chīfàn,I arranged to have a meal with an online friend
1134,网约车,wǎng yuē chē,app-based taxi,2,2,网络,network,约会,appointment,汽车,car,,,我叫了一辆网约车去机场。,wǒ jiàole yī liàng wǎngyuēchē qù jīchǎng.,I called a ride-hailing car to go to the airport.
1135,网站,wǎng ​zhàn,website,2,1,网络,internet,站,station,,,,,这个网站很有用,Zhège wǎngzhàn hěn yǒuyòng,This website is very useful
1136,尾巴,wěi ba,tail,2,,,,,,,,,,猫的尾巴很长。,māo de wěi ba hěn cháng.,The cat’s tail is very long.
1137,微博,wēi bó,Chinese Twitter,2,2,微,micro,博客,blog,,,,,我每天在微博上刷明星动态,wǒ měitiān zài wēibó shàng shuā míngxīng dòngtài,I check celebrity news on Weibo every day
1138,微波炉,wéi bō lú,microwave,2,3,微,micro,波,wave,炉,furnace,,,我用微波炉热了饭,Wǒ yòng wēibōlú rè le fàn,I heated the food in the microwave
1139,未婚夫,wèi hūn fū,fiancé (male),2,1,未来,future,婚,married,丈夫,husband,,,她的未婚夫在国外工作。,tā de wèihūnfū zài guówài gōngzuò,Her fiancé works abroad.
1140,未婚妻,wèi hūn qī,fiancée (female),2,1,未来,future,婚,married,妻子,wife,,,我听说他的未婚妻很有才华。,wǒ tīngshuō tā de wèihūnqī hěn yǒu cáihuá,I heard his fiancée is very talented.
1141,危机,wéi jī,crisis,2,2,危,danger,机,machine,,,,,公司正在应对危机,Gōngsī zhèngzài yìngduì wēijī,The company is dealing with a crisis
1142,微克,wēi kè,microgram,2,3,微,tiny,克,gram,,,,,剂量是五百微克,Jìliàng shì wǔbǎi wēikè,The dosage is 500 micrograms
1143,为啥,wèi shá,why,2,3,因为,because,啥,what,,,,,你为啥突然不说话了,nǐ wèi shá tū rán bù shuō huà le,Why did you suddenly stop talking
1144,微信群,wēi xìn qún,WeChat Group,2,,,,,,,,,,我们在微信群聊天,Wǒmen zài wēixìn qún liáotiān,We chat in WeChat group
1145,维修,wéi xiū,maintainance;repair,2,3,维持,to maintain,修,to fix,,,,,这台电脑需要维修,Zhè tái diànnǎo xūyào wéixiū,This computer needs repair
1146,唯一,wéi yī,the only,2,,-,,,,,,,,他是我唯一的朋友,Tā shì wǒ wéiyī de péngyǒu,He is my only friend
1147,位置,wèi zhì,position;location,2,,-,,,,,,,,请把位置发给我,Qǐng bǎ wèizhì fā gěi wǒ,Please send me the location
1148,稳定,wěn dìng,stable,2,,-,,,,,,,,他的工作很稳定,Tā de gōngzuò hěn wěndìng,His job is very stable
1149,文化差异,wén huà chā yì,cultural differences,2,4,文化,culture,差异,difference,,,,,文化差异有时会带来误会,Wénhuà chāyì yǒushí huì dàilái wùhuì,Cultural differences sometimes cause misunderstandings
1150,文化冲击,wén huà chōng jī,culture shock,2,,,,,,,,,,我第一次来中国时有文化冲击,wǒ dì yī cì lái zhōng guó shí yǒu wén huà chōng jī,I experienced culture shock when I first came to China
1151,纹身,wén shēn,tattoo,2,2,指纹,fingerprint,身,body,,,,,他胳膊上有一个纹身,Tā gēbo shàng yǒu yī gè wénshēn,He has a tattoo on his arm
1152,文学,wén xué,literature,2,1,文,writing,学,learning,,,,,文学课很有趣,Wénxué kè hěn yǒuqù,Literature class is interesting
1153,沃尔玛,wò ěr mǎ,Walmart,2,,,,,,,,,,我今天去沃尔玛买生活用品,wǒ jīn tiān qù wò ěr mǎ mǎi shēng huó yòng pǐn,I went to Walmart today to buy daily necessities
1154,无花果,wú huā guǒ,fig,2,1,无,no,花,flower,果,fruit,,,花园里有无花果树,Huāyuán lǐ yǒu wúhuāguǒ shù,There is a fig tree in the garden
1155,误会,wù huì,misunderstand,2,3,错误,mistake,社会,society,,,,,我想我们有点误会,Wǒ xiǎng wǒmen yǒu diǎn wùhuì,I think we have a small misunderstanding
1156,乌克兰,wū kè lán,Ukraine,2,4,乌,crow,克,gram,兰,orchid,,,他正在研究乌克兰历史,Tā zhèngzài yánjiū Wūkèlán lìshǐ,He is studying Ukrainian history
1157,物理,wù lǐ,physics,2,1,物,thing,理论,theory,,,,,我对物理很感兴趣,Wǒ duì wùlǐ hěn gǎn xìngqù,I am very interested in physics
1158,无聊,wú​ liáo,bored;boring,2,1,无,no,聊天,to chat,,,,,我在家觉得很无聊,Wǒ zài jiā juéde hěn wúliáo,I feel very bored at home
1159,物流,wù liú,logistics,2,1,物,thing,流,flow,,,,,物流信息更新了,Wùliú xìnxī gēngxīn le,The shipping information has been updated
1160,乌龙茶,wū lóng chá,oolong tea,2,3,乌,crow,龙,dragon,茶,tea,,,我想点一杯乌龙茶,Wǒ xiǎng diǎn yì bēi wūlóngchá,I’d like to order a cup of oolong tea
1161,雾霾,wù mái,smog;haze,2,,-,,,,,,,,今天的雾霾很严重,Jīntiān de wùmái hěn yánzhòng,Today’s smog is very serious
1162,无人机,wú rén jī,drone,2,1,无,no,人,person,机,machine,,,他买了一架无人机,Tā mǎi le yí jià wúrénjī,He bought a drone
1163,武汉,Wǔhàn,Wuhan,2,3,武术,martial;military,汉,Chinese,,,,,武汉的长江大桥很壮观,Wǔhàn de Cháng Jiāng Dà Qiáo hěn zhuàng guān,The Yangtze River Bridge in Wuhan is magnificent
1164,西班牙,xī bān yá,Spain,2,3,西,west,班,class,牙,tooth,,,他们去西班牙旅行,Tāmen qù Xībānyá lǚxíng,They traveled to Spain
1165,西班牙语,xī bān yá yǔ,spanish language,2,4,西班牙,Spain,语言,language,,,,,西班牙语在拉美很常见。,xī bān yá yǔ zài lā měi hěn cháng jiàn.,spanish is common in latin america.
1166,喜茶,xǐ chá,HeyTea,2,4,喜欢,like,茶,tea,,,,,喜茶的奶茶排队要很久,xǐ chá de nǎi chá pái duì yào hěn jiǔ,people wait a long time in line at HeyTea
1167,西湖,xī hú,West Lake,2,4,西,west,湖,lake,,,,,西湖四季都有不同的美。,xī hú sì jì dōu yǒu bù tóng de měi,West Lake is beautiful in every season.
1168,细节,xì jié,detail,2,4,细胞,cell,节目,program,,,,,成功在于细节,chéng gōng zài yú xì jié,Success lies in the details
1169,习近平,xí jìn píng,Xi Jinping,2,,,,,,,,,,习近平在新闻中经常被提到,xí jìn píng zài xīn wén zhōng jīng cháng bèi tí dào,Xi Jinping is often mentioned in the news
1170,洗脸,xǐ liǎn,wash face,2,4,洗,wash,脸,face,,,,,起床后先洗脸。,qǐchuáng hòu xiān xǐ liǎn,Wash your face first after getting up.
1171,洗钱,xǐ qián,money laundering,2,,,,,,,,,,他因为洗钱被调查,Tā yīnwèi xǐqián bèi diàochá,He is under investigation for money laundering
1172,洗手液,xǐ shǒu yè,liquid hand soap,2,3,洗,wash,手,hand,液,liquid,,,洗手液在洗手台旁边,Xǐshǒuyè zài xǐshǒutái pángbiān,The hand sanitizer is next to the sink
1173,习俗,xí sú,custom;tradition,2,4,习惯,habit,粗俗,vulgar,,,,,春节有很多传统习俗,Chūnjié yǒu hěn duō chuántǒng xísú,There are many traditional customs during Spring Festival
1174,洗澡,xǐ zǎo,to bathe;shower,2,5,洗,to wash,澡堂,bathhouse,,,,,我每天晚上都喜欢洗澡。,wǒ měi tiān wǎn shang dōu xǐ huan xǐ zǎo.,I like to take a shower every night.
1175,西安,Xī’ān,Xi’an,2,3,西,west,安,safe,,,,,西安以兵马俑吸引游客,Xī’ān yǐ bīng mǎ yǒng xī yǐn yóu kè,Xi’an attracts tourists with the Terracotta Army
1176,下半年,xià bàn nián,Second half of the year,2,4,下,lower,半,half,年,year,,,下半年我要出差,Xià bànnián wǒ yào chūchāi,I will go on a business trip in the second half of the year
1177,下降,xià jiàng,decrease;decline;drop;fall,2,,-,,,,,,,,温度在下降。,wēn dù zài xià jiàng。,The temperature is dropping.
1178,下坡,xià pō,downhill,2,2,下,down,坡,slope,,,,,这条路是下坡路,Zhè tiáo lù shì xiàpō lù,This road goes downhill
1179,吓死,xià sǐ,frighten to death,2,,,,,,,,,,那只蜘蛛把我吓死了,nà zhī zhī zhū bǎ wǒ xià sǐ le,That spider scared me to death
1180,现代,xiàn dài,modern,2,1,现在,now,时代,era,,,,,这是现代设计,Zhè shì xiàndài shèjì,This is modern design
1181,现金,xiàn jīn,cash,2,4,现在,now,金,metal,,,,,他用现金付款,Tā yòng xiànjīn fùkuǎn,He paid in cash
1182,羡慕,xiàn mù,(moderate) envy,2,,,,,,,,,,我很羡慕你的生活,Wǒ hěn xiànmù nǐ de shēnghuó,I really envy your life
1183,线上,xiàn shàng,online,2,2,线,line,上,above,,,,,很多课程都可以线上学习,Hěn duō kèchéng dōu kěyǐ xiànshàng xuéxí,Many courses can be studied online
1184,先生,xiān sheng,sir,2,3,先,first,生活,life,,,,,这位先生，请这边走。,"zhè wèi xiān sheng, qǐng zhè biān zǒu.","Sir, please come this way."
1185,线索,xiàn suǒ,clue,2,3,线,thread,搜索,to search,,,,,警方找到了重要的线索,Jǐngfāng zhǎodào le zhòngyào de xiànsuǒ,The police found an important clue
1186,线下,xiàn xià,offline,2,2,线,line,下,under,,,,,我们线下见面讨论项目,Wǒmen xiànxià jiànmiàn tǎolùn xiàngmù,We will meet offline to discuss the project
1187,香草,xiāng cǎo,vanilla,2,1,香,fragrant,草,grass,,,,,冰淇淋店里有香草口味的,Xīngqílín diàn lǐ yǒu xiāngcǎo kǒuwèi de,The ice cream shop has vanilla flavor
1188,香肠,xiāng cháng,sausage,2,1,香,fragrant,肠,intestines,,,,,早餐我做了鸡蛋和香肠,Zǎocān wǒ zuò le jīdàn hé xiāngcháng,For breakfast I made eggs and sausages
1189,想起来,xiǎng qǐ lái,to suddenly remember,2,1,思想,thought,起来,to get up,,,,,我突然想起来了,Wǒ tūrán xiǎng qǐlái le,I suddenly remembered
1190,相亲,xiāng qīn,matchmaking,2,2,互相,mutual,亲,relative,,,,,她下周去参加相亲活动,Tā xià zhōu qù cānjiā xiāngqīn huódòng,She will attend a matchmaking event next week
1191,项圈,xiàng quān,collar (pet),2,1,项,neck,圈,circle,,,,,我给猫买了一个新项圈。,wǒ gěi māo mǎi le yī gè xīn xiàng quān.,I bought a new collar for the cat.
1192,香水,xiāng shuǐ,perfume,2,1,香,fragrant,水,water,,,,,她喜欢清淡香水,Tā xǐhuān qīngdàn xiāngshuǐ,She likes light perfume
1193,香芋,xiāng yù,taro,2,,,,,,,,,,我最喜欢香芋味的奶茶,Wǒ zuì xǐhuān xiāngyù wèi de nǎichá,I like taro-flavored milk tea the most
1194,小便,xiǎo biàn,to urinate;pee,2,2,小,small,方便,convenient,,,,,请不要在公共场所小便,Qǐng bùyào zài gōnggòng chǎngsuǒ xiǎobiàn,Please do not urinate in public places
1195,小程序,xiǎo chéng xù,mini program,2,4,小,small,程序,computer program;procedures,,,,,我用小程序点外卖,Wǒ yòng xiǎochéngxù diǎn wàimài,I order food with a mini app
1196,小费,xiǎo fèi,tip,2,1,小,small,费,fee,,,,,服务员很高兴收到小费,Fúwùyuán hěn gāoxìng shōudào xiǎofèi,The waiter was happy to receive a tip
1197,小伙子,xiǎo huǒ zi,young man,2,4,小,little,伙伴,partner,孩子,child,,,那个小伙子很有活力也很热情,nà gè xiǎo huǒ zi hěn yǒu huó lì yě hěn rè qíng,That young man is energetic and enthusiastic
1198,效率,xiào lǜ,efficiency,2,3,高效,efficient,率,rate,,,,,提高工作效率很重要,Tígāo gōngzuò xiàolǜ hěn zhòngyào,Improving work efficiency is important
1199,小麦,xiǎo mài,wheat,2,,-,,,,,,,,小麦是重要的粮食作物。,xiǎo mài shì zhòng yào de liáng shí zuò wù.,wheat is an important food crop.
1200,小名,xiǎo míng,nickname,2,1,小,small,名,name,,,,,他的小名很好听,Tā de xiǎomíng hěn hǎotīng,His nickname sounds nice
1201,销售员,xiāo shòu yuán,salesperson,2,3,销售,sell,人员,staff,,,,,那位销售员特别热情。,nà wèi xiāoshòuyuán tèbié rèqíng.,That salesperson was very enthusiastic.
1202,孝顺,xiào shùn,filial;obedient to elders,2,,-,,,,,,,,她对父母很孝顺,Tā duì fùmǔ hěn xiàoshùn,She is very filial to her parents
1203,宵夜,xiāo yè,night snack,2,4,宵,night,夜,night,,,,,我们半夜出去吃宵夜,Wǒmen bànyè chūqù chī xiāoyè,We went out for a late-night snack
1204,谐音梗,xié yīn gěng,pun,2,3,和谐,harmonious,音,sound,梗,stem;stalk (flower),,,这个段子是个谐音梗,Zhège duànzi shì gè xiéyīngěng,This joke is a pun
1205,新加坡,xīn jiā pō,Singapore,2,,,,,,,,,,新加坡一年四季都很热,Xīnjiāpō yī nián sì jì dōu hěn rè,Singapore is hot all year round
1206,辛苦,xīn kǔ,exhausting;hard work,2,3,辛,laborious,苦,bitter,,,,,你今天辛苦了,Nǐ jīntiān xīnkǔ le,You worked hard today
1207,心理,xīn lǐ,psychology;mentality,2,2,心,heart,理论,theory,,,,,学习心理学很有意思,Xuéxí xīnlǐxué hěn yǒuyìsi,Studying psychology is very interesting
1208,心情,xīn qíng,mood,2,1,心,heart,情,feeling,,,,,我今天心情很好,Wǒ jīntiān xīnqíng hěn hǎo,I am in a good mood today
1209,信任,xìn rèn,to trust,2,3,相信,to believe,责任,blame,,,,,我非常信任你,Wǒ fēicháng xìnrèn nǐ,I trust you very much
1210,新手,xīn shǒu,novice,2,1,新,new,手,hand,,,,,我是开车的新手,Wǒ shì kāichē de xīnshǒu,I am a beginner driver
1211,星巴克,xīng bā kè,Starbucks,2,4,星,star,嘴巴,mouth,克,gram,,,星巴克的咖啡很贵但很受欢迎,xīng bā kè de kā fēi hěn guì dàn hěn shòu huān yíng,Starbucks coffee is expensive but very popular
1212,兴奋,xīng fèn,excited,2,,-,,,,,,,,她今天特别兴奋,Tā jīntiān tèbié xīngfèn,She is very excited today
1213,醒来,xǐng lái,wake up,2,4,提醒,to remind,回来,come back,,,,,我早上六点醒来。,wǒ zǎoshang liù diǎn xǐnglái,I woke up at six in the morning.
1214,行李,xíng lǐ,luggage,2,2,行,to walk,李,plum,,,,,行李被放在后备箱,Xínglǐ bèi fàng zài hòubèixiāng,The luggage was put in the trunk
1215,行李箱,xíng lǐ xiāng,suitcase,2,1,行李,luggage,箱,box,,,,,我的行李箱坏了,Wǒ de xínglǐxiāng huài le,My suitcase is broken
1216,姓名,xìng míng,full name,2,2,姓,surname,名,first name,,,,,请在表格上填写姓名,Qǐng zài biǎogé shàng tiánxiě xìngmíng,Please fill in your name on the form
1217,杏仁,xìng rén,almond,2,3,杏子,apricot,仁,benevolence,,,,,杏仁常用于甜点。,xìng rén cháng yòng yú tián diǎn.,almonds are often used in desserts.
1218,熊猫,xióng māo,panda,2,1,熊,bear,猫,cat,,,,,熊猫是中国的象征,Xióngmāo shì Zhōngguó de xiàngzhēng,The panda is a symbol of China
1219,宣传,xuān chuán,propaganda;publicize,2,,,,,,,,,,公司在做新产品的宣传,Gōngsī zài zuò xīn chǎnpǐn de xuānchuán,The company is promoting a new product
1220,学霸,xué bà,straight A student,2,,,,,,,,,,她在学校里是个学霸,Tā zài xuéxiào lǐ shì gè xuébà,She is a top student at school
1221,学到,xué dào,to have learned,2,,,,,,,,,,我在实习中学到了很多东西,wǒ zài shí xí zhōng xué dào le hěn duō dōng xi,I learned a lot during the internship
1222,亚麻布,yà má bù,linen,2,3,亚,Asia,麻,hemp,布,cloth,,,这件衣服是亚麻布做的,Zhè jiàn yīfu shì yàmábù zuò de,This piece of clothing is made of linen
1223,牙刷,yá shuā,toothbrush,2,2,牙,tooth,刷,to brush,,,,,别忘了带上牙刷,Bié wàng le dàishàng yáshuā,Don’t forget to bring your toothbrush
1224,牙线,yá xiàn,floss,2,1,牙,tooth,线,thread,,,,,医生建议我每天用牙线,yī shēng jiàn yì wǒ měi tiān yòng yá xiàn,The doctor suggests I use dental floss every day
1225,押韵,yā yùn,to rhyme,2,,-,,,,,,,,这首诗押韵很工整,Zhè shǒu shī yāyùn hěn gōngzhěng,This poem rhymes very neatly
1226,盐,yán,salt,2,,-,,,,,,,,请在汤里加一点盐。,qǐng zài tāng lǐ jiā yī diǎn yán.,Please add some salt to the soup.
1227,烟,yān,smoke,2,,,,,,,,,,房间里有烟的味道,fáng jiān lǐ yǒu yān de wèi dào,There’s a smell of smoke in the room
1228,研究,yán jiū,research,2,,-,,,,,,,,我在研究这个问题,Wǒ zài yánjiū zhège wèntí,I am researching this problem
1229,颜色,yán sè,color,2,,-,,,,,,,,我最喜欢的颜色是蓝色。,wǒ zuì xǐ huān de yán sè shì lán sè.,my favorite color is blue.
1230,严肃,yán sù,serious,2,,-,,,,,,,,老师的表情很严肃。,lǎo shī de biǎo qíng hěn yán sù。,The teacher looked serious.
1231,验血,yàn xiě,blood test,2,2,实验,experiment,血,blood,,,,,医生建议我验血,Yīshēng jiànyì wǒ yànxiě,The doctor suggested I have a blood test
1232,研一,yán yī,first year graduate student,2,2,研究生,graduate student,一,one,,,,,他是研一的新生,Tā shì yán yī de xīnshēng,He is a first-year graduate student
1233,样品,yàng pǐn,sample,2,3,样,kind,产品,goods,,,,,展会上展示了很多样品,Zhǎnhuì shàng zhǎnshì le hěn duō yàngpǐn,Many samples were displayed at the exhibition
1234,痒痒,yǎng yang,itch;tickle,2,,,,,,,,,,我的胳膊有点痒痒,Wǒ de gēbo yǒudiǎn yǎngyang,My arm feels a bit itchy
1235,遥控,yáo kòng,remote control,2,2,遥远,distant,控制,control,,,,,我用遥控开电视,Wǒ yòng yáokòng kāi diànshì,I use the remote to turn on the TV
1236,邀请,yāo qǐng,invite,2,,,,,,,,,,谢谢你的邀请,Xièxiè nǐ de yāoqǐng,Thank you for your invitation
1237,要求,yāo qiú,to require;requirement;request,2,5,需要,need,请求,to request,,,,,公司要求准时上班。,gōng sī yāo qiú zhǔn shí shàng bān.,The company requires employees to arrive on time.
1238,摇头,yáo tóu,shake head,2,3,摇,to wag,头,head,,,,,他说完话我只好摇头,Tā shuō wán huà wǒ zhǐhǎo yáotóu,After he finished speaking I could only shake my head
1239,药丸,yào wán,pill,2,2,药,medicine,丸,ball,,,,,医生让我每天吃两粒药丸,Yīshēng ràng wǒ měitiān chī liǎng lì yàowán,The doctor told me to take two pills a day
1240,野心,yě xīn,ambitious,2,2,野,wild,心,heart,,,,,他有很大的野心,Tā yǒu hěn dà de yěxīn,He has big ambitions
1241,也许,yě xǔ,maybe;perhaps,2,,,,,,,,,,他也许会迟到,Tā yěxǔ huì chídào,He might be late
1242,一八年,yī bā nián,year 2018,2,4,一,one,八,eight,年,year,,,我是一八年第一次来中国的。,wǒ shì yībā nián dì-yī cì lái zhōngguó de.,I first came to China in 2018.
1243,一般,yī bān,so-so,2,4,一,one,般,sort;kind,,,,,这家店味道一般,Zhè jiā diàn wèidào yìbān,This shop tastes so so
1244,医保,yī bǎo,medical insurance,2,3,医疗,medical treatment,保险,insurance,,,,,公司提供医保福利,Gōngsī tígōng yībǎo fúlì,The company provides medical insurance benefits
1245,意大利语,yì dà lì yǔ,italian language,2,4,意大利,Italy,语言,language,,,,,意大利语听起来很浪漫。,yì dà lì yǔ tīng qǐ lái hěn làng màn.,italian sounds romantic.
1246,衣柜,yī guì,wardrobe,2,1,衣服,clothes,柜,cupboard,,,,,她把衣服整齐地放进衣柜里,Tā bǎ yīfú zhěngqí de fàng jìn yīguì lǐ,She neatly put her clothes into the wardrobe
1247,意见,yì jiàn,opinion,2,2,意思,meaning,见,to see,,,,,大家都提出了不同意见,Dàjiā dōu tíchū le bùtóng yìjiàn,Everyone gave different opinions
1248,以来,yǐ lái,since,2,3,以前,before,来,to come,,,,,我认识你以来都很开心,Wǒ rènshi nǐ yǐlái dōu hěn kāixīn,I've been happy since I met you
1249,疫苗,yì miáo,vaccine,2,2,疫,epidemic,苗,seedling,,,,,孩子打了疫苗以后很健康,Háizi dǎ le yìmiáo yǐhòu hěn jiànkāng,The child was healthy after getting vaccinated
1250,以色列,yǐ sè liè,Israel,2,,-,,,,,,,,我朋友刚从以色列回来,Wǒ péngyǒu gāng cóng Yǐsèliè huílái,My friend just came back from Israel
1251,已售,yǐ shòu,sold out;already sold count,2,3,已经,already,销售,sale;to sell,,,,,这款手机已经全部已售,Zhè kuǎn shǒujī yǐjīng quánbù yǐshòu,This model of phone is already sold out
1252,以下,yǐ xià,and less,2,,,,,,,,,,会议人数二十人以下,Huìyì rénshù èrshí rén yǐxià,The meeting has fewer than twenty people
1253,银,yín,silver,2,,-,,,,,,,,银色的电脑很有质感,yín sè de diàn nǎo hěn yǒu zhì gǎn,The silver laptop feels premium
1254,银行,yín háng,bank,2,1,银,silver,行业,industry,,,,,她在银行上班,Tā zài yínháng shàngbān,She works at a bank
1255,饮料,yǐn liào,beverage,2,,,,,,,,,,请自取饮料,qǐng zì qǔ yǐn liào,please help yourself to beverages
1256,印尼,yìn ní,Indonesia,2,,-,,,,,,,,他来自印尼,Tā láizì Yìnní,He is from Indonesia
1257,引起,yǐn qǐ,to cause;to lead to,2,4,吸引,to attract,起来,to get up,,,,,这件事引起了讨论,Zhè jiàn shì yǐnqǐ le tǎolùn,This event sparked discussion
1258,印象,yìn​ xiàng,impression,2,3,印,to print,象,elephant,,,,,她给我的第一印象很好,Tā gěi wǒ de dì yī yìnxiàng hěn hǎo,She gave me a good first impression
1259,英雄,yīng xióng,hero,2,2,英,England,雄,male (of species),,,,,他是救了很多人的英雄,Tā shì jiù le hěn duō rén de yīngxióng,He is a hero who saved many people
1260,应用,yìng yòng,application;practical,2,2,应,should,用,use,,,,,我下载了一个新应用,Wǒ xiàzǎi le yīgè xīn yìngyòng,I downloaded a new app
1261,拥抱,yōng bào,embrace,2,4,拥有,to possess,抱抱,to hug,,,,,他们在机场深情地拥抱,tā men zài jī chǎng shēn qíng de yōng bào,they embraced affectionately at the airport
1262,勇敢,yǒng gǎn,brave,2,,,,,,,,,,他是一个勇敢的人,Tā shì yī gè yǒnggǎn de rén,He is a brave person
1263,泳衣,yǒng yī,swimsuit;bathing suit,2,1,游泳,swim,衣,clothes,,,,,她买了新泳衣,Tā mǎi le xīn yǒngyī,She bought a new swimsuit
1264,永远,yǒng yuǎn,forever,2,,-,,,,,,,,我永远不会忘记那一天。,wǒ yǒng yuǎn bú huì wàng jì nà yì tiān,I’ll never forget that day.
1265,优点,yōu diǎn,advantage;pro,2,2,优秀,excellent,点,point,,,,,他的优点是很有耐心,Tā de yōudiǎn shì hěn yǒu nàixīn,His advantage is that he is very patient
1266,有毒,yǒu dú,poisonous,2,2,有,have,毒,poison,,,,,这些蘑菇有毒,Zhèxiē mógu yǒu dú,These mushrooms are poisonous
1267,友好,yǒu hǎo,friendly,2,2,友,friend,好,good,,,,,他们对游客非常友好,Tāmen duì yóukè fēicháng yǒuhǎo,They are very friendly to tourists
1268,尤其是,yóu qí shì,especially,2,,-,,,,,,,,我喜欢水果 尤其是苹果,Wǒ xǐhuān shuǐguǒ yóuqí shì píngguǒ,I like fruits especially apples
1269,有钱,yǒu qián,rich,2,2,有,have,钱,money,,,,,他家很有钱,Tā jiā hěn yǒu qián,His family is wealthy
1270,油条,yóu tiáo,fried dough stick,2,2,油,oil,条,strip,,,,,我早餐喜欢吃油条和豆浆,wǒ zǎo cān xǐ huān chī yóu tiáo hé dòu jiāng,I like to eat fried dough sticks and soy milk for breakfast
1271,有压力,yǒu yā lì,stressful,2,2,有,have,压力,pressure,,,,,最近工作太多我有压力,zuì jìn gōng zuò tài duō wǒ yǒu yā lì,I’m under a lot of pressure because of work lately
1272,优衣库,yōu yī kù,Uniqlo,2,3,优秀,excellent,衣服,clothes,仓库,warehouse,,,优衣库的衣服舒适又实用,yōu yī kù de yī fú shū shì yòu shí yòng,Uniqlo clothes are comfortable and practical
1273,游泳池,yóu​ yǒng ​chí,swimming pool,2,2,游泳,to swim,池,pond,,,,,他们在游泳池里玩水,Tāmen zài yóuyǒngchí lǐ wán shuǐ,They are playing in the swimming pool
1274,犹豫,yóu yù,hesitate,2,,,,,,,,,,他犹豫了半天还是没做决定,tā yóu yù le bàn tiān hái shì méi zuò jué dìng,He hesitated for a long time and still didn’t decide
1275,语伴,yǔ bàn,language partner,2,,,,,,,,,,我找了一个短期语伴练中文,Wǒ zhǎo le yī gè duǎnqī yǔbàn liàn Zhōngwén,I found a short-term language partner to practice Chinese
1276,预报,yù bào,forecast,2,2,预期,to expect,报,report,,,,,天气预报说明天会下雨,Tiānqì yùbào shuō míngtiān huì xiàyǔ,The weather forecast says it will rain tomorrow
1277,语调,yǔ diào,intonation (language),2,2,语言,language,调,adjust;tune,,,,,他说话语调总是很平,tā shuō huà yǔ diào zǒng shì hěn píng,His intonation is always very flat
1278,预计,yù jì,expected,2,,,,,,,,,,我们预计下周完成任务,wǒ men yù jì xià zhōu wán chéng rèn wù,we expect to finish the task next week
1279,瑜伽,yú jiā,yoga,2,,,,,,,,,,她每天早上练瑜伽,Tā měitiān zǎoshang liàn yújiā,She practices yoga every morning
1280,娱乐,yú lè,entertainment;to entertain,2,,-,,,,,,,,这只是娱乐，不要当真。,"zhè zhǐ shì yú lè, bú yào dāng zhēn",It’s just entertainment—don’t take it seriously.
1281,羽毛球,yǔ​ máo ​qiú,badminton,2,1,羽毛,feather,球,ball,,,,,他们每天早上打羽毛球,Tāmen měitiān zǎoshang dǎ yǔmáoqiú,They play badminton every morning
1282,语气词,yǔ qì cí,modal particles,2,3,语,language,气氛,atmosphere;mood,词,word,,,中文里有很多语气词,Zhōngwén lǐ yǒu hěn duō yǔqìcí,Chinese has many modal particles
1283,鱼香肉丝,yú xiāng ròu sī,fish-flavored shredded pork,2,5,鱼,fish,香,fragrant,丝,threads,猪肉,pork,我最喜欢点鱼香肉丝吃,wǒ zuì xǐ huān diǎn yú xiāng ròu sī chī,I love ordering fish-flavored shredded pork
1284,雨衣,yǔ yī,raincoat,2,3,雨,rain,大衣,coat,,,,,今天下雨记得带雨衣,jīn tiān xià yǔ jì dé dài yǔ yī,Don’t forget your raincoat today
1285,羽衣甘蓝,yǔ yī gān lán,kale,2,2,羽毛,feather,衣服,clothes,甘蓝,cabbage,,,羽衣甘蓝很健康,Yǔyī gānlán hěn jiànkāng,Kale is very healthy
1286,预约,yù yuē,reservation;booking,2,3,预期,to expect,约,agreement,,,,,我已经预约了医生的时间,Wǒ yǐjīng yùyuē le yīshēng de shíjiān,I have already booked a doctor’s appointment
1287,约会,yuē ​huì,dating;date,2,2,大约,probably,会议,meeting,,,,,他们今晚有约会,Tāmen jīnwǎn yǒu yuēhuì,They have a date tonight
1288,越南,yuè nán,Vietnam,2,2,越来越,more and more,南,south,,,,,我朋友住在越南,Wǒ péngyǒu zhù zài Yuènán,My friend lives in Vietnam
1289,乐器,yuè qì,musical instrument,2,1,音乐,music,器,device,,,,,他会弹三种乐器,Tā huì tán sān zhǒng yuèqì,He can play three instruments
1290,粤语,yuè yǔ,Cantonese,2,4,粤,Canton;Guangdong,语言,language,,,,,他会说粤语。,tā huì shuō yuè yǔ,He can speak Cantonese.
1291,晕车,yùn chē,carsick,2,2,头晕,dizzy,车,car,,,,,坐长途车我容易晕车,Zuò chángtú chē wǒ róngyì yùnchē,I easily get carsick on long trips
1292,云端,yún duān,the cloud (computing),2,3,云,cloud,端,end,,,,,所有数据都存储在云端。,suǒ yǒu shù jù dōu cún chǔ zài yún duān。,All the data is stored in the cloud。
1293,杂物,zá wù,stuff,2,2,杂,mixed,物,thing,,,,,房间里有很多杂物,Fángjiān lǐ yǒu hěn duō záwù,There is a lot of clutter in the room
1294,暂时,zàn shí,temporary;for the time being,2,2,暂停,pause,时,time,,,,,我们暂时住在朋友家,Wǒmen zhànshí zhù zài péngyǒu jiā,We are temporarily living at a friend’s place
1295,枣,zǎo,date (fruit),2,,,,,,,,,,我奶奶喜欢吃红枣,wǒ nǎi nai xǐ huān chī hóng zǎo,My grandma likes eating red dates
1296,造成,zào chéng,to cause;to bring about,2,2,造,to make,成为,to become,,,,,大雨造成多处积水,Dàyǔ zàochéng duō chù jīshuǐ,The heavy rain caused water to pool in many places
1297,增加,zēng jiā,to increase,2,,-,,,,,,,,我们要增加生产效率,Wǒmen yào zēngjiā shēngchǎn xiàolǜ,We need to increase production efficiency
1298,炸,zhà,deep-fry,2,,-,,,,,,,,炸鸡很香但不健康。,zhà jī hěn xiāng dàn bú jiàn kāng.,fried chicken is tasty but unhealthy.
1299,摘,zhāi,pick (fruit),2,,-,,,,,,,,他从树上摘了一个苹果。,tā cóng shù shàng zhāi le yí gè píng guǒ.,he picked an apple from the tree.
1300,展览,zhǎn lǎn,exhibition;to exhibit,2,2,发展,development,浏览,browse,,,,,博物馆正在举办展览,Bówùguǎn zhèngzài jǔbàn zhǎnlǎn,The museum is holding an exhibition
1301,丈夫,zhàng fu,husband (formal),2,,,,,,,,,,她的丈夫特别支持她的工作。,tā de zhàngfu tèbié zhīchí tā de gōngzuò,Her husband strongly supports her work.
1302,张家界,zhāng jiā jiè,Zhangjiajie,2,3,张,open;extend;stretch,家,home,世界,world,,,张家界的山峰像一根根石柱。,zhāng jiā jiè de shān fēng xiàng yì gēn gēn shí zhù,The peaks in Zhangjiajie look like stone pillars.
1303,找到,zhǎo dào,to have found,2,,,,,,,,,,我终于找到钥匙了,wǒ zhōng yú zhǎo dào yào shi le,I finally found the key
1304,照顾,zhào gù,to take care of;look after,2,2,按照,according to,顾客,customer,,,,,父母要照顾孩子,Fùmǔ yào zhàogù háizi,Parents need to take care of children
1305,折扣,zhé kòu,discount,2,4,骨折,fracture,扣除,to deduct,,,,,商场今天有大折扣,Shāngchǎng jīntiān yǒu dà zhékòu,The mall is offering big discounts today
1306,哲学,zhé xué,philosophy,2,2,哲,wise,学,study,,,,,我对哲学很感兴趣,Wǒ duì zhéxué hěn gǎn xìngqù,I’m very interested in philosophy
1307,针灸,zhēn jiǔ,acupuncture,2,,,,,,,,,,他在学习针灸,Tā zài xuéxí zhēnjiǔ,He is learning acupuncture
1308,诊所,zhěn suǒ,clinic,2,2,诊断,diagnosis,所,place,,,,,我去诊所看医生了,Wǒ qù zhěnsuǒ kàn yīshēng le,I went to the clinic to see a doctor
1309,枕头,zhěn tou,pillow,2,3,枕,to rest one's head on,头,head,,,,,这个枕头很软,Zhège zhěntou hěn ruǎn,This pillow is very soft
1310,蒸,zhēng,steam,2,,-,,,,,,,,鱼适合清蒸。,yú shì hé qīng zhēng.,fish is good when steamed.
1311,政策,zhèng cè,policy,2,2,政府,government,策划,to scheme,,,,,政府出台了新政策,Zhèngfǔ chūtái le xīn zhèngcè,The government introduced a new policy
1312,正好,zhèng hǎo,just right,2,2,正在,just at that time,好,good,,,,,我正好路过这儿,Wǒ zhènghǎo lùguò zhèr,I happened to pass by here
1313,整洁,zhěng jié,tidy,2,2,整个,whole,清洁,clean,,,,,房间保持得很整洁,Fángjiān bǎochí de hěn zhěngjié,The room is very tidy
1314,整理,zhěng lǐ,organize;to tidy,2,3,整个,whole,管理,to manage,,,,,她正在整理房间,Tā zhèngzài zhěnglǐ fángjiān,She is tidying up the room
1315,直播,zhí bō,live streaming,2,4,网络,network,直播,live broadcast,,,,,她在做网络直播,tā zài zuò wǎngluò zhíbō,She is doing a livestream online
1316,脂肪,zhī fáng,fat (in food),2,,-,,,,,,,,运动可以减少身体脂肪,Yùndòng kěyǐ jiǎnshǎo shēntǐ zhīfáng,Exercise can reduce body fat
1317,值机,zhí jī,airline check-in,2,3,值班,on duty,飞机,plane,,,,,我们提前两个小时去机场值机。,wǒ men tí qián liǎng gè xiǎo shí qù jī chǎng zhí jī.,we went to the airport to check in two hours early.
1318,治疗,zhì liáo,therapy;to treat,2,,,,,,,,,,她正在接受治疗,Tā zhèngzài jiēshòu zhìliáo,She is receiving treatment
1319,芝麻,zhī ma,sesame,2,,-,,,,,,,,面包上撒了芝麻,Miànbāo shàng sǎ le zhīma,The bread has sesame on top
1320,植物,zhí wù,plants,2,,-,,,,,,,,我喜欢养植物,Wǒ xǐhuān yǎng zhíwù,I like to grow plants
1321,之一,zhī yī,one of,2,,,,,,,,,,他是我的舍友之一,tā shì wǒ de shè yǒu zhī yī,He is one of my roommates
1322,钟,zhōng,clock,2,,,,,,,,,,墙上的钟坏了,qiáng shàng de zhōng huài le,The clock on the wall is broken
1323,中东,zhōng dōng,Middle East,2,3,中,middle,东,east,,,,,他在研究中东问题,Tā zài yánjiū Zhōngdōng wèntí,He is studying Middle Eastern issues
1324,重量,zhòng liàng,weight,2,1,重,heavy,量,measure,,,,,这个箱子的重量超过了二十公斤,Zhège xiāngzi de zhòngliàng chāoguò le èrshí gōngjīn,The weight of this box exceeds 20 kilograms
1325,中年,zhōng nián,middle-aged,2,3,中,middle,年,age,,,,,他是一位中年男人,Tā shì yī wèi zhōngnián nánrén,He is a middle-aged man
1326,中秋节,zhōng qiū jié,Mid-Autumn Festival,2,4,中,middle,秋天,autumn,节日,festival,,,中秋节我们吃月饼。,zhōng qiū jié wǒ men chī yuè bǐng.,We eat mooncakes at Mid-Autumn Festival.
1327,粥,zhōu,porridge,2,,,,,,,,,,他早上只喝粥,Tā zǎoshang zhǐ hē zhōu,He only has porridge in the morning
1328,周围,zhōu wéi,surroundings;environment,2,3,周,cycle,范围,scope,,,,,学校周围有很多商店,Xuéxiào zhōuwéi yǒu hěn duō shāngdiàn,There are many shops around the school
1329,煮,zhǔ,boil,2,,-,,,,,,,,把鸡蛋煮熟。,bǎ jī dàn zhǔ shú.,boil the eggs.
1330,主持人,zhǔ chí rén,host,2,2,主,master,保持,to maintain,人,person,,,主持人宣布了比赛开始,Zhǔchírén xuānbù le bǐsài kāishǐ,The host announced the start of the competition
1331,主动,zhǔ dòng,initiative;voluntarily,2,2,主意,plan,动作,movement,,,,,她主动打了招呼,Tā zhǔdòng dǎ le zhāohu,She greeted me first
1332,主观,zhǔ guān,subjective,2,2,主义,ideology,观点,point of view,,,,,这是你的主观感受,Zhè shì nǐ de zhǔguān gǎnshòu,This is your subjective feeling
1333,主要,zhǔ yào,mainly,2,4,主,master,要,want,,,,,我主要负责市场推广。,wǒ zhǔ yào fùzé shìchǎng tuīguǎng.,I’m mainly responsible for marketing promotion.
1334,主页,zhǔ yè,homepage,2,2,主,main,页,page,,,,,请打开网站的主页,Qǐng dǎkāi wǎngzhàn de zhǔyè,Please open the website's homepage
1335,转身,zhuǎn shēn,to turn around,2,2,转,to turn,身,body,,,,,他转身就走了,Tā zhuǎnshēn jiù zǒu le,He turned around and left
1336,装饰品,zhuāng shì pǐn,ornament;decoration,2,2,装饰,to decorate,品,product,,,,,圣诞树上挂满了装饰品,Shèngdànshù shàng guà mǎn le zhuāngshìpǐn,The Christmas tree is full of ornaments
1337,准备好,zhǔn bèi hǎo,to be ready,2,,,,,,,,,,你准备好出发了吗,nǐ zhǔn bèi hǎo chū fā le ma,Are you ready to leave
1338,准时,zhǔn shí,on time;on schedule;punctual,2,2,标准,standard,时间,time,,,,,他总是准时到办公室,Tā zǒng shì zhǔnshí dào bàngōngshì,He always arrives at the office on time
1339,桌游,zhuō yóu,board games,2,2,桌,table,游戏,game,,,,,我们周末玩桌游,Wǒmen zhōumò wán zhuōyóu,We play board games on weekends
1340,紫菜,zǐ cài,nori;seaweed,2,2,紫,purple,菜,vegetable,,,,,紫菜汤很好喝,Zǐcài tāng hěn hǎohē,Seaweed soup is delicious
1341,字典,zì diǎn,dictionary,2,2,字,character,经典,classics,,,,,我查字典找这个词的意思,Wǒ chá zìdiǎn zhǎo zhège cí de yìsi,I looked up this word in the dictionary
1342,自律,zì lǜ,self-disciplined,2,2,自,self,法律,law,,,,,成功的人往往很自律,Chénggōng de rén wǎngwǎng hěn zìlǜ,Successful people are often self-disciplined
1343,字母,zì mǔ,letter (alphabet),2,1,字,character,母亲,mother,,,,,小朋友正在学习字母表,Xiǎopéngyǒu zhèngzài xuéxí zìmǔ biǎo,The children are learning the alphabet
1344,自拍,zì pāi,selfie,2,2,自,self,拍照,take a picture,,,,,她喜欢自拍,Tā xǐhuān zìpāi,She likes taking selfies
1345,自然灾害,zì rán zāi hài,natural disaster,2,3,自然,nature,灾害,calamity,,,,,自然灾害影响了很多家庭,Zìrán zāihài yǐngxiǎng le hěn duō jiātíng,Natural disasters affected many families
1346,自杀,zì shā,suicide,2,1,自,self,杀,kill,,,,,学校举办预防自杀讲座,Xuéxiào jǔbàn yùfáng zìshā jiǎngzuò,The school holds a suicide prevention seminar
1347,自私,zì sī,selfish,2,1,自,self,隐私,private,,,,,他做事总是很自私不顾别人感受,Tā zuòshì zǒng shì hěn zìsī bù gù biérén gǎnshòu,He always acts selfishly without caring about others’ feelings
1348,自信,zì xìn,confident,2,2,自,self,相信,to believe,,,,,她在台上说话很自信,Tā zài tái shàng shuōhuà hěn zìxìn,She speaks with confidence on stage
1349,自选菜饭店,zì xuǎn cài fàn diàn,self-choose food restaurant,2,4,自己,self,选择,choose,菜,dish,饭店,restaurant,我们去自选菜饭店吃,Wǒmen qù zìxuǎn cài fàndiàn chī,We eat at a self-serve restaurant
1350,自由,zì yóu,free;freedom;liberty,2,2,自,self,由于,due to,,,,,我想要更多的自由,Wǒ xiǎng yào gèng duō de zìyóu,I want more freedom
1351,自治区,zì zhì qū,autonomous region,2,3,自,self,治,to govern,区,region,,,新疆是一个自治区,Xīnjiāng shì yí gè zìzhìqū,Xinjiang is an autonomous region
1352,自助餐,zì zhù cān,buffet,2,2,自,self,帮助,help,餐厅,restaurant,,,这家酒店的自助餐很有名,Zhè jiā jiǔdiàn de zìzhùcān hěn yǒumíng,The buffet at this hotel is well-known
1353,总理,zǒng lǐ,prime minister,2,3,总是,always,管理,to manage,,,,,总理今天要来学校,Zǒnglǐ jīntiān yào lái xuéxiào,The prime minister is coming to the school today
1354,足球,zú qiú,soccer;football,2,2,足,foot,球,ball,,,,,我周末喜欢踢足球,Wǒ zhōumò xǐhuān tī zúqiú,I like playing soccer on weekends
1355,组织,zǔ zhī,organize;organization,2,,-,,,,,,,,这是一个非营利组织。,zhè shì yí gè fēi yíng lì zǔ zhī,This is a non-profit organization.
1356,最多,zuì duō,at most,2,,,,,,,,,,这里最多能坐五十个人,Zhèlǐ zuìduō néng zuò wǔshí gèrén,At most fifty people can sit here
1357,做爱,zuò ài,make love,2,,,,,,,,,,他们是成年人选择做爱出于自愿,Tāmen shì chéngnián rén xuǎnzé zuò ài chūyú zìyuàn,They are adults and choose to make love by mutual consent
1358,座位,zuò wèi,seat (position),2,,,,,,,,,,请找到你的座位,qǐng zhǎo dào nǐ de zuò wèi,please find your seat
1359,左右,zuǒ yòu,about;more or less,2,2,左,left,右,right,,,,,大约有五十人左右,Dàyuē yǒu wǔshí rén zuǒyòu,There are about fifty people
1360,阿拉伯语,ā lā bó yǔ,arabic language,3,4,阿拉伯,Arab,语言,language,,,,,阿拉伯语从右向左写。,ā lā bó yǔ cóng yòu xiàng zuǒ xiě.,arabic is written right to left.
1361,埃塞,āi sāi,Ethiopia,3,,-,,,,,,,,他去年去过埃塞参加志愿活动,Tā qùnián qù guò Āisài cānjiā zhìyuàn huódòng,He went to Ethiopia last year for volunteer work
1362,爱上,ài shàng,to fall in love,3,3,爱,love,上,up,,,,,他爱上了一个女孩,Tā ài shàng le yīgè nǚhái,He fell in love with a girl
1363,安徽省,ān huī shěng,Anhui Province,3,3,安,safe,徽章,badge;pin,省,province,,,安徽有著名的黄山。,ān huī yǒu zhù míng de huáng shān,Anhui has the famous Huangshan Mountains.
1364,安检,ān jiǎn,security check,3,3,安,safe,检查,inspection,,,,,进入车站前需要安检,jin ru che zhan qian xu yao an jian,you need a security check before entering the station
1365,案例,àn lì,case;example,3,,-,,,,,,,,这个案例很有参考价值。,zhè gè àn lì hěn yǒu cān kǎo jià zhí.,this case is very valuable as a reference.
1366,安全带,ān quán dài,seat belt,3,2,安全,safety,带,belt,,,,,开车一定要系安全带,Kāichē yīdìng yào jì ānquándài,You must wear a seatbelt when driving
1367,安全检查,ān quán jiǎn chá,security check,3,4,安全,safety,检查,inspection,,,,,进入候机区前要经过安全检查。,jìn rù hòu jī qū qián yào jīng guò ān quán jiǎn chá.,you must pass a security check before entering the boarding area.
1368,安全帽,ān quán mào,helmet,3,1,安全,safety,帽子,hat,,,,,工人必须戴安全帽。,gōng rén bì xū dài ān quán mào.,Workers must wear a safety helmet.
1369,安全套,ān quán tào,condom,3,2,安全,safety,套,cover,,,,,他去药店买了安全套,Tā qù yàodiàn mǎi le ānquántào,He went to the pharmacy to buy condoms
1370,按时,àn shí,on time;on schedule,3,2,按照,according to,时,time,,,,,请按时交作业,Qǐng ànshí jiāo zuòyè,Please hand in your homework on time
1371,按照,àn zhào,according to,3,3,按,to press,照片,photograph,,,,,请按照说明操作,Qǐng ànzhào shuōmíng cāozuò,Please follow the instructions
1372,澳门,ào mén,Macau,3,3,澳洲,Australia,门,door,,,,,我们计划去澳门旅游,wǒ men jì huà qù ào mén lǚ yóu,we plan to travel to Macau
1373,熬夜,áo yè,stay up late;stay up all night,3,3,熬,to endure,夜,night,,,,,我昨晚熬夜写报告,Wǒ zuówǎn áoyè xiě bàogào,I stayed up last night writing the report
1374,八爪鱼,bā zhuǎ yú,octopus,3,1,八,eight,爪,claw,鱼,fish,,,我点了八爪鱼,Wǒ diǎn le bāzhǎoyú,I ordered octopus
1375,百事可乐,bǎi shì kě lè,Pepsi,3,4,百,hundred,事,thing,可乐,cola,,,他点了一杯百事可乐,tā diǎn le yī bēi bǎi shì kě lè,he ordered a pepsi
1376,拜托,bài tuō,Please,3,,,,,,,,,,拜托帮我一个忙,bài tuō bāng wǒ yī gè máng,please do me a favor
1377,版本,bǎn běn,version;edition,3,3,出版,to publish,本,classifier for books,,,,,这个软件出了新版本。,zhè gè ruǎn jiàn chū le xīn bǎn běn,This software released a new version.
1378,半岛,bàn dǎo,peninsula,3,1,半,half,岛,island,,,,,这个城市位于半岛上,zhè gè chéng shì wèi yú bàn dǎo shàng,this city is located on a peninsula
1379,棒棒糖,bàng bàng táng,lollipop,3,2,棒,stick,棒,stick,糖,candy,,,她拿着一个棒棒糖,tā názhe yí gè bàngbàngtáng,She is holding a lollipop
1380,棒球,bàng qiú,baseball,3,2,棒,stick,球,ball,,,,,他们在打棒球,tā men zài dǎ bàng qiú,they are playing baseball
1381,报告,bào gào,to report,3,3,报纸,newspaper,告诉,to tell,,,,,我正在写一份研究报告,wǒ zhèng zài xiě yī fèn yán jiū bào gào,I am writing a research report
1382,报警,bào jǐng,to call the police,3,4,报告,report,警察,police,,,,,发现小偷后他立刻报警,fā xiàn xiǎo tōu hòu tā lì kè bào jǐng,He called the police immediately after finding the thief
1383,报名,bào míng,to sign up;register;enroll,3,2,报,report,名,name,,,,,我已经报名参加比赛了,wǒ yǐ jīng bào míng cān jiā bǐ sài le,i already signed up for the competition
1384,保姆,bǎo mǔ,nanny,3,,-,,,,,,,,他们请了一个保姆照顾孩子,Tāmen qǐng le yī gè bǎomǔ zhàogù háizi,They hired a nanny to take care of the child
1385,保温,bǎo wēn,keep warm;insulation,3,2,保,protect,温,warm,,,,,这个杯子能保温,zhè gè bēi zi néng bǎo wēn,this cup can keep warm
1386,保证,bǎo zhèng,guarantee;ensure,3,2,保,to protect,证,proof,,,,,我保证不迟到,Wǒ bǎozhèng bù chídào,I promise not to be late
1387,爆竹,bào zhú,firecracker,3,1,爆,explode,竹,bamboo,,,,,春节的时候我们放了很多爆竹。,Chūnjié de shíhou wǒmen fàng le hěn duō bàozhú.,We set off many firecrackers during Spring Festival.
1388,包装,bāo zhuāng,packaging,3,1,包,package,装,dress,,,,,这个包装很好看,Zhège bāozhuāng hěn hǎokàn,This packaging looks nice
1389,贝果,bèi guǒ,bagel,3,4,贝,shell,果,fruit,,,,,贝果常配奶油奶酪。,bèi guǒ cháng pèi nǎi yóu nǎi lào.,bagels are often served with cream cheese.
1390,被黑,bèi hēi,to be hacked,3,3,被,by,黑,black,,,,,我的账号昨天被黑了,wǒ de zhàng hào zuó tiān bèi hēi le,my account was hacked yesterday
1391,背景,bèi jǐng,background,3,2,背,back,风景,scenery,,,,,这张照片的背景很美,zhè zhāng zhào piàn de bèi jǐng hěn měi,the background of this photo is beautiful
1392,哔哩哔哩,bì lī bì lī,Chinese YouTube,3,,,,,,,,,,我在哔哩哔哩看了一部动漫,wǒ zài bīlībīlī kànle yíbù dòngmàn,I watched an anime on Bilibili
1393,鼻屎,bí shǐ,booger,3,1,鼻,nose,屎,shit,,,,,小孩喜欢抠鼻屎,Xiǎohái xǐhuān kōu bíshǐ,Children like to pick nose boogers
1394,鼻涕,bí tì,snot,3,,,,,,,,,,他感冒了流鼻涕,tā gǎn mào le liú bí tì,He has a cold and runny nose
1395,比喻,bǐ yù,metaphor;analogy;simile,3,,-,,,,,,,,这是一个常见的比喻,Zhè shì yī gè chángjiàn de bǐyù,This is a common metaphor
1396,变道,biàn dào,change lanes,3,3,改变,change,道,road,,,,,前方施工，请提前变道。,qián fāng shī gōng，qǐng tí qián biàn dào。,Roadwork ahead; please change lanes in advance.
1397,扁豆,biǎn dòu,lentil,3,1,扁,flat,豆,bean,,,,,汤里加了扁豆,tāng lǐ jiā le biǎn dòu,lentils were added to the soup
1398,编辑,biān jí,edit,3,2,编织,to weave,逻辑,logic,,,,,我正在编辑一篇文章,wǒ zhèng zài biān jí yī piān wén zhāng,I’m editing an article
1399,表达能力,biǎo dá néng lì,expressive ability;communication skills,3,4,表达,to express,能力,ability,,,,,他的表达能力很强,Tā de biǎodá nénglì hěn qiáng,His communication skills are strong
1400,表格,biǎo gé,table (data),3,4,表示,to express,格,grid,,,,,请在表格里填写信息,Qǐng zài biǎogé lǐ tiánxiě xìnxī,Please fill in the information in the form
1401,表哥,biǎo gē,older male cousin (not father's brother's child),3,3,表现,to show,哥哥,older brother,,,,,我表哥在国外留学,wǒ biǎo gē zài guó wài liú xué,My older cousin is studying abroad
1402,冰粉,bīng fěn,crystal jelly,3,3,冰,ice,粉,powder,,,,,夏天吃冰粉很清凉,xià tiān chī bīng fěn hěn qīng liáng,in summer eating ice jelly is refreshing
1403,伯伯,bó bo,uncle;father’s older brother,3,,,,,,,,,,伯伯每年都会来看我们,bó bo měi nián dōu huì lái kàn wǒ men,My elder uncle visits us every year
1404,薄荷,bò he,mint,3,4,刻薄,harsh;unkind,荷兰,Holland,,,,,薄荷让人感觉清凉。,bò he ràng rén gǎn jué qīng liáng.,mint gives a cooling feeling.
1405,布丁,bù dīng,pudding,3,,,,,,,,,,我喜欢吃巧克力布丁,wǒ xǐ huān chī qiǎo kè lì bù dīng,i like eating chocolate pudding
1406,不环保,bù huán bǎo,not environmentally friendly,3,3,不,not,环境,environment,保护,protection,,,这种做法很不环保,Zhè zhǒng zuòfǎ hěn bù huánbǎo,This practice is very environmentally unfriendly
1407,不急,bù jí,no rush,3,,,,,,,,,,我们还有时间不急,wǒ men hái yǒu shí jiān bù jí,we still have time no hurry
1408,不礼貌,bù lǐ mào,rude,3,3,不,no,礼貌,manners,,,,,插话是不礼貌的,Chāhuà shì bù lǐmào de,Interrupting is impolite
1409,布洛芬,bù luò fēn,ibuprofen,3,,-,,,,,,,,布洛芬可以缓解疼痛。,bù luò fēn kě yǐ huǎn jiě téng tòng.,ibuprofen can relieve pain.
1410,不幸,bù xìng,misfortune;unfortunately,3,3,不,not,幸运,fortunate,,,,,他出了车祸很不幸,Tā chū le chēhuò hěn bùxìng,He had a car accident unfortunately
1411,不正常,bù zhèng cháng,abnormal,3,5,不,not,正常,normal,,,,,这天气有点不正常,Zhè tiānqì yǒudiǎn bù zhèngcháng,The weather is a bit abnormal
1412,采访,cǎi fǎng,to interview (news),3,,,,,,,,,,记者采访了那位明星,jì zhě cǎi fǎng le nà wèi míng xīng,the reporter interviewed that star
1413,菜鸟驿站,cài niǎo yì zhàn,Cainiao pickup station,3,4,菜鸟,newbie,驿站,relay station,,,,,我的包裹到了菜鸟驿站。,wǒ de bāo guǒ dào le cài niǎo yì zhàn.,My package has arrived at the Cainiao pickup station.
1414,参观,cān guān,to visit,3,3,参加,to participate,观察,to observe,,,,,我们计划明天参观博物馆,Wǒmen jìhuà míngtiān cānguān bówùguǎn,We plan to visit the museum tomorrow
1415,餐厅,cān tīng,restaurant,3,2,餐,meal,厅,hall,,,,,我们在餐厅吃饭,wǒ men zài cān tīng chī fàn,we are eating in the restaurant
1416,苍蝇,cāng yíng,fly;housefly,3,,,,,,,,,,房间里有苍蝇,Fángjiān lǐ yǒu cāngying,There is a fly in the room
1417,草本,cǎo běn,herbal,3,2,草,grass,本,root,,,,,这种茶是草本配方,Zhè zhǒng chá shì cǎoběn pèifāng,This tea is an herbal blend
1418,糙米,cāo mǐ,brown rice,3,3,糙,coarse,米,rice,,,,,医生建议我多吃糙米,yī shēng jiàn yì wǒ duō chī cāo mǐ,the doctor suggested i eat more brown rice
1419,茶馆,chá guǎn,teahouse,3,4,茶,tea,馆,service establishment;public building,,,,,我们去茶馆聊天吧。,wǒ men qù chá guǎn liáo tiān ba.,Let's chat at a teahouse.
1420,茶叶,chá yè,tea leaves,3,4,茶,tea,叶,leaf,,,,,这种茶叶很香,zhè zhǒng chá yè hěn xiāng,these tea leaves are very fragrant
1421,肠粉,cháng fěn,rice noodle rolls,3,3,肠,intestines,面粉,flour,,,,,早茶时我爱吃肠粉。,zǎo chá shí wǒ ài chī cháng fěn.,i love rice noodle rolls at dim sum.
1422,常见问题,cháng jiàn wèn tí,FAQ,3,,,,,,,,,,网站上有常见问题,Wǎngzhàn shàng yǒu chángjiàn wèntí,There are FAQs on the website
1423,长颈鹿,cháng jǐng lù,giraffe,3,1,长,long,颈部,neck,鹿,deer,,,动物园有长颈鹿,Dòngwùyuán yǒu chángjǐnglù,There are giraffes in the zoo
1424,长期关系,cháng qí guān xì,Long-term relationship,3,,,,,,,,,,他们有长期关系,Tāmen yǒu chángqī guānxì,They have a long term relationship
1425,长沙,Chángshā,Changsha,3,2,长,long,沙,sand,,,,,长沙以辣椒美食闻名,Chángshā yǐ là jiāo měi shí wén míng,Changsha is famous for its spicy food
1426,超过,chāo guò,exceed,3,3,超,super,过,pass,,,,,他的速度超过了我,tā de sù dù chāo guò le wǒ,His speed exceeded mine
1427,朝鲜,cháo xiǎn,North Korea,3,3,王朝,dynasty,鲜,fresh,,,,,他去过朝鲜,tā qù guò cháo xiǎn,he has been to North Korea
1428,车祸,chē huò,car accident,3,4,车,vehicle,祸害,scourge;disaster,,,,,前面发生了车祸,Qiánmiàn fāshēng le chēhuò,There was a car accident ahead
1429,陈醋,chén cù,aged vinegar,3,4,陈年,aged;old,醋酸,vinegar,,,,,这道菜用的是陈醋。,zhè dào cài yòng de shì chén cù。,This dish uses aged vinegar.
1430,城堡,chéng bǎo,castle,3,2,城,city,堡垒,fort,,,,,这座城堡很有历史感,Zhè zuò chéngbǎo hěn yǒu lìshǐ gǎn,This castle has a strong sense of history
1431,成本,chéng běn,costs,3,4,成,to succeed,本,basis,,,,,这个项目成本很高,zhè gè xiàng mù chéng běn hěn gāo,this project costs a lot
1432,成绩,chéng jì,score;grades,3,,,,,,,,,,他的成绩越来越好,tā de chéng jì yuè lái yuè hǎo,His grades are improving
1433,成就,chéng jiù,achievement,3,,,,,,,,,,他为自己的成就感到自豪,tā wèi zì jǐ de chéng jiù gǎn dào zì háo,He feels proud of his achievements
1434,乘客,chéng kè,passenger,3,3,乘,to ride in a vehicle,客,guest,,,,,车上有五十名乘客,chē shàng yǒu wǔshí míng chéngkè,there are fifty passengers on the bus
1435,成龙,chéng lóng,Jackie Chan,3,,,,,,,,,,成龙的电影在全球都有人看,chéng lóng de diàn yǐng zài quán qiú dōu yǒu rén kàn,Jackie Chan’s movies are watched worldwide
1436,承认,chéng rèn,to admit;recognize,3,3,承诺,to promise,认为,to believe,,,,,他承认自己错了,tā chéng rèn zì jǐ cuò le,he admitted he was wrong
1437,吃惯,chī guàn,to be used to eating,3,,,,,,,,,,我不太吃惯辣的食物,wǒ bú tài chī guàn là de shí wù,I’m not used to eating spicy food
1438,尺子,chǐ zi,ruler,3,,-,,,,,,,,用尺子画直线。,yòng chǐ zi huà zhí xiàn.,use a ruler to draw straight lines.
1439,冲浪,chōng ​làng,to surf;surfing,3,2,冲,to pour;infuse;flush,海浪,wave,,,,,他们在海边学习冲浪,Tāmen zài hǎibiān xuéxí chōnglàng,They are learning surfing at the beach
1440,重新装修,chóng xīn zhuāng xiū,renovation,3,1,重新,again,装修,to decorate,,,,,我们家重新装修了,Wǒmen jiā chóngxīn zhuāngxiū le,We renovated our house
1441,丑闻,chǒu wén,scandal,3,1,丑,ugly,新闻,news,,,,,那个明星卷入了一场丑闻,Nàge míngxīng juǎnrù le yī chǎng chǒuwén,That celebrity got involved in a scandal
1442,初步,chū bù,initial;preliminary,3,2,初,beginning,步,step,,,,,我们有了初步计划,Wǒmen yǒu le chūbù jìhuà,We have an initial plan
1443,出轨,chū guǐ,cheating,3,2,出,to go out,轨,track,,,,,他因为出轨而失去了婚姻,Tā yīnwèi chūguǐ ér shīqù le hūnyīn,He lost his marriage because of cheating
1444,厨师,chú shī,chef,3,,,,,,,,,,这个厨师做菜很好吃,zhè gè chú shī zuò cài hěn hǎo chī,this chef cooks very delicious food
1445,出租,chū zū,for rent,3,3,出,to go out,租,rent,,,,,他把自己的房子出租了,tā bǎ zì jǐ de fáng zi chū zū le,he rented out his house
1446,创可贴,chuàng kě tiē,bandaid,3,2,创伤,wound,可,can,贴,paste;stick,,,她给伤口贴上了创可贴,Tā gěi shāngkǒu tiē shàng le chuàngkětiē,She put a band-aid on the wound
1447,床头柜,chuáng tóu guì,nightstand,3,2,床,bed,头,head,柜子,cabinet,,,手机放在床头柜上充电。,shǒu jī fàng zài chuáng tóu guì shàng chōng diàn。,The phone is charging on the nightstand.
1448,创新,chuàng xīn,innovation,3,2,创造,create,新,new,,,,,企业发展离不开持续创新。,qǐ yè fā zhǎn lí bù kāi chí xù chuàng xīn.,enterprise development relies on continuous innovation.
1449,锤子,chuí zi,hammer,3,,-,,,,,,,,工人用锤子敲钉子。,gōng rén yòng chuí zi qiāo dīng zi.,The worker uses a hammer to hit nails.
1450,次卡,cì kǎ,punch card (per-visit pass),3,4,次,time in sequence,卡片,card,,,,,如果每周来两次，买次卡比较划算。,"rú guǒ měi zhōu lái liǎng cì, mǎi cì kǎ bǐ jiào huá suàn.","If you come twice a week, buying a multi-use pass is more cost-effective."
1451,磁铁,cí tiě,magnet,3,,,,,,,,,,磁铁吸住了钉子,cítiě xī zhù le dīngzi,the magnet attracted the nail
1452,词语,cí yǔ,word;term;expression,3,,-,,,,,,,,这个词语用得很准确。,zhè gè cí yǔ yòng de hěn zhǔn què,This word is used very accurately.
1453,辞职,cí zhí,to resign,3,,,,,,,,,,我辞职了因为压力太大,wǒ cízhí le yīnwèi yālì tài dà,I quit my job because the pressure was too much
1454,凑单,còu dān,to add items to reach discount threshold,3,3,凑合,improvise;make do,订单,order,,,,,为了包邮我又凑单了。,wèi le bāo yóu wǒ yòu còu dān le,I added extra items to qualify for free shipping.
1455,脆脆,cuì cuì,crunchy,3,,,,,,,,,,这薯片好脆脆,Zhè shǔpiàn hǎo cuìcuì,These chips are so crunchy
1456,存钱,cún qián,save money,3,,,,,,,,,,我正在努力存钱买房子,wǒ zhèngzài nǔlì cúnqián mǎi fángzi,I am saving money to buy a house
1457,错过,cuò ​guò,to miss (train),3,3,错误,mistake,通过,through,,,,,我错过了最后一班地铁,wǒ cuò guò le zuì hòu yī bān dì tiě,I missed the last subway
1458,打表,dǎ biǎo,run the taxi meter,3,4,打卡,clock in,表现,to show,,,,,出租车司机一上车就开始打表,chū zū chē sī jī yī shàng chē jiù kāi shǐ dǎ biǎo,The taxi driver started the meter as soon as I got in the car
1459,大豆,dà ​dòu,soybean,3,2,大,big,豆,bean,,,,,这种饮料是用大豆做的,zhè zhǒng yǐn liào shì yòng dà dòu zuò de,this drink is made from soybeans
1460,大火,dà huǒ,high heat,3,3,大,big,火,fire,,,,,炒菜要用大火,chǎocài yào yòng dàhuǒ,stir fry needs high heat
1461,大疆,dà jiāng,DJI drones,3,4,大,big,新疆,Xinjiang,,,,,大疆的无人机在全球都很有名。,dà jiāng de wú rén jī zài quán qiú dōu hěn yǒu míng,DJI’s drones are famous worldwide.
1462,大金刚,dà jīn gāng,Donkey Kong,3,,,,,,,,,,大金刚掷出了最大的骰子,dà jīn gāng zhì chū le zuì dà de tóu zi,Donkey Kong rolled the biggest dice
1463,大卡,dà kǎ,kilocalorie;Calorie,3,3,大,big,卡,"""ka"" sound",,,,,这餐有五百大卡,Zhè cān yǒu wǔ bǎi dàkǎ,This meal has 500 calories
1464,大麻,dà​ má,weed;marijuana;cannabis,3,2,大,big,麻木,numb,,,,,大麻在很多国家是非法的,Dàmá zài hěn duō guójiā shì fēifǎ de,Marijuana is illegal in many countries
1465,大姨妈,dà yí mā,period,3,3,大,big,姨妈,maternal aunt,,,,,她今天大姨妈来了,tā jīn tiān dà yí mā lái le,she got her period today
1466,打印机,dǎ yìn jī,printer,3,2,打,hit,印,to print,机,machine,,,公司买了新的打印机,gōng sī mǎi le xīn de dǎ yìn jī,the company bought a new printer
1467,大跃进,dà yuè jìn,Great Leap Forward,3,4,大,big,跳跃,jump;leap,进行,advance,,,历史课上讲到了大跃进。,lì shǐ kè shàng jiǎng dào le dà yuè jìn.,The Great Leap Forward was covered in history class.
1468,搭子,dā zi,partner (for activity),3,,,,,,,,,,我最近找到了一个健身搭子,wǒ zuì jìn zhǎo dào le yī gè jiàn shēn dā zi,I recently found a gym buddy
1469,代谢,dài xiè,metabolism;replacement,3,4,代替,to replace,谢,thank,,,,,运动可以加快代谢,Yùndòng kěyǐ jiākuài dàixiè,Exercise can speed up metabolism
1470,弹幕,dàn mù,scrolling comments,3,3,弹,bullet,字幕,subtitles,,,,,观众在视频里发了很多弹幕,guān zhòng zài shì pín lǐ fā le hěn duō dàn mù,the audience sent many comments in the video
1471,单亲妈妈,dān qīn mā mā,single mom,3,3,单,single,亲,parent,妈妈,mom,,,她是一位非常坚强的单亲妈妈,Tā shì yī wèi fēicháng jiānqiáng de dānqīn māma,She is a very strong single mother
1472,当地人,dāng dì rén,locals,3,,,,,,,,,,当地人很热情,dāng dì rén hěn rè qíng,the locals are very friendly
1473,导航,dǎo háng,navigation;GPS,3,2,导,to lead,航,ship,,,,,手机有导航功能,shǒujī yǒu dǎoháng gōngnéng,the phone has navigation function
1474,导师,dǎo shī,tutor;supervisor,3,3,领导,leader,老师,teacher,,,,,我的导师很有经验,Wǒ de dǎoshī hěn yǒu jīngyàn,My mentor is very experienced
1475,导演,dǎo yǎn,director,3,3,导,guide,表演,performance,,,,,这部电影的导演很有名,zhè bù diàn yǐng de dǎo yǎn hěn yǒu míng,the director of this movie is famous
1476,德克士,dé kè shì,Dicos,3,4,德,virtue,克,gram,士,scholar;knight,,,德克士在中国很常见。,dé kè shì zài zhōng guó hěn cháng jiàn.,dicos is common in china.
1477,登机口,dēng jī kǒu,boarding gate,3,3,登记,to register,飞机,plane,入口,entrance,,,显示屏上写着登机口已经更换。,xiǎn shì píng shàng xiě zhe dēng jī kǒu yǐ jīng gēng huàn.,the screen shows that the boarding gate has changed.
1478,地标,dì biāo,landmark,3,2,地,land,标志,sign,,,,,这座桥是城市地标。,zhè zuò qiáo shì chéng shì dì biāo,This bridge is a city landmark.
1479,地点,dì diǎn,location point,3,2,地,land,点,point,,,,,活动地点已经确定,Huódòng dìdiǎn yǐjīng quèdìng,The event location has been confirmed
1480,迪士尼,dí shì ní,Disney,3,,,,,,,,,,孩子们最期待去迪士尼,hái zi men zuì qī dài qù dí shì ní,The kids are most excited about going to Disney
1481,低头,dī tóu,to lower one's head;look down,3,3,低,low,头,head,,,,,他一直低头玩手机。,tā yì zhí dī tóu wán shǒu jī,He keeps looking down at his phone.
1482,地下,dì xià,underground,3,3,地,land,下,below,,,,,他们住在地下室,tā men zhù zài dì xià shì,they live in a basement
1483,第一名,dì yī míng,first place,3,,,,,,,,,,保持第一名,bǎo chí dì yī míng,hold on to first place
1484,地震,dì zhèn,earthquake,3,2,地,earth,震,to shake,,,,,昨晚发生了一次地震,Zuówǎn fāshēng le yī cì dìzhèn,There was an earthquake last night
1485,电解质,diàn jiě zhì,electrolyte drink,3,2,电,electricity,解决,to resolve,物质,substance,,,运动后要补充电解质。,yùn dòng hòu yào bǔ chōng diàn jiě zhì.,You should replenish electrolytes after exercise.
1486,电瓶车,diàn píng chē,electric scooter,3,3,电,electricity,瓶,bottle,车,vehicle,,,他每天骑电瓶车上班。,tā měi tiān qí diàn píng chē shàng bān.,He rides an electric scooter to work every day.
1487,电器,diàn qì,appliance,3,3,电,electric,器,device,,,,,这家店卖电器,zhè jiā diàn mài diàn qì,this store sells electrical appliances
1488,电商,diàn shāng,e-commerce,3,2,电,electric,商业,business,,,,,电商改变了购物方式,Diànshāng gǎibiàn le gòuwù fāngshì,E-commerce has changed the way we shop
1489,电筒,diàn tǒng,flashlight,3,3,电,electric,筒,cylinder;tube,,,,,他拿着电筒照路,tā názhe diàntǒng zhào lù,He held a flashlight to light the way
1490,点头,diǎn tóu,nod,3,2,点,point,头,head,,,,,他听完后点头表示同意,tā tīng wán hòu diǎntóu biǎoshì tóngyì,He nodded after listening to show agreement
1491,典型,diǎn xíng,typical,3,3,经典,classic,类型,type,,,,,他是一个典型的例子,tā shì yí gè diǎn xíng de lì zi,he is a typical example
1492,店员,diàn yuán,shop assistant,3,4,商店,shop,人员,staff,,,,,店员很热情。,diàn yuán hěn rè qíng,The shop assistant is very friendly.
1493,电诈,diàn zhà,telecom fraud,3,4,电,phone,诈骗,fraud,,,,,要提高警惕，防范电诈。,yào tí gāo jǐng tì，fáng fàn diàn zhà。,Stay alert and guard against telecom fraud.
1494,店长,diàn zhǎng,store manager,3,3,店,store,长官,senior official,,,,,她是这家超市的店长,Tā shì zhè jiā chāoshì de diànzhǎng,She is the manager of this supermarket
1495,电子游戏,diàn zǐ yóu xì,video games,3,3,电子,electronic,游戏,game,,,,,他周末喜欢玩电子游戏。,tā zhōu mò xǐ huān wán diàn zǐ yóu xì.,he likes playing video games on weekends.
1496,雕像,diāo xiàng,statue,3,2,雕刻,to engrave;engraving,象,resemble;look like,,,,,广场上有一座雕像。,guǎng chǎng shàng yǒu yí zuò diāo xiàng,There is a statue in the square.
1497,盯,dīng,to stare,3,,,,,,,,,,老师一直盯着他看,lǎo shī yì zhí dīng zhe tā kàn,The teacher kept staring at him
1498,钉钉,dīng dīng,Chinese Slack,3,4,钉,nail,钉,nail,,,,,公司用钉钉开了一个线上会议,gōngsī yòng dīngdīng kāile yíge xiànšhàng huìyì,The company held an online meeting on DingTalk
1499,定时,dìng shí,fixed time;definite time,3,3,一定,certainly,时间,time,,,,,空调有定时功能,kōng tiáo yǒu dìng shí gōng néng,the air conditioner has a timer function
1500,丢,diū,to discard;lose,3,,,,,,,,,,我把钥匙丢了,Wǒ bǎ yàoshi diū le,I lost my keys
1501,丢脸,diū liǎn,lose face,3,3,丢,to lose,脸,face,,,,,输掉比赛让他觉得丢脸,Shū diào bǐsài ràng tā juéde diūliǎn,Losing the match made him feel embarrassed
1502,东方航空,dōng fāng háng kōng,China Eastern Airlines,3,3,东方,east,航空,aviation,,,,,东方航空的服务很好。,dōng fāng háng kōng de fú wù hěn hǎo.,China Eastern Airlines has good service.
1503,冬瓜,dōng guā,winter melon,3,4,冬天,winter,瓜,melon,,,,,冬瓜汤很清爽,dōng guā tāng hěn qīng shuǎng,Winter melon soup is very refreshing
1504,豆皮,dòu pí,tofu skin,3,,,,,,,,,,早餐有豆皮卷,zǎo cān yǒu dòu pí juǎn,there are tofu skin rolls for breakfast
1505,抖音,dǒu yīn,Chinese TikTok,3,3,颤抖,to tremble,声音,sound,,,,,她在抖音上刷到了很多小狗视频,tā zài dǒuyīn shàng shuā dào le hěnduō xiǎogǒu shìpín,She watched many puppy videos on Douyin
1506,赌场,dǔ chǎng,casino,3,1,赌,gamble,场,open space,,,,,他昨天去了赌场,Tā zuótiān qù le dǔchǎng,He went to the casino yesterday
1507,独生子女,dú shēng zǐ nǚ,only child,3,,,,,,,,,,他是独生子女,tā shì dú shēng zǐ nǚ,he is an only child
1508,独特,dú tè,unique;distinct,3,2,独立,independent,特别,special,,,,,她的风格很独特,Tā de fēnggé hěn dútè,Her style is very unique
1509,端午节,duān wǔ jié,Dragon Boat Festival,3,4,极端,extreme,午,noon,节日,festival,,,端午节赛龙舟很热闹。,duān wǔ jié sài lóng zhōu hěn rè nào.,Dragon boat races are lively during the Dragon Boat Festival.
1510,多伦多,duō lún duō,Toronto,3,,,,,,,,,,他从多伦多飞过来,Tā cóng Duōlúnduō fēi guòlái,He flew here from Toronto
1511,多样化,duō yàng huà,diversity;to diversify,3,2,多,many,样,type,文化,culture,,,我们的产品很多样化,Wǒmen de chǎnpǐn hěn duōyànghuà,Our products are very diverse
1512,恶评,è píng,bad review,3,3,恶,evil,评价,to evaluate,,,,,这部电影收到了很多恶评,zhè bù diàn yǐng shōu dào le hěn duō è píng,this movie received many bad reviews
1513,额头,é tóu,forehead,3,3,额外,extra,头,head,,,,,他额头上有汗,Tā étóu shàng yǒu hàn,He has sweat on his forehead
1514,俄乌战争,é wū zhàn zhēng,Russo-Ukrainian War,3,,,,,,,,,,俄乌战争引起关注,É wū zhànzhēng yǐnqǐ guānzhù,The Russia Ukraine war attracts attention
1515,二点四万,èr diǎn sì wàn,twenty four thousand,3,,,,,,,,,,这里有二点四万人参加,Zhèlǐ yǒu èr diǎn sì wàn rén cānjiā,There are 24 thousand people participating
1516,耳熟,ěr shú,sound familiar,3,2,耳,ear,熟悉,familiar,,,,,这首歌听起来很耳熟,Zhè shǒu gē tīng qǐlái hěn ěrshú,This song sounds familiar
1517,发牌,fā pái,deal cards,3,3,发,to send out,牌,card;tile,,,,,荷官开始发牌了。,hé guān kāi shǐ fā pái le。,The dealer started dealing cards.
1518,发脾气,fā pí qì,to lose temper;get angry,3,3,发,to send out,脾气,temper,,,,,不要随便发脾气,bù yào suí biàn fā pí qì,don’t lose your temper easily
1519,发生,fā shēng,to occur,3,,,,,,,,,,昨天发生了一件大事,zuó tiān fā shēng le yī jiàn dà shì,something big happened yesterday
1520,发型,fà xíng,hairstyle,3,3,头发,hair,类型,type,,,,,她换了一个新发型,tā huàn le yī gè xīn fà xíng,She got a new hairstyle
1521,发炎,fā yán,inflamed,3,4,发,to emit,炎,inflammation,,,,,他的伤口有点发炎。,tā de shāngkǒu yǒudiǎn fāyán,His wound is slightly inflamed.
1522,发展中国家,fā zhǎn zhōng guó jiā,developing country,3,,,,,,,,,,他研究发展中国家的经济,tā yánjiū fāzhǎn zhōng guójiā de jīngjì,He studies the economies of developing countries
1523,翻,fān,flip;turn over,3,,-,,,,,,,,把书翻过来。,bǎ shū fān guò lái,Turn the book over.
1524,反馈,fǎn kuì,feedback,3,,-,,,,,,,,谢谢你的反馈,Xièxie nǐ de fǎnkuì,Thank you for your feedback
1525,番石榴,fān shí liú,guava,3,2,番茄,tomato,石榴,pomegranate,,,,,番石榴在热带国家很常见,fān shí liú zài rè dài guó jiā hěn cháng jiàn,guava is common in tropical countries
1526,反思,fǎn sī,to reassess;reflect,3,2,反,opposite,思,think,,,,,我需要反思自己的行为,Wǒ xūyào fǎnsī zìjǐ de xíngwéi,I need to reflect on my actions
1527,翻译成,fān yì chéng,to translate into,3,,,,,,,,,,请把这段文字翻译成英文,qǐng bǎ zhè duàn wén zì fān yì chéng yīng wén,Please translate this passage into English
1528,放大,fàng dà,to enlarge,3,,,,,,,,,,老师放大了图片让我们看清楚,lǎo shī fàng dà le tú piàn ràng wǒ men kàn qīng chǔ,The teacher enlarged the picture for us to see clearly
1529,放外音,fàng wài yīn,playing external sound,3,4,播放,broadcast,外面,outside,声音,sound,,,这段视频需要放外音,zhè duàn shì pín xū yào fàng wài yīn,This video needs a voice-over
1530,放心,fàng xīn,to feel relieved;reassured;at ease,3,2,放松,to relax,心,heart,,,,,请你放心,qǐng nǐ fàng xīn,please rest assured
1531,飞虫,fēi​ chóng,flying insect,3,2,飞,to fly,虫子,bug,,,,,房间里飞进了一只飞虫,Fángjiān lǐ fēi jìn le yī zhī fēichóng,A bug flew into the room
1532,飞盘,fēi pán,frisbee,3,1,飞,fly,盘,plate,,,,,周末我们去公园玩飞盘,zhōumò wǒmen qù gōngyuán wán fēipán,We went to the park to play frisbee on the weekend
1533,废品回收,fèi pǐn huí shōu,waste recycling,3,4,废话,nonsense,品,goods,回收,recycle,,,小区设有废品回收点,Xiǎoqū shè yǒu fèipǐn huíshōu diǎn,The neighborhood has a recycling station
1534,肥皂,féi zào,soap,3,,-,,,,,,,,他买了一块肥皂,tā mǎi le yī kuài féi zào,he bought a bar of soap
1535,分别,fēn bié,respectively,3,3,分,to divide,别,other,,,,,我们明天分别去不同城市,Wǒmen míngtiān fēnbié qù bùtóng chéngshì,We will go to different cities tomorrow
1536,分开,fēn kāi,to separate,3,,,,,,,,,,我们暂时分开一段时间吧,wǒ men zàn shí fēn kāi yí duàn shí jiān ba,Let’s separate for a while
1537,分心,fēn xīn,distraction;distracted,3,2,分,to divide,心,heart,,,,,开车时不要分心,Kāichē shí bùyào fēnxīn,Do not get distracted while driving
1538,讽刺,fěng cì,satire;sarcasm,3,,,,,,,,,,这部电影充满了讽刺,zhè bù diàn yǐng chōng mǎn le fěng cì,this movie is full of satire
1539,凤梨酥,fèng lí sū,pineapple cake,3,4,凤梨,pineapple,酥脆的,crispy,,,,,我送了朋友一些凤梨酥。,wǒ sòng le péng yǒu yī xiē fèng lí sū.,I gave my friends some pineapple cakes.
1540,风速,fēng sù,wind speed,3,4,风,wind,速度,speed,,,,,今天的风速很快,jīn tiān de fēng sù hěn kuài,today the wind speed is high
1541,封锁,fēng suǒ,lockdown;blockade,3,4,封闭,to seal,锁,lock,,,,,城市因为疫情被封锁了,Chéngshì yīnwèi yìqíng bèi fēngsuǒ le,The city was locked down due to the pandemic
1542,风险,fēng xiǎn,risk;hazard,3,3,风,wind,危险,danger,,,,,投资股票有一定风险,Tóuzī gǔpiào yǒu yídìng fēngxiǎn,Investing in stocks carries some risk
1543,福建省,fú jiàn shěng,Fujian Province,3,1,幸福,happiness,健康,health,省,province,,,福建靠近台湾海峡。,fú jiàn kào jìn tái wān hǎi xiá,Fujian is close to the Taiwan Strait.
1544,抚摸,fǔ mō,to pet;caress,3,2,抚慰,to soothe,摸,to touch (with hand),,,,,他轻轻抚摸小猫,Tā qīngqīng fǔmō xiǎo māo,He gently strokes the kitten
1545,浮潜,fú qiǎn,snorkeling,3,2,漂浮,to float,潜水,to dive under water,,,,,我们在海南第一次尝试浮潜,wǒ men zài hǎi nán dì yī cì cháng shì fú qiǎn,we tried snorkeling for the first time in hainan
1546,扶手,fú shǒu,handrail;armrest,3,2,扶,help,手,hand,,,,,请你抓紧扶手,qǐng nǐ zhuā jǐn fú shǒu,Please hold on to the handrail
1547,负债,fù zhài,to be in debt,3,3,负责,responsible for,债,debt,,,,,他因为投资失败而负债累累,tā yīn wèi tóu zī shī bài ér fù zhài lěi lěi,he is heavily in debt because of failed investments
1548,副作用,fù zuò yòng,side effect,3,3,副,vice;secondary,作用,effect,,,,,这种药的副作用很小,zhè zhǒng yào de fù zuò yòng hěn xiǎo,This medicine has very few side effects
1549,概括,gài kuò,summary,3,2,大概,roughly,包括,includes,,,,,请用一句话概括这篇文章,Qǐng yòng yī jù huà gàikuò zhè piān wénzhāng,Please summarize this article in one sentence
1550,改正,gǎi zhèng,to correct,3,3,改变,change,正确,correct,,,,,老师指出错误以后，我马上改正了。,"lǎo shī zhǐ chū cuò wù yǐ hòu, wǒ mǎ shàng gǎi zhèng le.","After the teacher pointed out the mistake, I corrected it immediately."
1551,感恩节,gǎn ēn jié,Thanksgiving,3,3,感恩,to be grateful,节,holiday,,,,,我们感恩节会一起做大餐,wǒ men gǎn ēn jié huì yì qǐ zuò dà cān,We will cook a big meal together for Thanksgiving
1552,感激,gǎn jī,grateful,3,,,,,,,,,,我很感激你的帮助,Wǒ hěn gǎnjī nǐ de bāngzhù,I’m very grateful for your help
1553,感冒,gǎn mào,cold,3,3,感觉,feel,冒险,adventure,,,,,他最近感冒了。,tā zuì jìn gǎn mào le.,he caught a cold recently.
1554,感人,gǎn rén,touching;moving,3,2,感,to feel,人,person,,,,,电影结局很感人,Diànyǐng jiéjú hěn gǎnrén,The movie ending was touching
1555,甘肃省,gān sù shěng,Gansu Province,3,3,甘,sweet,严肃,solumn;serious,省,province,,,甘肃位于中国西北部。,gān sù wèi yú zhōng guó xī běi bù,Gansu is located in northwest China.
1556,高端,gāo duān,high-end,3,3,高,high,端,end,,,,,这是一家高端餐厅。,zhè shì yī jiā gāo duān cāntīng.,This is a high-end restaurant.
1557,高楼大厦,gāo lóu dà shà,high-rise buildings,3,4,高,high,楼,building;floor,大厦,big building,,,市中心到处都是高楼大厦,Shì zhōngxīn dàochù dōu shì gāolóu dàshà,There are skyscrapers all over downtown
1558,高效,gāo xiào,efficient,3,3,高,high,效果,result,,,,,这个方法很高效,Zhège fāngfǎ hěn gāoxiào,This method is very efficient
1559,高血压,gāo xuě yā,high blood pressure;hypertension,3,3,高,high,血,blood,压力,pressure,,,他有高血压,tā yǒu gāo xuè yā,he has high blood pressure
1560,个人选择,gè rén xuǎn zé,personal choice,3,4,个人,personal,选择,choice,,,,,是否参加完全是个人选择,Shìfǒu cānjiā wánquán shì gèrén xuǎnzé,Whether to join is a personal choice
1561,个人主义,gè rén zhǔ yì,individualism,3,3,个人,individual,主义,ideology,,,,,他很强调个人主义,Tā hěn qiángdiào gèrén zhǔyì,He emphasizes individualism
1562,格子,gé zi,lattice;game board space,3,,,,,,,,,,你站在了特殊格子上,nǐ zhàn zài le tè shū gé zi shàng,you landed on a special square
1563,鸽子,gē zi,pigeon,3,,-,,,,,,,,公园里有很多鸽子。,gōng yuán lǐ yǒu hěn duō gē zi.,There are many pigeons in the park.
1564,格子衬衫,gé zǐ chèn shān,plaid shirt,3,,,,,,,,,,他今天穿格子衬衫,Tā jīntiān chuān gézi chènshān,He is wearing a plaid shirt today
1565,宫保鸡丁,Gōng bǎo jī dīng,Kung Pao Chicken,3,,,,,,,,,,我常吃宫保鸡丁面,wǒ cháng chī gōngbǎo jīdīng miàn,I often eat kung pao chicken noodles
1566,共产主义,gòng​ chǎn ​zhǔ ​yì,communism,3,2,共,common,产品,goods,主义,ideology,,,他研究共产主义,tā yán jiū gòng chǎn zhǔ yì,he studies communism
1567,工程,gōng chéng,engineering;project,3,2,工,work,过程,process,,,,,这个工程需要两年完成,Zhège gōngchéng xūyào liǎng nián wánchéng,This project will take two years to complete
1568,工地,gōng dì,construction site,3,2,工作,work,地,land,,,,,工地旁边很吵,gōng dì páng biān hěn chǎo,it’s very noisy near the construction site
1569,功夫,gōng fū,skill;kung fu;effort,3,3,成功,success,夫,man,,,,,他功夫很好,tā gōng fu hěn hǎo,his kung fu is very good
1570,攻略,gōng lüè,guide;tourism strategy,3,5,攻击,attack,战略,strategy,,,,,我提前做了旅游攻略。,wǒ tí qián zuò le lǚ yóu gōng lüè.,i prepared a travel guide in advance.
1571,公务员,gōng wù yuán,civil servant,3,2,公,public,服务员,attendant;waiter,,,,,他想成为公务员,tā xiǎng chéng wéi gōng wù yuán,he wants to become a civil servant
1572,供应链,gōng yìng liàn,supply chain,3,,,,,,,,,,疫情影响了全球供应链,yì qíng yǐng xiǎng le quán qiú gōng yìng liàn,the pandemic affected the global supply chain
1573,公寓,gōng yù,apartment (small),3,4,公,public,寓,residence,,,,,他们住在一间小公寓里,Tāmen zhù zài yī jiān xiǎo gōngyù lǐ,They live in a small apartment
1574,公主,gōng zhǔ,princess,3,3,公,public,主,master,,,,,她像个公主一样,tā xiàng gè gōng zhǔ yī yàng,she is like a princess
1575,工资,gōng zī,income;salary,3,3,工,work,投资,investment,,,,,她的工资很高,tā de gōng zī hěn gāo,her salary is high
1576,狗品种,gǒu pǐn zhǒng,dog breed,3,4,狗,dog,产品,goods,种,type,,,他对各种狗品种都很了解。,tā duì gè zhǒng gǒu pǐn zhǒng dōu hěn liǎo jiě.,he knows a lot about dog breeds.
1577,购物车,gòu wù chē,shopping cart,3,,,,,,,,,,我把商品放进购物车了,wǒ bǎ shāng pǐn fàng jìn gòu wù chē le,i put the products into the shopping cart
1578,故宫,gù gōng,The Forbidden City;Imperial Palace,3,2,故事,story,宫殿,palace,,,,,故宫里保存着大量珍贵文物。,gù gōng lǐ bǎo cún zhe dà liàng zhēn guì wén wù,The Forbidden City preserves many valuable relics.
1579,姑姑,gū gu,aunt;father’s sister,3,,,,,,,,,,姑姑做饭特别好吃,gū gu zuò fàn tè bié hǎo chī,My aunt cooks very well
1580,鼓励,gǔ lì,encourage,3,3,鼓掌,to applaud,奖励,to reward,,,,,老师鼓励学生多提问,Lǎoshī gǔlì xuéshēng duō tíwèn,The teacher encourages students to ask more questions
1581,股市,gǔ shì,stock market,3,2,股票,stock,市,market,,,,,最近股市下跌,Zuìjìn gǔshì xiàdié,The stock market has fallen recently
1582,瓜子,guā zǐ,sunflower seeds (and others),3,,,,,,,,,,看电影的时候他喜欢嗑瓜子,kàn diànyǐng de shíhou tā xǐhuān kē guāzǐ,He likes eating sunflower seeds while watching movies
1583,乖,guāi,obedient;well-behaved,3,,-,,,,,,,,这个孩子很乖。,zhè gè hái zi hěn guāi。,The child is very well-behaved.
1584,观景台,guān jǐng tái,observation deck,3,2,观,observe,景,scenery,台,platform,,,山顶有一个观景台,shān dǐng yǒu yī gè guān jǐng tái,there is an observation deck on the mountain top
1585,关心,guān xīn,to care about,3,3,关,to shut,心,heart,,,,,他很关心朋友的感受,Tā hěn guānxīn péngyǒu de gǎnshòu,He cares a lot about his friends’ feelings
1586,观众,guān zhòng,audience;spectators,3,2,观,to observe,众,masses,,,,,观众们鼓掌了,guān zhòng men gǔ zhǎng le,the audience applauded
1587,广东省,guǎng dōng shěng,Guangdong Province,3,3,广,wide,东,east,省,province,,,广东是中国人口最多的省份。,guǎng dōng shì zhōng guó rén kǒu zuì duō de shěng fèn,Guangdong is China’s most populous province.
1588,广西壮族自治区,guǎng xī zhuàng zú zì zhì qū,Guangxi Zhuang Autonomous Region,3,3,广,wide,西,west,壮族,Zhuang ethnic group,自治区,autonomous region,广西有美丽的桂林山水。,guǎng xī yǒu měi lì de guì lín shān shuǐ,Guangxi has the beautiful scenery of Guilin.
1589,规定,guī dìng,rule,3,,,,,,,,,,学校有新的规定,Xuéxiào yǒu xīn de guīdìng,The school has new rules
1590,桂林山水,guì lín shān shuǐ,Guilin Scenery,3,3,桂花,osmanthus,森林,forest,山,mountain,水,water,桂林山水甲天下。,guì lín shān shuǐ jiǎ tiān xià,Guilin’s scenery is the best under heaven.
1591,贵州省,guì zhōu shěng,Guizhou Province,3,3,贵,expensive,州,state,省,province,,,贵州有许多美丽的山和瀑布。,guì zhōu yǒu xǔ duō měi lì de shān hé pù bù,Guizhou has many beautiful mountains and waterfalls.
1592,果冻,guǒ dòng,jelly,3,3,果,fruit,冻,freeze,,,,,孩子们喜欢果冻,hái zi men xǐ huān guǒ dòng,kids like jelly
1593,过度,guò dù,excessive;overdo,3,2,过,pass through,度,degree of intensity,,,,,你过度担心了,Nǐ guòdù dānxīn le,You worried too much
1594,国企,guó qǐ,state-owned enterprises,3,3,国内,domestic,企业,enterprise,,,,,他是国企员工,tā shì guó qǐ yuán gōng,he is an employee of a state owned enterprise
1595,国庆节,guó qìng jié,National Day,3,3,国家,nation,庆祝,to celebrate,节日,holiday,,,国庆节全国放假。,guó qìng jié quán guó fàng jià.,There is a holiday nationwide for National Day.
1596,过于,guò yú,too;excessive,3,,-,,,,,,,,这个计划过于复杂了,Zhège jìhuà guòyú fùzá le,This plan is overly complicated
1597,哈尔滨,Hā’ěrbīn,Harbin,3,5,哈哈,haha,尔,"phonetic ""er""",滨江,riverfront,,,哈尔滨有著名的冰雪节,Hā’ěrbīn yǒu zhù míng de bīng xuě jié,Harbin has a famous ice and snow festival
1598,海拔,hǎi bá,altitude,3,4,海,sea,选拔,selected (best),,,,,这里海拔三千米。,zhè lǐ hǎi bá sān qiān mǐ.,The altitude here is three thousand meters.
1599,海军,hǎi​ jūn,navy,3,1,海,sea,军,army,,,,,他是海军军官,tā shì hǎi jūn jūn guān,he is a navy officer
1600,海绵,hǎi mián,sponge,3,2,海,sea,绵,cotton;soft,,,,,海绵吸水能力强。,hǎi mián xī shuǐ néng lì qiáng.,sponges absorb water well.
1601,海南省,hǎi nán shěng,Hainan Province,3,2,海,sea,南,south,省,province,,,海南以美丽的海滩而著名。,hǎi nán yǐ měi lì de hǎi tān ér zhù míng,Hainan is famous for its beautiful beaches.
1602,行 (表格),háng,row (spreadsheet),3,,,,,,,,,,请在第三行输入你的名字,qǐng zài dì sān háng shū rù nǐ de míng zì,Please enter your name in the third row
1603,行业,háng yè,industry;business,3,,,,,,,,,,他在金融行业工作,tā zài jīn róng háng yè gōng zuò,he works in the finance industry
1604,杭州,Hángzhōu,Hangzhou,3,6,杭,(uncommon),州,state,,,,,杭州的西湖景色优美,Hángzhōu de Xī Hú jǐng sè yōu měi,The scenery of West Lake in Hangzhou is beautiful
1605,河北省,hé běi shěng,Hebei Province,3,2,河,river,北,north,省,province,,,河北环绕着北京和天津。,hé běi huán rào zhe běi jīng hé tiān jīn,Hebei surrounds Beijing and Tianjin.
1606,河马,hé mǎ,hippo,3,1,河,river,马,horse,,,,,河马正在河边休息,hé mǎ zhèng zài hé biān xiū xī,the hippo is resting by the river
1607,盒马,hé mǎ,Chinese Whole Foods,3,5,盒,box,马,horse,,,,,我在盒马买了新鲜的三文鱼,wǒ zài hémǎ mǎile xīnxiān de sānwényú,I bought fresh salmon at Hema
1608,河南省,hé nán shěng,Henan Province,3,2,河,river,南,south,省,province,,,河南是中华文明的发源地之一。,hé nán shì zhōng huá wén míng de fā yuán dì zhī yī,Henan is one of the birthplaces of Chinese civilization.
1609,核桃,hé táo,walnut,3,1,核心,core,桃子,peach,,,,,核桃富含营养。,hé táo fù hán yíng yǎng.,walnuts are nutritious.
1610,合租,hé zū,to share a rental,3,3,合作,cooperate,租房,rent a home,,,,,为了省钱，我跟两个朋友合租了一套公寓。,"wèi le shěng qián, wǒ gēn liǎng ge péng you hé zū le yí tào gōng yù.","To save money, I rented an apartment with two friends."
1611,合作,hé zuò,to cooperate,3,3,适合,to suit,工作,to work,,,,,两家公司正在合作,liǎng jiā gōng sī zhèng zài hé zuò,the two companies are collaborating
1612,黑龙江省,hēi lóng jiāng shěng,Heilongjiang Province,3,2,黑,black,龙,dragon,江,river,省,province,黑龙江与俄罗斯接壤。,hēi lóng jiāng yǔ é luó sī jiē rǎng,Heilongjiang borders Russia.
1613,很久以前,hěn jiǔ yǐ qián,A long time ago,3,,,,,,,,,,很久以前这里是森林,Hěn jiǔ yǐqián zhèlǐ shì sēnlín,A long time ago this was a forest
1614,后端,hòu duān,back end,3,3,后,back,极端,extreme,,,,,我主要负责网站的后端开发,wǒ zhǔ yào fù zé wǎng zhàn de hòu duān kāi fā,I’m mainly responsible for backend development of the website
1615,后果,hòu guǒ,consequence,3,1,后,after,果,fruit,,,,,你得考虑后果,Nǐ děi kǎolǜ hòuguǒ,You need to consider the consequences
1616,喉咙,hóu lóng,throat,3,,,,,,,,,,我的喉咙有点痛。,wǒ de hóu lóng yǒu diǎn tòng。,My throat hurts a little。
1617,猴年,hóu nián,year of the monkey,3,4,猴子,monkey,年,year,,,,,我们猴年认识的,Wǒmen hóu nián rènshi de,We met in the Year of the Monkey
1618,后缀,hòu zhuì,suffix,3,2,后,after,点缀,embellishment,,,,,“-ness”是一个常见的后缀,“-ness” shì yī gè chángjiàn de hòuzhuì,-ness is a common suffix
1619,湖北省,hú běi shěng,Hubei Province,3,2,湖,lake,北,north,省,province,,,湖北省会是武汉。,hú běi shěng huì shì wǔ hàn,The capital of Hubei is Wuhan.
1620,蝴蝶,hú dié,butterfly,3,,,,,,,,,,花园里飞着许多蝴蝶,huā yuán lǐ fēi zhe xǔ duō hú dié,There are many butterflies flying in the garden
1621,互动,hù dòng,interactive,3,2,互相,mutual,动,move,,,,,课堂上同学们积极互动,Kètáng shàng tóngxuémen jījí hùdòng,The students interacted actively in class
1622,护发素,hù fà sù,conditioner,3,2,保护,protect,头发,hair,维生素,vitamin,,,洗完头要用护发素。,xǐ wán tóu yào yòng hù fà sù.,use conditioner after washing hair.
1623,护肤品,hù fū pǐn,skincare products,3,4,保护,protect,皮肤,skin,用品,products,,,她买了很多护肤品。,tā mǎi le hěn duō hùfūpǐn,She bought many skincare products.
1624,湖南省,hú nán shěng,Hunan Province,3,2,湖,lake,南,south,省,province,,,湖南以辣味食物著名。,hú nán yǐ là wèi shí wù zhù míng,Hunan is famous for spicy food.
1625,互相,hù xiāng,each other,3,,,,,,,,,,朋友之间要互相帮助,péngyǒu zhījiān yào hùxiāng bāngzhù,Friends should help each other
1626,滑板,huá bǎn,skateboard,3,2,滑,to slip,板,board,,,,,孩子们在公园玩滑板,háizimen zài gōngyuán wán huábǎn,children are playing skateboard in the park
1627,花瓶,huā píng,vase,3,1,花,flower,瓶,bottle,,,,,桌上有一个花瓶,zhuō shàng yǒu yī gè huā píng,there is a vase on the table
1628,华人,huá rén,ethnic Chinese,3,2,中华,China,人民,people,,,,,很多华人生活在海外。,Hěn duō Huárén shēnghuó zài hǎiwài.,Many ethnic Chinese live overseas.
1629,华盛顿特区,huá shèng dùn tè qū,Washington DC,3,,,,,,,,,,他们搬到华盛顿特区了,Tāmen bān dào Huáshèngdùn Tèqū le,They moved to Washington DC
1630,划算,huá suàn,cost-effective,3,3,计划,plan,算,to calculate,,,,,这笔买卖对我们来说很划算,zhè bǐ mǎi mài duì wǒ men lái shuō hěn huá suàn,this deal is cost effective for us
1631,滑雪板,huá xuě bǎn,snowboard,3,2,滑,slide,雪,snow,板,board,,,我买了新的滑雪板,Wǒ mǎile xīn de huáxuěbǎn,I bought new skis
1632,华裔,huá yì,ethnic Chinese,3,3,华,China,后裔,descendant,,,,,他是华裔美国人。,tā shì huá yì měi guó rén,He is a Chinese American.
1633,化妆,huà zhuāng,put on makeup;makeup;cosmetics,3,,-,,,,,,,,她每天早上都会化妆,Tā měitiān zǎoshang dōu huì huàzhuāng,She puts on makeup every morning
1634,皇帝,huáng dì,emperor,3,,-,,,,,,,,古代有很多皇帝。,gǔ dài yǒu hěn duō huáng dì,There were many emperors in ancient times.
1635,黄山,huáng shān,Mount Huangshan,3,3,黄色,yellow,山,mountain,,,,,黄山的云海非常壮观。,huáng shān de yún hǎi fēi cháng zhuàng guān,The sea of clouds on Mount Huangshan is spectacular.
1636,灰,huī,ash,3,,,,,,,,,,火熄灭后留下了一堆灰,huǒ xī miè hòu liú xià le yì duī huī,After the fire burned out a pile of ash was left
1637,回电,huí diàn,call back,3,2,回,to return,电话,telephone,,,,,请您方便的时候回电,Qǐng nín fāngbiàn de shíhòu huídiàn,Please call back when convenient
1638,回合,huí hé,turn;round,3,3,回,to return,结合,to combine,,,,,现在轮到你这一回合,xiàn zài lún dào nǐ zhè yī huí hé,now it is your turn
1639,灰色地带,huī sè dì dài,gray area,3,4,灰色,gray,地带,zone,,,,,这件事处在灰色地带,Zhè jiàn shì chǔ zài huīsè dìdài,This matter lies in a gray area
1640,回收,huí shōu,to recycle,3,4,回,to return,收,receive,,,,,垃圾要分类回收。,lā jī yào fēn lèi huí shōu,Garbage should be recycled properly.
1641,混合,hùn hé,"mixed (e.g. wash, groups)",3,,,,,,,,,,把这些颜色混合在一起,bǎ zhè xiē yán sè hùn hé zài yī qǐ,mix these colors together
1642,货币,huò bì,currency,3,3,货,goods,硬币,coin,,,,,美元是一种国际货币。,měi yuán shì yì zhǒng guó jì huò bì.,the us dollar is an international currency.
1643,火鸡,huǒ jī,turkey,3,1,火,fire,鸡,chicken,,,,,感恩节我们吃火鸡,gǎn ēn jié wǒ men chī huǒ jī,we eat turkey on Thanksgiving
1644,活泼,huó pō,lively,3,,,,,,,,,,小狗很活泼,xiǎo gǒu hěn huó pō,the puppy is very lively
1645,基本,jī běn,basic,3,,,,,,,,,,这些是基本要求,zhè xiē shì jī běn yāo qiú,these are basic requirements
1646,季度,jì dù,quarter,3,2,季,season,程度,degree,,,,,公司第一季度利润上涨。,gōng sī dì yī jì dù lì rùn shàng zhǎng。,The company’s first-quarter profit increased.
1647,基督教,jī dū jiào,christianity,3,3,基督,Christ,宗教,religion,,,,,基督教信徒很多。,jī dū jiào xìn tú hěn duō.,there are many christian believers.
1648,积分,jī fēn,points,3,,,,,,,,,,谁积分最高谁赢,shuí jī fēn zuì gāo shuí yíng,whoever has the most points wins
1649,即将,jí jiāng,upcoming;coming soon;on the verge of,3,2,立即,immediately,将,will,,,,,火车即将到站,Huǒchē jíjiāng dàozhàn,The train is about to arrive
1650,季卡,jì kǎ,three-month pass; seasonal pass,3,4,季节,season,卡片,card,,,,,我先买了一张健身房的季卡。,wǒ xiān mǎi le yì zhāng jiàn shēn fáng de jì kǎ.,I started by buying a three-month gym pass.
1651,极客,jí kè,geek,3,,,,,,,,,,他是一个电脑极客,tā shì yī gè diàn nǎo jí kè,he is a computer geek
1652,忌口,jì kǒu,avoid certain foods,3,4,忌讳,taboo,口,mouth,,,,,医生让他忌口。,yī shēng ràng tā jì kǒu。,The doctor told him to avoid certain foods.
1653,积累,jī lěi,to accumulate,3,3,积极,active;positive,累,tired,,,,,经验需要慢慢积累。,jīng yàn xū yào màn màn jī lěi.,Experience takes time to accumulate.
1654,吉林省,jí lín shěng,Jilin Province,3,3,吉,lucky,林,woods,省,province,,,吉林冬天非常冷。,jí lín dōng tiān fēi cháng lěng,Jilin is very cold in winter.
1655,鸡柳,jī liǔ,chicken fillet,3,,,,,,,,,,午餐有炸鸡柳,wǔ cān yǒu zhà jī liǔ,there are fried chicken strips for lunch
1656,纪念碑,jì niàn bēi,monument,3,2,纪念,commemmorate,墓碑,tombstone,,,,,我们参观了自由纪念碑,Wǒmen cānguān le zìyóu jìniànbēi,We visited the Liberty Monument
1657,计算机软件开发,jì suàn jī ruǎn jiàn kāi fā,Computer software development,3,4,计算机,computer,软件,software,开发,development,,,他在学习计算机软件开发,Tā zài xuéxí jìsuànjī ruǎnjiàn kāifā,He is studying computer software development
1658,计算器,jì suàn qì,calculator,3,2,计算,to calculate,器,device,,,,,请用计算器算一下,qǐng yòng jì suàn qì suàn yī xià,please use the calculator to check
1659,吉他,jí tā,guitar,3,5,吉祥,auspicious;lucky,他,he,,,,,他会弹吉他。,tā huì tán jí tā.,he can play the guitar.
1660,假设,jiǎ shè,assumptions;hypothetically;hypothesis,3,2,假,fake,设计,plan,,,,,假设你有一百万你会怎么花,Jiǎshè nǐ yǒu yī bǎi wàn nǐ huì zěnme huā,Suppose you had a million how would you spend it?
1661,家乡,jiā xiāng,hometown,3,3,家,home,乡村,rural,,,,,我的家乡在南方,wǒ de jiā xiāng zài nán fāng,my hometown is in the south
1662,假装,jiǎ zhuāng,pretend;to feign,3,1,假,fake,装,dress,,,,,他假装没听见我说话,Tā jiǎzhuāng méi tīngjiàn wǒ shuōhuà,He pretended not to hear me
1663,甲状腺,jiǎ zhuàng xiàn,thyroid,3,4,指甲,fingernail,状态,condition,腺,gland,,,他在甲状腺外科做了一个小手术。,tā zài jiǎ zhuàng xiàn wài kē zuò le yī gè xiǎo shǒu shù。,He had a minor operation in the thyroid surgery department。
1664,减5元,jiǎn 5 yuán,5 yuan off,3,,,,,,,,,,今天买东西可以减5元,jīntiān mǎi dōngxī kěyǐ jiǎn wǔ yuán,Today you can get 5 yuan off when shopping
1665,间隔,jiàn gé,interval,3,3,时间,time,隔离,separate,,,,,发车间隔很短。,fā chē jiàn gé hěn duǎn,The departure interval is short.
1666,渐渐地,jiàn jiàn de,gradually,3,,-,,,,,,,,天气渐渐地变冷了。,tiān qì jiàn jiàn de biàn lěng le。,The weather gradually got colder.
1667,健康检查,jiàn kāng jiǎn chá,health check,3,,,,,,,,,,每年做一次健康检查,Měinián zuò yī cì jiànkāng jiǎnchá,Get a health check every year
1668,监控,jiān kòng,surveillance; to monitor,3,4,监督,supervise,控制,control,,,,,警方查看了附近的监控录像。,jǐng fāng chá kàn le fù jìn de jiān kòng lù xiàng.,The police checked nearby surveillance footage.
1669,简历,jiǎn lì,résumé;cv,3,2,简,simple,历,history,,,,,我更新了简历,Wǒ gēngxīn le jiǎnlì,I updated my resume
1670,碱水,jiǎn shuǐ,pretzel,3,,,,,,,,,,这家店的碱水面包很香,Zhè jiā diàn de jiǎnshuǐ miànbāo hěn xiāng,The lye bread here smells great
1671,简体字,jiǎn tǐ zì,simplified Chinese characters,3,3,简单,simple,体,body,字,character,,,中国大陆使用简体字,zhōng guó dà lù shǐ yòng jiǎn tǐ zì,Mainland China uses simplified characters
1672,兼职,jiān zhí,part-time job,3,4,兼,double;simultaneous,职业,occupation,,,,,他在咖啡店做兼职,Tā zài kāfēi diàn zuò jiānzhí,He works part-time in a coffee shop
1673,奖杯,jiǎng bēi,trophy,3,2,奖,award,杯,cup,,,,,他赢得了比赛的奖杯,Tā yíngdé le bǐsài de jiǎngbēi,He won the trophy for the competition
1674,江苏省,jiāng sū shěng,Jiangsu Province,3,5,江,river,苏,"""su"" phonetic",省,province,,,江苏经济发达。,jiāng sū jīng jì fā dá,Jiangsu has a developed economy.
1675,江西省,jiāng xī shěng,Jiangxi Province,3,2,江,river,西,west,省,province,,,江西以庐山和景德镇出名。,jiāng xī yǐ lú shān hé jǐng dé zhèn chū míng,Jiangxi is known for Lushan and Jingdezhen.
1676,奖学金,jiǎng xué jīn,scholarship,3,1,奖,prize,学,learning,资金,funds,,,他拿了奖学金,Tā ná le jiǎngxuéjīn,He got a scholarship
1677,郊区,jiāo qū,suburbs,3,,-,,,,,,,,他们住在郊区,Tāmen zhù zài jiāoqū,They live in the suburbs
1678,教室,jiào shì,classroom,3,2,教,to teach,室,room,,,,,教室里很安静,Jiàoshì lǐ hěn ānjìng,It is very quiet in the classroom
1679,胶水,jiāo shuǐ,glue,3,2,橡胶,rubber,水,water,,,,,用胶水把纸粘上。,yòng jiāo shuǐ bǎ zhǐ zhān shàng.,use glue to stick the paper.
1680,交友软件,jiāo yǒu ruǎn jiàn,dating apps,3,3,交,meet,友,friend,软件,software,,,她通过交友软件认识了他,Tā tōngguò jiāoyǒu ruǎnjiàn rènshi le tā,She met him through a dating app
1681,解冻,jiě dòng,to thaw,3,2,解决,resolve,冰冻,freeze,,,,,冰箱里的肉已经解冻了。,bīngxiāng lǐ de ròu yǐjīng jiě dòng le.,The meat in the freezer has already thawed.
1682,结构,jié gòu,structure;composition,3,3,结,knot,机构,mechanism,,,,,这栋楼的结构很牢固,zhè dòng lóu de jiégòu hěn láogù,the structure of this building is very solid
1683,截图,jié tú,screenshot,3,2,截断,cut off,图片,picture,,,,,请发我一张聊天的截图,Qǐng fā wǒ yī zhāng liáotiān de jiétú,Please send me a screenshot of the chat
1684,戒指,jiè zhǐ,a ring,3,3,戒备,to guard against,指,finger,,,,,他送给她一枚漂亮的戒指,tā sòng gěi tā yī méi piào liàng de jiè zhǐ,he gave her a beautiful ring
1685,金枪鱼,jīn qiāng yú,tuna,3,1,金,metal,枪,gun,鱼,fish,,,他午饭吃了一罐金枪鱼,tā wǔ fàn chī le yī guàn jīn qiāng yú,he ate a can of tuna for lunch
1686,今晚,jīn wǎn,this evening,3,4,今天,today,晚上,evening,,,,,今晚我们一起吃饭,jīn wǎn wǒ men yī qǐ chī fàn,let’s have dinner together tonight
1687,金针菇,jīn zhēn gū,needle mushroom,3,,,,,,,,,,火锅里加了金针菇,huǒ guō lǐ jiā le jīn zhēn gū,enoki mushrooms were added to the hotpot
1688,井,jǐng,well,3,,,,,,,,,,村口有一口井,Cūnkǒu yǒu yī kǒu jǐng,There is a well at the village entrance
1689,京东,jīng dōng,Jing Dong,3,5,京,capital,东,east,到,arrive at,家,home,他在京东到家买了狗粮,tā zài jīngdōng dàojiā mǎile gǒuliáng,He bought dog food on JD Daojia
1690,镜柜,jìng guì,medicine cabinet,3,2,镜子,mirror,柜子,cabinet,,,,,浴室里的镜柜可以放很多东西。,yù shì lǐ de jìng guì kě yǐ fàng hěn duō dōng xī.,the mirror cabinet in the bathroom can store many items.
1691,经过,jīng guò,to pass by; go through,3,5,已经,already,过去,past,,,,,我每天上班都会经过这家咖啡店。,wǒ měi tiān shàng bān dōu huì jīng guò zhè jiā kā fēi diàn.,I pass this coffee shop every day on my way to work.
1692,净重,jìng zhòng,net weight,3,2,干净,clean,重量,weight,,,,,这箱净重十公斤,Zhè xiāng jìngzhòng shí gōngjīn,This box net weight is ten kilos
1693,韭菜,jiǔ cài,leek;chives,3,,,,,,,,,,韭菜炒鸡蛋是家常菜,jiǔ cài chǎo jī dàn shì jiā cháng cài,Leek and egg stir-fry is a home-style dish
1694,具体的时间,jù tǐ de shí jiān,Specific time,3,,,,,,,,,,请告诉我具体的时间,Qǐng gàosù wǒ jùtǐ de shíjiān,Please tell me the exact time
1695,咖啡机,kā fēi jī,coffee maker,3,4,咖啡,coffee,机,machine,,,,,办公室有一台咖啡机,bàn gōng shì yǒu yī tái kā fēi jī,there is a coffee machine in the office
1696,咖啡因,kā fēi yīn,caffeine,3,3,咖啡,coffee,原因,reason,,,,,咖啡因让我晚上睡不着,Kāfēiyīn ràng wǒ wǎnshang shuì bù zháo,Caffeine keeps me awake at night
1697,开放,kāi fàng,open,3,,,,,,,,,,这座城市很开放,zhè zuò chéng shì hěn kāi fàng,this city is very open
1698,开放时间,kāi fàng shí jiān,Opening hours,3,,,,,,,,,,博物馆的开放时间是九点,bó wù guǎn de kāi fàng shí jiān shì jiǔ diǎn,the museums opening time is nine oclock
1699,开明,kāi míng,open-minded;enlightened,3,2,开,open,明,bright,,,,,她是个很开明的父母,Tā shì gè hěn kāimíng de fùmǔ,She is a very open-minded parent
1700,开往,kāi wǎng,to leave for;heading for,3,2,离开,to depart,往,towards,,,,,这班火车开往上海,zhè bān huǒ chē kāi wǎng shàng hǎi,this train goes to shanghai
1701,开心果,kāi xīn guǒ,pistachio,3,2,开心,happy,果,fruit,,,,,我们一起吃开心果,Wǒmen yīqǐ chī kāixīnguǒ,We are eating pistachios together
1702,看完,kàn wán,to finish watching,3,,,,,,,,,,我昨天看完了那部电影,wǒ zuó tiān kàn wán le nà bù diàn yǐng,I finished watching that movie yesterday
1703,抗日战争,kàng rì zhàn zhēng,The War of Resistance Against Japan,3,3,抵抗,resist,日本,Japan,战争,war,,,抗日战争是中国近代史的重要篇章。,kàng rì zhàn zhēng shì zhōng guó jìn dài shǐ de zhòng yào piān zhāng.,the war of resistance against japan is an important chapter in modern chinese history.
1704,烤箱,kǎo xiāng,oven,3,1,烤,bake,箱,box,,,,,把面包放进烤箱,Bǎ miànbāo fàng jìn kǎoxiāng,Put the bread into the oven
1705,壳,ké,shell;phone case,3,,,,,,,,,,手机壳裂了,shǒujī ké liè le,The phone case cracked
1706,课程,kè chéng,course,3,2,课,class,过程,process,,,,,这门课程很有趣,zhè mén kè chéng hěn yǒu qù,this course is very interesting
1707,客观,kè guān,objective;impartial,3,2,客,guest,观点,viewpoint,,,,,他描述得很客观,tā miáoshù de hěn kèguān,he described it objectively
1708,可回收物,kě huígshōu wù,recyclables,3,,,,,,,,,,-,-,-
1709,可靠,kě kào,reliable,3,2,可,can,靠,lean on,,,,,她是一个很可靠的朋友,Tā shì yīgè hěn kěkào de péngyǒu,She is a very reliable friend
1710,可可,kě kě,cocoa,3,,,,,,,,,,这块巧克力含有丰富的可可,zhè kuài qiǎo kè lì hán yǒu fēng fù de kě kě,This chocolate contains a lot of cocoa
1711,可颂,kě sòng,croissant,3,4,可,can,颂歌,ode;carol,,,,,可颂外脆内软。,kě sòng wài cuì nèi ruǎn.,croissants are crispy outside and soft inside.
1712,课堂,kè táng,classroom,3,3,课,class,堂,hall,,,,,学生们认真听课堂讲解,Xuéshēngmen rènzhēn tīng kètáng jiǎngjiě,Students listen carefully in class
1713,科学家,kē xué jiā,scientist,3,,,,,,,,,,这个科学家发现了新药,zhè gè kē xué jiā fā xiàn le xīn yào,this scientist discovered a new medicine
1714,可再生能源,kě zài shēng néng yuán,renewable energy,3,2,可,can,再,again,生,life,能源,energy,太阳能是可再生能源,Tàiyángnéng shì kě zàishēng néngyuán,Solar power is renewable energy
1715,空姐,kōng jiě,flight attendant,3,1,航空,aviation,姐,elder sister,,,,,那位空姐服务态度很好,nà wèi kōng jiě fú wù tài dù hěn hǎo,The flight attendant was very polite
1716,恐惧,kǒng jù,fear,3,,-,,,,,,,,孩子对黑暗有恐惧。,hái zi duì hēi àn yǒu kǒng jù.,children are afraid of the dark.
1717,空军,kōng ​jūn,air force,3,1,空气,air,军,army,,,,,她加入了空军,tā jiā rù le kōng jūn,she joined the air force
1718,恐龙,kǒng lóng,dinosaur,3,1,恐怕,fear,龙,dragon,,,,,恐龙早已在地球上灭绝,Kǒnglóng zǎo yǐ zài dìqiú shàng mièjué,Dinosaurs have long been extinct on Earth
1719,口号,kǒu hào,slogan,3,1,口,mouth,号,mark,,,,,他们大声喊出口号,tā men dà shēng hǎn chū kǒu hào,they shouted the slogan loudly
1720,口香糖,kǒu xiāng táng,gum,3,1,口,mouth,香,fragrant,糖,sugar,,,他正在嚼口香糖,Tā zhèngzài jiáo kǒuxiāngtáng,He is chewing gum
1721,库巴,kù bā,Bowser,3,,,,,,,,,,库巴出现并要求你付金币,kù bā chū xiàn bìng yāo qiú nǐ fù jīn bì,Bowser appeared and demanded coins
1722,会计,kuài jì,accounting,3,2,会,can,统计,statistics,,,,,她是一名会计,tā shì yī míng kuài jì,she is an accountant
1723,宽容,kuān róng,lenient;tolerant,3,3,宽,wide,容易,easy,,,,,她的性格很宽容,Tā de xìnggé hěn kuānróng,She is very tolerant
1724,喇叭,lǎ ba,horn,3,,-,,,,,,,,他按了几下喇叭提醒前车。,tā àn le jǐ xià lǎ ba tí xǐng qián chē.,He honked the horn a few times to alert the car ahead.
1725,辣椒,là jiāo,chili pepper,3,3,辣,spicy,椒,pepper,,,,,他特别爱吃辣椒。,tā tè bié ài chī là jiāo.,he really loves chili peppers.
1726,拉拉,lā lā,lesbian,3,5,拉,pull,拉,pull,,,,,她是拉拉，对此很坦然。,"tā shì lā lā, duì cǐ hěn tǎn rán.",she is a lesbian and is very open about it.
1727,拉链,lā liàn,zipper,3,2,拉,pull,链,chain,,,,,拉链坏了拉不上去,lāliàn huài le lā bù shàngqù,the zipper broke and cannot be pulled up
1728,蜡烛,là zhú,candle,3,,,,,,,,,,桌上点着蜡烛,zhuō shàng diǎn zhe là zhú,there are candles lit on the table
1729,老百姓,lǎo bǎi xìng,ordinary people,3,3,老,old,百,hundred,姓,family name,,,老百姓的生活不容易。,lǎo bǎi xìng de shēng huó bù róng yì,Life for ordinary people is not easy.
1730,老美,lǎo měi,Americans,3,3,老,old,美国,USA,,,,,他在国外工作，经常跟老美打交道。,tā zài guó wài gōng zuò，jīng cháng gēn lǎo měi dǎ jiāo dào。,He works abroad and often deals with Americans.
1731,乐山大佛,lè shān dà fó,Leshan Giant Buddha (Sichuan),3,4,快乐,happy,山,mountain,大,big,佛,Buddha,乐山大佛坐落在江边。,lè shān dà fó zuò luò zài jiāng biān,The Leshan Giant Buddha sits by the river.
1732,类别,lèi bié,category,3,2,类,kind,分别,to distinguish,,,,,这种动物属于猫科类别,Zhè zhǒng dòngwù shǔyú māokē lèibié,This animal belongs to the cat family category
1733,冷静,lěng jìng,calm,3,3,冷,cold,安静,quiet,,,,,遇事要冷静处理。,yù shì yào lěng jìng chǔ lǐ。,Stay calm when handling matters.
1734,冷气,lěng qì,air conditioning,3,2,冷,cold,空气,air,,,,,商场里的冷气很足。,shāng chǎng lǐ de lěng qì hěn zú,The air conditioning in the mall is very strong.
1735,离婚,lí hūn,divorce,3,2,离开,depart,结婚,marriage,,,,,他们去年离婚了,tā men qù nián lí hūn le,they divorced last year
1736,立即确认,lì jí què rèn,immediate confirmation,3,,,,,,,,,,请立即确认订单,qǐng lì jí què rèn dìng dān,please confirm the order immediately
1737,立即注册,lì jí zhù cè,Register now,3,,,,,,,,,,请立即注册账户,Qǐng lìjí zhùcè zhànghù,Please register immediately
1738,漓江,lí jiāng,Li River (with karsts),3,4,漓,patter of rain;seep through,江,large river,,,,,坐船游漓江非常惬意。,zuò chuán yóu lí jiāng fēi cháng qiè yì,Cruising the Li River is very relaxing.
1739,理科,lǐ kē,field of science,3,3,理论,theory,科目,subject,,,,,他在大学读理科。,tā zài dà xué dú lǐ kē,He studies science in university.
1740,礼貌,lǐ mào,courtesy;manners,3,2,礼物,gift,貌,appearance,,,,,孩子要学会礼貌,hái zi yào xué huì lǐ mào,children should learn manners
1741,利润,lì rùn,profit,3,4,利用,utilize;exploit,润,moisturize,,,,,公司今年利润增长明显。,gōngsī jīnnián lìrùn zēngzhǎng míngxiǎn,The company profit grew significantly this year.
1742,理所当然,lǐ suǒ dāng rán,take it for granted,3,2,理由,reason,所有,all,当然,of course,,,帮朋友是理所当然的,Bāng péngyǒu shì lǐsuǒdāngrán de,Helping friends is taken for granted
1743,荔枝,lì zhī,lychee,3,,-,,,,,,,,我夏天很喜欢吃荔枝。,wǒ xià tiān hěn xǐ huan chī lì zhī,I really like eating lychees in summer.
1744,栗子,lì zi,chestnut,3,,-,,,,,,,,秋天是吃栗子的季节。,qiū tiān shì chī lì zi de jì jié.,Autumn is chestnut season.
1745,恋爱关系,liàn 'ài guān xì,romantic relationship,3,,,,,,,,,,他们的恋爱关系需要更多沟通,Tāmen de liànài guānxì xūyào gèng duō gōutōng,Their relationship needs more communication
1746,莲藕,lián ǒu,lotus root,3,,,,,,,,,,我喜欢吃清炒莲藕,wǒ xǐ huān chī qīng chǎo lián ǒu,I like to eat stir fried lotus root
1747,亮色,liàng sè,bright color,3,4,明亮,bright,色彩,color,,,,,亮色包包很抢眼,liàng sè bāo bāo hěn qiǎng yǎn,Bright bags catch the eye
1748,辽宁省,liáo níng shěng,Liaoning Province,3,3,辽,Liao dynasty,安宁,peaceful,省,province,,,辽宁是中国东北的重要省份。,liáo níng shì zhōng guó dōng běi de zhòng yào shěng fèn,Liaoning is an important province in northeast China.
1749,列,liè,column (spreadsheet),3,,,,,,,,,,请把名字按列排列,qǐng bǎ míng zì àn liè pái liè,Please arrange the names in columns
1750,邻居,lín jū,neighbor,3,,,,,,,,,,我的邻居每天早上跑步。,wǒ de lín jū měi tiān zǎo shang pǎo bù.,My neighbor jogs every morning.
1751,临时,lín shí,interim;ad hoc;temporary,3,4,面临,to face something,时间,time,,,,,这是一个临时决定,Zhè shì yī gè línshí juédìng,This is a temporary decision
1752,凌晨,líng chén,early morning (after midnight),3,,,,,,,,,,我凌晨两点才睡觉,wǒ líng chén liǎng diǎn cái shuì jiào,i slept at 2am
1753,领带,lǐng dài,necktie,3,1,领,neck,带,belt,,,,,上班要打领带,Shàngbān yào dǎ lǐngdài,You should wear a tie to work
1754,零工,líng gōng,odd jobs;gig work,3,1,零,zero,工作,work,,,,,他靠做零工维持生活。,tā kào zuò línggōng wéichí shēnghuó,He survives by doing odd jobs.
1755,灵魂,líng hún,soul,3,,,,,,,,,,音乐触动了他的灵魂,yīnyuè chùdòng le tā de línghún,the music touched his soul
1756,00后,líng líng hòu,years 2000 to 2010,3,4,0 0,year 2000,后,after,,,,,00后更喜欢新潮文化。,líng líng hòu gèng xǐ huān xīn cháo wén huà,Post-2000s prefer trendy culture.
1757,灵隐寺,líng yǐn sì,Lingyin Temple (Hangzhou),3,2,灵魂,spirit,隐藏,hide,寺庙,temple,,,灵隐寺香火很旺。,líng yǐn sì xiāng huǒ hěn wàng,Lingyin Temple has strong incense offerings.
1758,遛狗,liù gǒu,walk the dog,3,4,遛,stroll,狗,dog,,,,,我每天早上遛狗。,wǒ měi tiān zǎo shàng liù gǒu,I walk the dog every morning.
1759,流口水,liú kǒu shuǐ,to drool,3,1,流,flow,口水,saliva,,,,,闻到烤肉的香味我直流口水,wén dào kǎoròu de xiāngwèi wǒ zhí liú kǒushuǐ,I drooled when I smelled the barbecue
1760,浏览器,liú lǎn qì,browser (internet),3,2,浏览,to browse,器,device,,,,,请用浏览器打开网页,Qǐng yòng liúlǎn qì dǎkāi wǎngyè,Please open the webpage with a browser
1761,流浪猫,liú làng māo,stray cat,3,3,流浪,wandering,猫,cat,,,,,这里有很多流浪猫。,zhè lǐ yǒu hěn duō liú làng māo.,There are many stray cats here.
1762,六十年代,liù shí nián dài,sixties decade,3,4,六十,sixty,年代,decade,,,,,这电影是六十年代的,Zhè diànyǐng shì liùshí niándài de,This movie is from the 60s
1763,留学,liú xué,to study abroad,3,4,留,to keep;stay,学习,study,,,,,她打算去日本留学,tā dǎ suàn qù rì běn liú xué,She plans to study abroad in Japan
1764,龙虾,lóng xiā,lobster,3,1,龙,dragon,虾,shrimp,,,,,他们点了一只龙虾当晚餐,Tāmen diǎn le yī zhī lóngxiā dāng wǎncān,They ordered a lobster for dinner
1765,铝,lǚ,aluminum,3,,,,,,,,,,这个锅是铝制的,Zhège guō shì lǚ zhì de,This pot is made of aluminum
1766,路标,lù biāo,road signs,3,3,路,road,标,sign,,,,,路标清楚地指示方向,Lùbiāo qīngchǔ de zhǐshì fāngxiàng,The road signs clearly show the direction
1767,旅居,lǚ jū,live abroad (temporarily),3,3,旅行,travel,居民,resident,,,,,他在法国旅居多年,Tā zài Fǎguó lǚjū duō nián,He lived in France for many years
1768,芦笋,lú​ sǔn,asparagus,3,3,西葫芦,zucchini,笋,bamboo shoot,,,,,我喜欢清炒芦笋,wǒ xǐ huān qīng chǎo lú sǔn,I like stir fried asparagus
1769,露台,lù tái,patio,3,2,露,dew,台,platform,,,,,房间有一个露台,fáng jiān yǒu yī gè lù tái,the room has a terrace
1770,路线,lù xiàn,route;itinerary,3,2,路,road,线,line,,,,,我们计划了一条路线,wǒ men jì huà le yī tiáo lù xiàn,we planned a route
1771,路易吉,lù yì jí,Luigi,3,,,,,,,,,,路易吉获得了一颗星星,lù yì jí huò dé le yī kē xīng xīng,Luigi collected a star
1772,论文,lùn wén,thesis;dissertation;paper,3,2,理论,theory,文件,document,,,,,她正在写毕业论文,tā zhèng zài xiě bì yè lùn wén,she is writing her graduation thesis
1773,洛杉矶,luò shān jī,Los Angeles,3,,-,,,,,,,,她下周飞往洛杉矶,Tā xià zhōu fēiwǎng Luòshānjī,She flies to Los Angeles next week
1774,裸体,luǒ tǐ,nude,3,,,,,,,,,,雕像是一个裸体男子,diāo xiàng shì yī gè luǒ tǐ nán zǐ,The statue is of a nude man
1775,骂,mà,to scold,3,,,,,,,,,,他气得大声骂人,tā qì de dà shēng mà rén,He was so angry that he started scolding loudly
1776,码,mǎ,kilometers per hour,3,,-,,,,,,,,这辆车在高速公路上开到了100码,zhè liàng chē zài gāo sù gōng lù shàng kāi dào le yì bǎi mǎ,This car reached 100 km/h on the highway.
1777,马里奥,mǎ lǐ ào,Mario,3,,,,,,,,,,马里奥赢得了这一回合,mǎ lǐ ào yíng dé le zhè yī huí hé,Mario wins this round
1778,马里奥派对,mǎ lǐ ào pài duì,Mario party,3,,,,,,,,,,小猫咪在马里奥派对游戏盒旁边玩耍,xiǎo māo mī zài mǎ lǐ ào pài dùì yóu xì hé páng biān wán shuǎ,The kitten played next to the Mario Party game box
1779,马斯克,mǎ sī kè,Elon Musk,3,,,,,,,,,,马斯克的特斯拉在中国卖得很好,mǎ sī kè de tè sī lā zài zhōng guó mài de hěn hǎo,Musk’s Tesla sells very well in China
1780,码头,mǎ tóu,pier;dock;wharf,3,3,码,number,头,head,,,,,船停在码头上,chuán tíng zài mǎ tóu shàng,the boat is docked at the pier
1781,麻团,má tuán,sesame ball,3,4,芝麻,sesame,团,ball,,,,,早餐我吃了几个麻团。,zǎo cān wǒ chī le jǐ gè má tuán.,I ate several sesame balls for breakfast.
1782,蚂蚁,mǎ yǐ,ant,3,,,,,,,,,,地上有很多蚂蚁,dì shàng yǒu hěn duō mǎ yǐ,There are many ants on the ground
1783,马云,mǎ yún,Jack Ma,3,,,,,,,,,,马云是阿里巴巴的创始人,mǎ yún shì ā lǐ bā bā de chuàng shǐ rén,Jack Ma is the founder of Alibaba
1784,毛皮,máo pí,fur,3,1,毛,hair,皮,skin,,,,,毛皮外套很保暖,Máopí wàitào hěn bǎonuǎn,Fur coats are very warm
1785,毛重,máo zhòng,gross weight,3,3,毛,hair,重量,weight,,,,,这个包裹的毛重是十公斤,Zhège bāoguǒ de máozhòng shì shí gōngjīn,The gross weight of this package is 10 kg
1786,玫瑰,méi guī,rose,3,,-,,,,,,,,他送了她一束玫瑰。,tā sòng le tā yí shù méi guī.,he gave her a bouquet of roses.
1787,霉霉,méi méi,Taylor Swift,3,,,,,,,,,,很多中国年轻人喜欢霉霉,hěn duō zhōng guó nián qīng rén xǐ huān méi méi,Many young Chinese like Taylor Swift
1788,美容,měi róng,cosmetic,3,1,美,beautiful,容易,easy,,,,,她去做美容了,Tā qù zuò měiróng le,She went for a beauty treatment
1789,煤炭,méi tàn,coal,3,,-,,,,,,,,煤炭曾是重要的能源。,méi tàn céng shì zhòng yào de néng yuán.,coal used to be an important energy source.
1790,门店,mén diàn,store;retail outlet,3,4,门,door,商店,shop,,,,,这家门店生意很好。,zhè jiā mén diàn shēng yì hěn hǎo,This store is doing well.
1791,门铃,mén líng,doorbell,3,3,门口,doorway,铃声,ring,,,,,我按了门铃但没人开门,wǒ àn le mén líng dàn méi rén kāi mén,I rang the doorbell but nobody opened the door
1792,梦想,mèng xiǎng,dream;aspiration,3,,,,,,,,,,她的梦想是当医生,tā de mèngxiǎng shì dāng yīshēng,her dream is to become a doctor
1793,米粉,mǐ fěn,rice noodles,3,4,米,rice,粉丝,bean vermicelli,,,,,我早餐喜欢吃米粉。,wǒ zǎo cān xǐ huan chī mǐ fěn.,I like eating rice noodles for breakfast.
1794,米色,mǐ sè,beige,3,2,米饭,rice,颜色,color,,,,,米色沙发很百搭,mǐ sè shā fā hěn bǎi dā,Beige sofas match easily
1795,米线,mǐ xiàn,rice noodles,3,,,,,,,,,,云南的米线很有名,yún nán de mǐ xiàn hěn yǒu míng,yunnan rice noodles are famous
1796,蜜雪冰城,mì xuě bīng chéng,Mixue,3,4,蜜,honey,雪,snow,冰,ice,城,city,蜜雪冰城的奶茶很便宜,mì xuě bīng chéng de nǎi chá hěn pián yí,MXBC milk tea is very cheap
1797,迷因,mí yīn,meme,3,2,迷,enthusiast,原因,reason,,,,,这个迷因在网上很火,Zhège míyīn zài wǎngshàng hěn huǒ,This meme is very popular online
1798,免费取消,miǎn fèi qǔ xiāo,free cancellation,3,,,,,,,,,,酒店可以免费取消,jiǔ diàn kě yǐ miǎn fèi qǔ xiāo,the hotel can be cancelled for free
1799,棉花糖,mián huā táng,marshmallow;cotton candy,3,1,棉花,cotton,糖,candy,,,,,孩子们喜欢吃棉花糖,Háizimen xǐhuān chī miánhuātáng,Children like eating cotton candy
1800,面积,miàn jī,surface area,3,3,表面,surface,积极,positive,,,,,这个房子的面积很大。,zhè gè fáng zi de miàn jī hěn dà.,This house has a large area.
1801,棉签,mián qiān,Q-tip;cotton swab,3,4,棉花,cotton,签,bamboo stick,,,,,棉签常用于清洁耳朵,Miánqiān cháng yòng yú qīngjié ěrduo,Cotton swabs are often used to clean ears
1802,面试官,miàn shì guān,interviewer,3,2,面试,interview,官,official,,,,,面试官问了很多问题,miàn shì guān wèn le hěn duō wèn tí,the interviewer asked many questions
1803,面子,miàn zi,face; reputation,3,,-,,,,,,,,这事关系到他的面子。,zhè shì guān xì dào tā de miàn zi。,This matter concerns his reputation.
1804,苗条,miáo tiáo,slim;slender,3,4,疫苗,vaccine,条,strip,,,,,她身材很苗条,tā shēn cái hěn miáo tiáo,she has a slim figure
1805,鸣沙山,míng shā shān,"Mingsha Mountain (Gansu, desert dunes)",3,3,鸣,cry of bird,沙,sand,山,mountain,,,风吹过鸣沙山会发出声音。,fēng chuī guò míng shā shān huì fā chū shēng yīn,The sand makes sounds when wind blows over Mingsha Mountain.
1806,名声,míng shēng,reputation,3,1,名,name,声,sound,,,,,他因为诚信而有好名声,Tā yīnwèi chéngxìn ér yǒu hǎo míngshēng,He has a good reputation because of his integrity
1807,冥想,míng xiǎng,meditation,3,4,冥王星,Pluto,想,think,,,,,他每天花十分钟冥想,tā měi tiān huā shí fēn zhōng míng xiǎng,he spends ten minutes meditating every day
1808,莫高窟,mò gāo kū,"Mogao Caves (Gansu, Buddhist cave paintings and sculptures)",3,4,莫,do not,高,tall,窟,cave;hole,,,敦煌莫高窟保存了大量壁画。,dūn huáng mò gāo kū bǎo cún le dà liàng bì huà,The Mogao Caves preserve many murals.
1809,莫斯科,mò sī kē,Moscow,3,,,,,,,,,,莫斯科的冬天非常寒冷,mò sī kē de dōng tiān fēi cháng hán lěng,The winter in Moscow is very cold
1810,摩天轮,mó tiān lún,ferris wheel,3,2,摩擦,to rub,天空,sky,轮,wheel,,,夜景下的摩天轮特别漂亮,yè jǐng xià de mó tiān lún tè bié piào liang,The ferris wheel looks beautiful at night
1811,墨西哥,mò xī gē,Mexico,3,2,墨,ink,西,west,哥,elder brother,,,我们想去墨西哥旅行,wǒ men xiǎng qù mò xī gē lǚ xíng,we want to travel to Mexico
1812,摸鱼,mō yú,slacking off,3,3,摸,to touch gently,鱼,fish,,,,,他上班的时候在摸鱼,tā shàng bān de shí hòu zài mō yú,he slacks off during work
1813,目的,mù dì,purpose,3,3,目,eye,的,of,,,,,旅行的目的是放松,lǚ xíng de mù dì shì fàng sōng,the purpose of the trip is to relax
1814,木瓜,mù guā,papaya,3,2,木,tree,瓜,melon,,,,,早餐我吃了木瓜,zǎo cān wǒ chī le mù guā,I ate papaya for breakfast
1815,母语者,mǔ yǔ zhě,native speaker,3,3,母亲,mother,语言,language,者,one who,,,他是英语母语者。,tā shì yīng yǔ mǔ yǔ zhě,He is a native English speaker.
1816,木耳,mù'ěr,fungus;wood ear mushroom,3,,,,,,,,,,这碗汤里有木耳,zhè wǎn tāng lǐ yǒu mù ěr,there are wood ear mushrooms in this soup
1817,钠,nà,sodium,3,,-,,,,,,,,医生告诉他要少吃含钠的食物,Yīshēng gàosu tā yào shǎo chī hán nà de shíwù,The doctor told him to eat less sodium rich food
1818,难得,nán dé,rare;seldom,3,2,难,hard,得,to get,,,,,周末难得休息一天,Zhōumò nándé xiūxi yī tiān,It’s rare to have a day off on the weekend
1819,难读,nán dú,difficult to read,3,3,难,hard,读,to read,,,,,这本书太难读了,Zhè běn shū tài nándú le,This book is too hard to read
1820,南方航空,nán fāng háng kōng,China Southern Airlines,3,3,南方,south,航空,aviation,,,,,南方航空有直飞航班。,nán fāng háng kōng yǒu zhí fēi háng bān.,China Southern Airlines has direct flights.
1821,难怪,nán guài,no wonder,3,3,难,hard,奇怪,strange,,,,,他这么累 难怪不想出门,Tā zhème lèi nánguài bù xiǎng chūmén,He’s so tired no wonder he doesn’t want to go out
1822,难民,nàn mín,refugee,3,1,困难,difficult circumstances,人民,people,,,,,他们为难民提供食物和住所。,tāmen wèi nàn mín tígōng shíwù hé zhùsuǒ.,They provide food and shelter for refugees.
1823,男同,nán tóng,gay guy,3,2,男,boy,同样,same,,,,,他是个男同,Tā shì gè nántóng,He is gay
1824,南京,Nánjīng,Nanjing,3,2,南,south,京,capital,,,,,南京的中山陵非常有名,Nánjīng de Zhōngshān Líng fēi cháng yǒu míng,Nanjing’s Sun Yat-sen Mausoleum is very famous
1825,脑科学,nǎo kē xué,neuroscience;brain science,3,3,脑,brain,科学,science,,,,,他在研究脑科学,Tā zài yánjiū nǎokēxué,He is studying neuroscience
1826,能量,néng liàng,energy;calories,3,3,能,can,量,capacity;quantity,,,,,早餐给我能量,zǎo cān gěi wǒ néng liàng,breakfast gives me energy
1827,腻,nì,fed up;sick of,3,,-,,,,,,,,天天吃这个我都吃腻了。,Tiāntiān chī zhège wǒ dōu chī nì le.,I'm tired of eating this every day.
1828,逆时针,nì shí zhēn,counterclockwise,3,2,逆转,reverse,时间,time,针,needle,,,风扇是逆时针旋转的,fēng shàn shì nì shí zhēn xuán zhuàn de,The fan rotates counterclockwise
1829,粘人,nián rén,clingy,3,1,粘贴,to stick;paste,人,person,,,,,这只猫特别粘人。,zhè zhī māo tè bié nián rén.,This cat is very clingy.
1830,黏人,nián rén,clingy,3,1,黏,sticky,人,person,,,,,这只小猫特别黏人，总跟着我。,zhè zhī xiǎo māo tè bié nián rén，zǒng gēn zhe wǒ。,This kitten is very clingy and always follows me.
1831,尿布,niào bù,diaper,3,1,尿,urine,布,cloth,,,,,宝宝需要换尿布了,Bǎobao xūyào huàn niàobù le,The baby needs a diaper change
1832,宁夏回族自治区,níng xià huí zú zì zhì qū,Ningxia Hui Autonomous Region,3,3,安宁,peaceful,夏天,summer,回族,Hui ethnic group,自治区,autonomous region,宁夏以枸杞闻名。,níng xià yǐ gǒu qǐ wén míng,Ningxia is known for goji berries.
1833,农历,nóng lì,lunar calendar,3,2,农,farming,历,history,,,,,今年春节在农历一月初一,Jīnnián Chūnjié zài nónglì yī yuè chū yī,This year Spring Festival is on the first day of the lunar calendar
1834,农药,nóng yào,pesticide,3,1,农,farming,药,medicine,,,,,农药味很重,Nóngyào wèi hěn zhòng,The pesticide smell is strong
1835,弄脏,nòng zāng,to make dirty,3,,,,,,,,,,别把衣服弄脏了,bié bǎ yī fú nòng zāng le,Don’t get your clothes dirty
1836,女权主义,nǚ quán zhǔ yì,feminism,3,1,女,woman,权,power,主义,ideology,,,她正在研究女权主义,Tā zhèngzài yánjiū nǚquán zhǔyì,She is studying feminism
1837,女同,nǚ tóng,lesbian,3,2,女,girl,同样,same,,,,,她说自己是女同,Tā shuō zìjǐ shì nǚtóng,She said she is a lesbian
1838,女婿,nǚ xu,son-in-law,3,,,,,,,,,,我女婿工作很靠谱,wǒ nǚ xù gōng zuò hěn kǎo pǔ,My son-in-law is very reliable
1839,暖气,nuǎn qì,heating,3,2,温暖,warm,空气,air,,,,,冬天开暖气很舒服,dōng tiān kāi nuǎn qì hěn shū fú,turning on the heating in winter feels nice
1840,欧美,ōu měi,European and American,3,,,,,,,,,,她喜欢穿欧美风的衣服,tā xǐ huān chuān ōu měi fēng de yī fú,she likes to wear european and american style clothes
1841,派大星,pài dà xīng,Patrick Star,3,,,,,,,,,,派大星很搞笑,Pài dà xīng hěn gǎoxiào,Patrick Star is very funny
1842,拍卖,pāi mài,auction,3,1,球拍,racket,卖,sell,,,,,这幅画将在下周拍卖。,zhè fú huà jiāng zài xià zhōu pāi mài。,This painting will be auctioned next week.
1843,判断,pàn duàn,to judge;judgment,3,,-,,,,,,,,不要只凭感觉做判断。,bú yào zhǐ píng gǎn jué zuò pàn duàn.,do not judge only by feelings.
1844,泡沫,pào mò,foam;bubble,3,,-,,,,,,,,啤酒倒出来时上面有一层泡沫。,pí jiǔ dào chū lái shí shàng miàn yǒu yì céng pào mò.,"When the beer was poured, there was a layer of foam on top."
1845,配偶,pèi ǒu,spouse,3,2,配合,matching,偶像,idol,,,,,填写表格时需要写明配偶信息。,tiánxiě biǎogé shí xūyào xiěmíng pèiǒu xìnxī,You need to list spouse information on the form.
1846,配送,pèi sòng,delivery,3,,,,,,,,,,商店提供免费配送,shāng diàn tí gòng miǎn fèi pèi sòng,the shop offers free delivery
1847,喷泉,pēn quán,fountain,3,2,喷嚏,sneeze,温泉,spa,,,,,公园里有一个喷泉,Gōngyuán lǐ yǒu yí gè pēnquán,There is a fountain in the park
1848,脾气,pí qì,temper;character;disposition,3,3,脾,spleen,生气,angry,,,,,她脾气很好,tā pí qì hěn hǎo,she has a good temper
1849,偏见,piān ​jiàn,prejudice;bias,3,2,偏,to lean,见,to see,,,,,不要带着偏见看人,Búyào dàizhe piānjiàn kàn rén,Don’t look at people with prejudice
1850,偏远,piān yuǎn,far out;remote,3,3,偏,inclined to one side,远,far,,,,,这个村子非常偏远。,zhè ge cūn zi fēi cháng piān yuǎn.,This village is very remote.
1851,拼多多,pīn duō duō,Chinese Temu,3,4,拼命,to do one's utmost,多多,many,,,,,她在拼多多买了一堆零食,tā zài pīnduōduō mǎile yìduī língshí,She bought a bunch of snacks on Pinduoduo
1852,拼配豆,pīn pèi dòu,blended beans,3,4,拼接,splice,匹配,to match,豆,bean,,,我喜欢用拼配豆冲咖啡,Wǒ xǐhuān yòng pīnpèi dòu chōng kāfēi,I like to brew coffee with blend beans
1853,平板电脑,píng bǎn diàn nǎo,tablet,3,,,,,,,,,,我买了一台平板电脑,wǒ mǎi le yì tái píngbǎn diàonnǎo,I bought a tablet
1854,平衡,píng héng,balance,3,,,,,,,,,,他失去了身体的平衡,Tā shīqù le shēntǐ de pínghéng,He lost his balance
1855,平静,píng jìng,calm;tranquil,3,3,平,flat,安静,quiet,,,,,她努力让自己平静下来。,tā nǔ lì ràng zì jǐ píng jìng xià lái.,she tried to calm herself down.
1856,屏幕,píng mù,screen,3,,,,,,,,,,手机屏幕坏了,shǒujī píngmù huài le,The phone screen is broken
1857,破碎,pò suì,broken,3,,-,,,,,,,,他的梦想在现实中破碎了。,tā de mèngxiǎng zài xiànshí zhōng pòsuì le,His dream was shattered by reality.
1858,普洱茶,pǔ ěr chá,puer tea,3,3,普通,common,洱海,Erhai Lake (Dali),茶,tea,,,普洱茶适合久存。,pǔ ěr chá shì hé jiǔ cún.,pu'er tea can be aged.
1859,普信男,pǔ xìn nán,ordinary but confident man,3,3,普通,ordinary,自信,confident,男,man,,,网友说他是普信男,Wǎngyǒu shuō tā shì pǔxìn nán,People online call him an average self important guy
1860,其次,qí cì,secondly,3,3,其他,other,次,sequence;order,,,,,我喜欢旅行 其次喜欢美食,wǒ xǐ huān lǚ xíng qí cì xǐ huān měi shí,i like traveling and secondly I like food
1861,骑到,qí dào,to ride to,3,,,,,,,,,,他骑到公司只用了十分钟,tā qí dào gōng sī zhǐ yòng le shí fēn zhōng,It only took him ten minutes to ride to work
1862,启动,qǐ dòng,to start (machine),3,,,,,,,,,,电脑启动很慢,diàn nǎo qǐ dòng hěn màn,the computer starts very slowly
1863,气氛,qì fēn,atmosphere;mood,3,4,气,air,氛围,ambiance,,,,,晚宴的气氛非常热闹,wǎn yàn de qì fēn fēi cháng rè nào,the atmosphere of the dinner party is very lively
1864,器官,qì guān,organ,3,2,器,device,官,official,,,,,心脏是重要的器官,Xīnzàng shì zhòngyào de qìguān,The heart is an important organ
1865,起霉,qǐ méi,to get moldy,3,4,起来,to get up,发霉,to become moldy,,,,,面包放久了会起霉。,miàn bāo fàng jiǔ le huì qǐ méi.,Bread grows mold if left too long.
1866,奇诺比奥,qí nuò bǐ ào,Toad,3,,,,,,,,,,奇诺比奥为大家解释规则,qí nuò bǐ ào wèi dà jiā jiě shì guī zé,Toad explains the rules to everyone
1867,棋牌室,qí pái shì,mahjong and card room,3,4,棋,chess,牌,playing card;mahjong tile,室,room,,,爷爷经常去棋牌室。,yé ye jīng cháng qù qí pái shì,Grandpa often goes to the mahjong room.
1868,气球,qì qiú,balloon,3,1,空气,air,球,ball,,,,,孩子们在玩气球,hái zi men zài wán qì qiú,the children are playing with balloons
1869,起诉,qǐ sù,to sue,3,3,起来,to get up,告诉,to tell,,,,,公司决定起诉那个人,Gōngsī juédìng qǐsù nà ge rén,The company decided to sue that person
1870,其中,qí zhōng,among them;one of,3,4,其他,other,中,center,,,,,其中一个方案更好。,qí zhōng yī gè fāng àn gèng hǎo,One of the plans is better.
1871,浅,qiǎn,shallow,3,,-,,,,,,,,我们只是进行了浅层讨论。,wǒ men zhǐ shì jìn xíng le qiǎn céng tǎo lùn,We only had a superficial discussion.
1872,前端,qián duān,front end,3,3,前,front,极端,extreme,,,,,她是前端工程师,tā shì qián duān gōng chéng shī,She is a frontend engineer
1873,前夫,qián fū,ex-husband,3,2,前,before,丈夫,husband,,,,,她和前夫保持着朋友关系,Tā hé qiánfū bǎochí zhe péngyǒu guānxì,She remains friends with her ex-husband
1874,浅色,qiǎn sè,light color,3,4,浅,shallow,色彩,color,,,,,浅色房间更显大,qiǎn sè fáng jiān gèng xiǎn dà,Light colors make rooms look bigger
1875,牵手,qiān shǒu,hold hands,3,3,牵,to lead along;drag,手,hand,,,,,他们在公园里牵手,Tāmen zài gōngyuán lǐ qiānshǒu,They hold hands in the park
1876,谦逊,qiān xùn,humble,3,,-,,,,,,,,他待人很谦逊,Tā dàirén hěn qiānxùn,He is very modest with people
1877,谦虚,qiān xùn,modest,3,,,,,,,,,,他为人很谦虚,tā wéi rén hěn qiān xū,he is very modest
1878,潜意识,qián yì shí,subconscious,3,3,潜艇,submarine,意识,consciousness,,,,,这些习惯其实来自你的潜意识。,zhèxiē xíguàn qíshí láizì nǐ de qiányìshí.,These habits actually come from your subconscious.
1879,前缀,qián zhuì,prefix,3,2,前,before,点缀,embellishment,,,,,不定式的“to”是一个前缀,Bùdìngshì de “to” shì yī gè qiánzhuì,"The ""to"" in infinitives is a prefix"
1880,抢,qiǎng,snatch;rush to get,3,,-,,,,,,,,大家都在抢演唱会门票。,dà jiā dōu zài qiǎng yǎn chàng huì mén piào,Everyone is rushing to buy concert tickets.
1881,亲戚,qīn qi,relative,3,,,,,,,,,,过年的时候亲戚都会来我家,guò nián de shí hou qīn qi dōu huì lái wǒ jiā,Relatives come to my house during the new year
1882,青海湖,qīng hǎi hú,Qinghai Lake,3,2,青色,blue-green,海洋,sea,湖,lake,,,夏天的青海湖一片湛蓝。,xià tiān de qīng hǎi hú yí piàn zhàn lán,Qinghai Lake is deep blue in summer.
1883,青海省,qīng hǎi shěng,Qinghai Province,3,3,青,green-blue,海,sea,省,province,,,青海湖是中国最大的湖泊。,qīng hǎi hú shì zhōng guó zuì dà de hú pō,Qinghai Lake is the largest lake in China.
1884,青旅,qīng lǚ,youth hostel,3,3,青年,youth,旅馆,hotel,,,,,我们住在一家便宜的青旅。,wǒ men zhù zài yì jiā pián yi de qīng lǚ.,We stayed at a cheap youth hostel.
1885,情人节,qíng rén jié,Valentine's Day,3,2,情人,lover,节日,holiday,,,,,情人节送花很浪漫。,qíng rén jié sòng huā hěn làng màn.,Giving flowers on Valentine's Day is romantic.
1886,轻奢生活,qīng shē shēng huó,slightly luxurious life,3,4,轻松,light,奢华,luxurious,生活,life,,,她喜欢轻奢生活,Tā xǐhuān qīng shē shēnghuó,She likes a light luxury lifestyle
1887,青岛,Qīngdǎo,Qingdao,3,2,青,green-blue,岛,island,,,,,青岛的啤酒节很有名,Qīngdǎo de pí jiǔ jié hěn yǒu míng,Qingdao’s beer festival is very famous
1888,曲奇,qū qí,cookie,3,4,弯曲,bent,奇怪,strange,,,,,这盒曲奇很好吃,Zhè hé qūqí hěn hǎochī,This box of cookies is delicious
1889,趋势,qū shì,trend,3,,,,,,,,,,今年的经济趋势正在逐渐好转,jīn nián de jīng jì qū shì zhèng zài zhú jiàn hǎo zhuǎn,The economic trend this year is gradually improving
1890,绕道,rào dào,detour,3,2,绕,to go around,道,road,,,,,前面堵车我们只好绕道,qiánmiàn dǔchē wǒmen zhǐhǎo ràodào,there was a traffic jam ahead so we had to take a detour
1891,热气,rè qì,heating,3,2,热,hot,空气,air,,,,,火锅一直冒着热气。,huǒ guō yì zhí mào zhe rè qì,Steam keeps rising from the hot pot.
1892,热巧克力,rè qiǎo kè lì,hot chocolate,3,4,热,hot,巧克力,chocolate,,,,,她点了一杯热巧克力,tā diǎn le yì bēi rè qiǎokèlì,She ordered a cup of hot chocolate
1893,热水器,rè shuǐ qì,water heater,3,3,热,heat,水,water,器,device,,,热水器坏了没热水,Rèshuǐqì huài le méi rèshuǐ,The water heater is broken no hot water
1894,热爱,rè' ài,passionate;deep love;to love ardently,3,3,热,hot,爱,love,,,,,她热爱音乐,tā rè ài yīn yuè,she loves music
1895,人人,rén rén,everyone,3,3,人,person,人,person,,,,,人人都喜欢假期,rén rén dōu xǐ huān jià qī,everyone likes holidays
1896,人物,rén​ wù,character,3,2,人,person,物,thing,,,,,这本书的人物很多,zhè běn shū de rén wù hěn duō,this book has many characters
1897,日用品,rì yòng pǐn,daily products,3,2,日,day,用,to use,品,product,,,超市里有各种日用品,Chāoshì lǐ yǒu gèzhǒng rìyòngpǐn,The supermarket has all kinds of daily necessities
1898,肉夹馍,ròu jiā mó,Chinese burger,3,3,牛肉,beef,夹,to sandwich,馒,small loaf of steamed bread,,,来西安一定要吃肉夹馍。,lái xī ān yí dìng yào chī ròu jiā mó,You must eat roujiamo when visiting Xi’an.
1899,肉松,ròu sōng,meat floss,3,3,肉,meat,松,loose,,,,,面包里有肉松,miàn bāo lǐ yǒu ròu sōng,the bread has pork floss inside
1900,软垫,ruǎn diàn,cushion,3,1,软,soft,垫子,mat,,,,,他在椅子上加了一个软垫,tā zài yǐzi shàng jiā le yī gè ruǎndiàn,He added a cushion on the chair
1901,弱点,ruò diǎn,weakness,3,3,弱,weak,点,point,,,,,每个人都有弱点,Měi gèrén dōu yǒu ruòdiǎn,Everyone has weaknesses
1902,三轮车,sān lún chē,tricycle,3,2,三,three,轮胎,tire,车,vehicle,,,老人骑三轮车,lǎo rén qí sān lún chē,the old man rides a tricycle
1903,三明治,sān míng zhì,sandwich,3,4,三,three,明,bright,政治,politics,,,中午我吃了三明治,zhōng wǔ wǒ chī le sān míng zhì,i ate a sandwich at noon
1904,三十几岁,sān shí jǐ suì,thirties;thirty-something,3,3,三十,thirty,几,several,岁,age,,,他今年三十几岁,tā jīn nián sān shí jǐ suì,he is in his thirties this year
1905,三文鱼,sān wèn yú,salmon,3,4,三,three,文,arts,鱼,fish,,,晚餐有三文鱼,wǎn cān yǒu sān wén yú,there is salmon for dinner
1906,扫把,sào bǎ,broom,3,2,扫,to sweep,把手,handle,,,,,用扫把清理地面。,yòng sào bǎ qīng lǐ dì miàn.,use a broom to clean the floor.
1907,傻逼,shǎ bī,idiot,3,4,傻,stupid,牛逼,awesome,,,,,别因为小事骂人傻逼。,Bié yīnwèi xiǎoshì mà rén shǎbī.,Don't call people idiots over small matters.
1908,傻蛋,shǎ dàn,idiot;stupid egg,3,1,傻,stupid,蛋,egg,,,,,你这个傻蛋,nǐ zhè gè shǎ dàn,you silly fool
1909,沙发,shā fā,sofa,3,3,沙,sand,发,to send out,,,,,沙发坐着很舒服。,shā fā zuò zhe hěn shū fu.,the sofa is comfortable.
1910,傻瓜,shǎ​ guā,idiot,3,1,傻,stupid,瓜,melon,,,,,别当傻瓜了这很明显是个玩笑,Bié dāng shǎguā le zhè hěn míngxiǎn shì gè wánxiào,Don’t be a fool it’s obviously a joke
1911,沙特,shā tè,Saudi Arabia,3,2,沙,sand,特,special,,,,,他去过沙特旅行,Tā qùguò Shātè lǚxíng,He has traveled to Saudi Arabia
1912,山东省,shān dōng shěng,Shandong Province,3,2,山,mountain,东,east,省,province,,,山东是孔子的故乡。,shān dōng shì kǒng zǐ de gù xiāng,Shandong is Confucius’s hometown.
1913,善良,shàn liáng,kind (person),3,,,,,,,,,,她是一个善良的人,tā shì yī gè shàn liáng de rén,she is a kind person
1914,山姆会员商店,shān mǔ huì yuán shāng diàn,Sam's Club,3,,,,,,,,,,我们昨天去山姆会员商店购物,wǒmen zuótiān qù Shānmǔ huìyuán shāngdiàn gòuwù,We went shopping at Sam’s Club yesterday
1915,陕西省,shǎn xī shěng,Shaanxi Province,3,6,陕,(uncommon),西,west,省,province,,,陕西有兵马俑。,shǎn xī yǒu bīng mǎ yǒng,Shaanxi has the Terracotta Warriors.
1916,山西省,shān xī shěng,Shanxi Province,3,2,山,mountain,西,west,省,province,,,山西以煤矿资源丰富而著称。,shān xī yǐ méi kuàng zī yuán fēng fù ér zhù chēng,Shanxi is known for its rich coal resources.
1917,山羊,shān yáng,goat,3,1,山,mountain,羊,sheep,,,,,山羊正在山坡上吃草,Shānyáng zhèngzài shānpō shàng chī cǎo,The goat is eating grass on the hillside
1918,上传,shàng chuán,upload,3,2,上,up,传,to pass on,,,,,请把文件上传到云端,Qǐng bǎ wénjiàn shàngchuán dào yúnduān,Please upload the file to the cloud
1919,伤口,shāng kǒu,wound;cut,3,1,伤,injury,口,opening,,,,,请给伤口消毒,qǐng gěi shāng kǒu xiāo dú,please disinfect the wound
1920,上上星期,shàng shàng xīng qī,week before last,3,4,上次,last time,上次,last time,星期,week,,,我上上星期才从中国回来,wǒ shàng shàng xīng qī cái cóng zhōng guó huí lái,I just came back from China the week before last
1921,伤心,shāng xīn,sad;heartbroken,3,1,伤,injury,心,heart,,,,,她因为失恋很伤心,tā yīn wèi shī liàn hěn shāng xīn,she is sad because of the breakup
1922,烧香,shāo xiāng,burn incense,3,3,烧,burn,香,fragrant,,,,,奶奶每天早上都烧香,Nǎinai měitiān zǎoshang dōu shāoxiāng,Grandma burns incense every morning
1923,社保,shè bǎo,Social Security,3,3,社会,society,保险,insurance,,,,,他正在缴纳社保,tā zhèng zài jiǎo nà shè bǎo,he is paying social security
1924,舍不得,shě bu dé,reluctant;begrudge,3,,,,,,,,,,她舍不得离开家,Tā shěbude líkāi jiā,She couldn’t bear to leave home
1925,射箭,shè jiàn,archery,3,2,射,shoot,箭,arrow,,,,,射箭需要稳定的手感。,shè jiàn xū yào wěn dìng de shǒu gǎn.,archery requires steady hands.
1926,社牛,shè niú,social butterfly,3,3,社会,society,牛逼,awesome,,,,,她是个社牛 到处都能聊得开,Tā shì gè shèniú dàochù dōu néng liáo de kāi,She’s a social butterfly who can talk to anyone
1927,社死,shè sǐ,super embarrassing;social death,3,3,社会,society,死,die,,,,,昨天在会议上忘词我真的社死,zuótiān zài huìyì shàng wàng cí wǒ zhēnde shèsǐ,I forgot my lines in the meeting yesterday it was total social death
1928,深度,shēn ​dù,depth,3,2,深,deep,程度,degree,,,,,这篇文章的分析有深度,zhè piān wén zhāng de fēn xī yǒu shēn dù,the analysis in this article has depth
1929,身份盗用,shēn fèn dào yòng,identity theft,3,3,身份,identity,海盗,pirate,用,use,,,身份盗用是一种严重的犯罪,shēn fèn dào yòng shì yī zhǒng yán zhòng de fàn zuì,identity theft is a serious crime
1930,深色,shēn sè,dark color,3,4,深,deep,色彩,color,,,,,深色衣服比较耐脏,shēn sè yī fú bǐ jiào nài zāng,Dark clothes hide dirt better
1931,生存,shēng cún,survive,3,,,,,,,,,,动物为了生存会不断适应环境,dòng wù wèi le shēng cún huì bú duàn shì yìng huán jìng,Animals constantly adapt to the environment in order to survive
1932,圣诞,shèng ​dàn,Christmas,3,2,圣,holy,诞生,to be born,,,,,圣诞是一个欢乐的节日,shèng dàn shì yī gè huān lè de jié rì,christmas is a joyful holiday
1933,圣诞老人,shèng dàn lǎo rén,Santa Claus,3,3,圣诞,Christmas,老人,old person,,,,,孩子们相信圣诞老人会送礼物,háizimen xiāngxìn shèngdàn lǎorén huì sòng lǐwù,Children believe Santa brings gifts
1934,省会,shěng huì,provincial capital,3,3,省份,province,会议,meeting,,,,,武汉是湖北的省会。,wǔ hàn shì hú běi de shěng huì。,Wuhan is the capital of Hubei.
1935,生活成本,shēng huó chéng běn,cost of living,3,3,生活,life,成本,costs,,,,,这个城市生活成本很高,Zhège chéngshì shēnghuó chéngběn hěn gāo,The cost of living in this city is high
1936,圣女果,shèng nǚ guǒ,cherry tomatoes,3,2,圣,saint,女,woman,果,fruit,,,我早餐吃了圣女果,Wǒ zǎocān chī le shèngnǚguǒ,I ate cherry tomatoes for breakfast
1937,生意,shēng yì,business (how doing),3,,,,,,,,,,这家店的生意很好,Zhè jiā diàn de shēngyì hěn hǎo,Business is good at this shop
1938,生育,shēng yù,to give birth,3,3,生,life,教育,to educate,,,,,她刚经历了生育,Tā gāng jīnglì le shēngyù,She just went through childbirth
1939,生育率,shēng yù lǜ,birth rate,3,4,生育,to give birth,率,rate,,,,,这个国家的生育率下降了,Zhège guójiā de shēngyùlǜ xiàjiàng le,The birth rate in this country has declined
1940,升职,shēng zhí,to get promoted;promotion,3,2,升,to rise,职业,occupation,,,,,他刚刚升职了,Tā gānggāng shēngzhí le,He just got promoted
1941,时代,shí dài,era;Time Magazine,3,2,时间,time,代,generation,,,,,这是一个变化很快的时代。,zhè shì yí gè biànhuà hěn kuài de shídài,This is an era of rapid change.
1942,事故,shì gù,accident,3,2,事,thing,故事,story,,,,,昨天发生了一起交通事故,Zuótiān fāshēng le yī qǐ jiāotōng shìgù,A traffic accident happened yesterday
1943,事件,shì jiàn,event,3,,,,,,,,,,昨天发生了一起事件,zuó tiān fā shēng le yī qǐ shì jiàn,an incident happened yesterday
1944,世界和平,shì jiè hé píng,world peace,3,4,世界,world,和平,peace,,,,,大家都希望世界和平,Dàjiā dōu xīwàng shìjiè hépíng,Everyone hopes for world peace
1945,湿巾,shī jīn,wet wipes,3,2,潮湿,damp,毛巾,towel,,,,,湿巾很方便清洁。,shī jīn hěn fāng biàn qīng jié.,wet wipes are convenient for cleaning.
1946,实名认证,shí míng rèn zhèng,Real-name authentication,3,,,,,,,,,,-,-,-
1947,视频电话,shì pín diàn huà,video call,3,,,,,,,,,,我们开了一个视频电话会议,Wǒmen kāi le yī gè shìpín diànhuà huìyì,We held a video call meeting
1948,视频通话,shì pín tōng huà,video calling,3,,,,,,,,,,她正在和老师视频通话,Tā zhèngzài hé lǎoshī shìpín tōnghuà,She is on a video call with the teacher
1949,时尚,shí shàng,fashion;fashionable,3,,,,,,,,,,她的穿衣风格很时尚,Tā de chuānyī fēnggé hěn shíshàng,Her clothing style is very fashionable
1950,食堂,shí táng,cafeteria,3,1,食物,food,堂,hall,,,,,下班后我们去食堂吃点东西,shí táng xià bān hòu wǒ men qù shí táng chī diǎn dōng xī,after work we went to the cafeteria to eat something
1951,石头剪刀布,shí tou jiǎn dāo bù,rock paper scissors,3,3,石头,stone,剪刀,scissors,布,cloth,,,我们用石头剪刀布决定。,wǒ men yòng shí tou jiǎn dāo bù jué dìng。,We decided with rock-paper-scissors.
1952,试图,shì tú,attempt,3,4,试验,test,图,diagram;picture,,,,,他试图解释。,tā shì tú jiě shì,He tried to explain.
1953,实验室,shí​ yàn ​shì,laboratory,3,1,实验,experiment,办公室,office,,,,,他们在实验室做研究,tā men zài shí yàn shì zuò yán jiū,they are doing research in the laboratory
1954,实用,shí yòng,practical;useful,3,2,其实,actually,用,use,,,,,这个工具很实用,Zhège gōngjù hěn shíyòng,This tool is very useful
1955,市长,shì zhǎng,mayor,3,1,城市,city,长官,senior official,,,,,市长发表讲话。,shì zhǎng fā biǎo jiǎng huà,The mayor gave a speech.
1956,手冲,shǒu chōng,pour over,3,2,手,hand,冲,flush,,,,,我喜欢自己手冲咖啡,Wǒ xǐhuān zìjǐ shǒuchōng kāfēi,I like making pour-over coffee myself
1957,受害者,shòu hài zhě,victim,3,2,受,to receive,害,harm,者,one who,,,事故中有几个受害者,shì gù zhōng yǒu jǐ gè shòu hài zhě,there were several victims in the accident
1958,受欢迎,shòu huān yíng,popular,3,2,受,receive,欢迎,welcome,,,,,这部电影很受欢迎,zhè bù diàn yǐng hěn shòu huān yíng,this movie is very popular
1959,收集,shōu jí,to collect,3,3,收,to receive,集,set,,,,,他喜欢收集邮票,tā xǐ huān shōu jí yóu piào,he likes collecting stamps
1960,售罄,shòu qìng,sold out,3,,,,,,,,,,演唱会的门票已经售罄,Yǎnchànghuì de ménpiào yǐjīng shòuqìng,The concert tickets are sold out
1961,收拾,shōu shi,pack (luggage);tidy up,3,,-,,,,,,,,你先把房间收拾一下。,nǐ xiān bǎ fáng jiān shōu shi yí xià,Please tidy up the room first.
1962,兽医,shòu yī,veterinarian,3,1,兽,beast,医,medicine,,,,,猫生病了要带去看兽医。,māo shēng bìng le yào dài qù kàn shòu yī.,"If the cat is sick, take it to the vet."
1963,书法,shū fǎ,calligraphy,3,3,书,book,方法,method,,,,,他从小练习书法。,tā cóng xiǎo liàn xí shū fǎ,He has practiced calligraphy since childhood.
1964,书架,shū jià,bookshelf,3,4,书,book,架,rack,,,,,书架上有很多书,shūjià shàng yǒu hěnduō shū,There are many books on the shelf
1965,数据科学,shù jù kē xué,data science,3,,,,,,,,,,我在研究数据科学的方法,Wǒ zài yánjiū shùjù kēxué de fāngfǎ,I am studying methods of data science
1966,数据库,shù jù kù,database,3,4,数据,data,仓库,warehouse,,,,,我们在学习数据库,Wǒmen zài xuéxí shùjùkù,We are studying databases
1967,书桌,shū​ zhuō,desk,3,1,书,book,桌,table,,,,,他的书桌上堆满了书和文件,Tā de shūzhuō shàng duī mǎn le shū hé wénjiàn,His desk is full of books and papers
1968,梳子,shū zi,comb,3,,-,,,,,,,,这把梳子很顺手。,zhè bǎ shūzi hěn shùnshǒu,This comb is easy to use.
1969,霜,shuāng,frost,3,,-,,,,,,,,昨晚有霜冻。,zuó wǎn yǒu shuāng dòng.,There was frost last night.
1970,双十一,shuāng shí yī,Double 11 shopping festival;Singles day,3,,,,,,,,,,双十一大家都在购物,shuāng shí yī dà jiā dōu zài gòu wù,everyone is shopping on singles day
1971,水晶,shuǐ jīng,crystal,3,,-,,,,,,,,水晶常被用来做装饰品。,shuǐ jīng cháng bèi yòng lái zuò zhuāng shì pǐn.,crystal is often used as decoration.
1972,水泥,shuǐ ní,cement,3,1,水,water,泥,mud,,,,,工人们正在搅拌水泥,Gōngrénmen zhèngzài jiǎobàn shuǐní,The workers are mixing cement
1973,水疱,shuǐ pào,blisters,3,,,,,,,,,,走路太多脚上起了水疱,Zǒulù tài duō jiǎo shàng qǐ le shuǐpào,Blisters appeared on my feet from too much walking
1974,税前,shuì qián,pre-tax;before tax,3,4,税,tax,前,before,,,,,我们先看税前收入,Wǒmen xiān kàn shuìqián shōurù,We first look at the pre tax income
1975,睡衣,shuì yī,pajamas,3,1,睡,sleep,衣,clothes,,,,,这套睡衣很舒服,Zhè tào shuìyī hěn shūfu,These pajamas are very comfortable
1976,顺时针,shùn shí zhēn,clockwise,3,2,顺利,smooth,时间,time,针,needle,,,请顺时针方向转动,qǐng shùn shí zhēn fāng xiàng zhuàn dòng,Please turn in a clockwise direction
1977,说对,shuō duì,to say correctly,3,,,,,,,,,,老师说我这次说对了,lǎo shī shuō wǒ zhè cì shuō duì le,The teacher said I got it right this time
1978,说明,shuō míng,to illustrate,3,2,说,to speak,明,bright,,,,,请仔细看说明,Qǐng zǐxì kàn shuōmíng,Please read the instructions carefully
1979,四川省,sì chuān shěng,Sichuan Province,3,3,四,four,川,river,省,province,,,四川以熊猫和麻辣火锅闻名。,sì chuān yǐ xióng māo hé má là huǒ guō wén míng,Sichuan is known for pandas and spicy hotpot.
1980,思考,sī kǎo,to think deeply;ponder over;reflect on,3,3,思,to think,考,to examine,,,,,老师让学生思考问题,Lǎoshī ràng xuéshēng sīkǎo wèntí,The teacher asked students to think about the problem
1981,思维,sī wéi,way of thinking,3,4,思想,thought,维持,maintain,,,,,学习语言可以培养思维能力。,xué xí yǔ yán kě yǐ péi yǎng sī wéi néng lì.,Learning languages can develop your thinking skills.
1982,私信,sī xìn,private message;DM,3,3,私,private,信,letter,,,,,我给你发了私信,wǒ gěi nǐ fā le sī xìn,i sent you a private message
1983,松饼,sōng bǐng,pancake,3,2,放松,to loosen,饼,cake,,,,,早餐我们吃了松饼和牛奶,zǎo cān wǒ men chī le sōng bǐng hé niú nǎi,we had pancakes and milk for breakfast
1984,松鼠,sōng shǔ,squirrel,3,1,松树,pine tree,鼠,rat,,,,,松鼠在树上跳来跳去,sōng shǔ zài shù shàng tiào lái tiào qù,the squirrel jumps around in the tree
1985,速冻,sù dòng,quick-frozen,3,4,快速,fast,冷冻,freeze,,,,,这是速冻食品。,zhè shì sù dòng shí pǐn。,This is frozen food.
1986,速溶咖啡,sù róng kā fēi,instant coffee,3,2,快速,fast,溶解,dissolve,咖啡,coffee,,,我早上常喝速溶咖啡。,wǒ zǎo shang cháng hē sù róng kā fēi.,I often drink instant coffee in the morning.
1987,宿舍,sù shè,dorm,3,4,住宿,to stay at,舍不得,to hate to do something,,,,,大学宿舍里住了四个人,Dàxué sùshè lǐ zhù le sì gèrén,There are four people living in the dormitory
1988,算了,suàn le,nevermind;forget it,3,,,,,,,,,,算了我们不去了,suàn le wǒ men bù qù le,forget it we are not going
1989,隧道,suì dào,tunnel,3,,,,,,,,,,火车穿过了长长的隧道,huǒ chē chuān guò le cháng cháng de suì dào,the train passed through a long tunnel
1990,随地吐痰,suí dì tǔ tán,spit;spitting anywhere,3,3,随便,as one wishes,地,ground,吐,vomit,痰,phlegm,不要随地吐痰,Bùyào suí dì tǔtán,Don't spit anywhere
1991,随时,suí​ shí,at any time,3,2,随便,casual,时间,time,,,,,你随时联系我,Nǐ suíshí liánxì wǒ,Contact me anytime
1992,随时退,suí shí tuì,anytime refund,3,,,,,,,,,,订单可以随时退,dìng dān kě yǐ suí shí tuì,the order can be refunded anytime
1993,孙悟空,sūn wù kōng,Monkey King,3,4,孙子,grandson,觉悟,consciousness;realization,空,empty,,,孙悟空会七十二变。,sūn wù kōng huì qī shí èr biàn.,sun wukong can transform in many ways.
1994,所谓,suǒ wèi,so-called,3,,,,,,,,,,所谓的自由并不是毫无限制的。,suǒ wèi de zì yóu bìng bú shì háo wú xiàn zhì de。,So-called freedom is not without limits。
1995,苏州,Sūzhōu,Suzhou,3,6,苏,"phonetic ""su""",州,state,,,,,苏州以古典园林闻名,Sūzhōu yǐ gǔ diǎn yuán lín wén míng,Suzhou is famous for its classical gardens
1996,他妈的,tā mā de,damn it;fuck,3,3,他,him,妈,mom,,,,,他妈刚刚给我打电话,Tā mā gānggāng gěi wǒ dǎ diànhuà,His mom just called me
1997,泰山,tài shān,Mount Tai,3,3,泰国,Thailand,山,mountain,,,,,很多人选择夜爬泰山看日出。,hěn duō rén xuǎn zé yè pá tài shān kàn rì chū,Many people climb Mount Tai at night to see the sunrise.
1998,台湾省,tái wān shěng,Taiwan Province,3,3,台,platform,湾,bay,省,province,,,台湾以夜市和美食出名。,tái wān yǐ yè shì hé měi shí chū míng,Taiwan is famous for its night markets and food.
1999,叹,tàn,sigh,3,,-,,,,,,,,他听完消息后叹气了。,tā tīng wán xiāoxi hòu tànqì le,He sighed after hearing the news.
2000,谈话,tán huà,conversation,3,3,谈谈,to chat,话,speech,,,,,我们需要认真谈话,Wǒmen xūyào rènzhēn tánhuà,We need to have a serious talk
2001,谈判,tán pàn,to negotiate,3,3,谈,talk,批判,to criticize,,,,,两国正在进行谈判,Liǎng guó zhèngzài jìnxíng tánpàn,The two countries are negotiating
2002,碳水,tàn shuǐ,carbs,3,3,碳,carbon,水,water,,,,,他最近在控制碳水摄入。,tā zuì jìn zài kòng zhì tàn shuǐ shè rù,He has been controlling his carb intake lately.
2003,汤圆,tāng yuán,glutinous rice balls,3,2,汤,soup,圆形,round,,,,,元宵节吃汤圆。,yuán xiāo jié chī tāng yuán.,people eat tangyuan at lantern festival.
2004,腾讯,téng xùn,Tencent,3,4,折腾,to toss from side to side,通讯,communications;correspondence,,,,,腾讯是一家科技公司。,téng xùn shì yì jiā kē jì gōng sī.,tencent is a tech company.
2005,提出,tí chū,to suggest;propose,3,2,提供,to offer,出,go out,,,,,他提出了一个好建议,Tā tíchū le yī gè hǎo jiànyì,He made a good suggestion
2006,体毛,tǐ máo,body hair,3,3,体,body,毛,hair,,,,,他的体毛很浓密,Tā de tǐmáo hěn nóngmì,His body hair is very thick
2007,题目,tí mù,subject,3,,,,,,,,,,这道题目的答案很难,zhè dào tí mù de dá àn hěn nán,the answer to this question is difficult
2008,梯子,tī zi,ladder;VPN,3,,-,,,,,,,,拿个梯子来。,ná gè tī zi lái,Bring a ladder.
2009,舔,tiǎn,lick,3,,,,,,,,,,小狗舔了主人的手,Xiǎogǒu tiǎn le zhǔrén de shǒu,The puppy licked its owner’s hand
2010,天安门广场,tiān ān mén guǎng chǎng,Tiananmen Square,3,4,天空,sky,安全,safe,门口,gate,广场,square,清晨的天安门广场非常庄严。,qīng chén de tiān ān mén guǎng chǎng fēi cháng zhuāng yán,Tiananmen Square is very solemn in the early morning.
2011,天才,tiān cái,genius,3,2,天,god,才能,talent,,,,,她是个音乐天才,Tā shì gè yīnyuè tiāncái,She is a musical genius
2012,天桥,tiān qiáo,pedestrian bridge,3,4,天空,sky,桥,bridge,,,,,我们在天桥上等你,wǒ men zài tiān qiáo shàng děng nǐ,We’ll wait for you on the pedestrian bridge
2013,填写,tián xiě,fill in,3,,,,,,,,,,请填写这份表格,qǐng tián xiě zhè fèn biǎo gé,please fill out this form
2014,天津,Tiānjīn,Tianjin,3,6,天,sky,津,(uncommon),,,,,天津有著名的古文化街,Tiānjīn yǒu zhù míng de gǔ wén huà jiē,Tianjin has the famous Ancient Culture Street
2015,调皮,tiáo pí,naughty,3,3,调整,to adjust,皮,skin,,,,,那个小孩很调皮,Nàgè xiǎohái hěn tiáopí,That child is very naughty
2016,条纹,tiáo wén,stripe,3,2,条,strip,纹,line,,,,,这件衬衫有蓝色条纹,zhè jiàn chèn shān yǒu lán sè tiáo wén,this shirt has blue stripes
2017,调休,tiáo xiū,adjusted holiday,3,4,调整,adjust,休假,take a vacation,,,,,周末加班可以调休。,zhōu mò jiā bān kě yǐ tiáo xiū,Overtime on weekends can be compensated with time off.
2018,铁公鸡,tiě gōng jī,cheapskate;stubborn person,3,2,铁,iron,公鸡,rooster,,,,,他是个铁公鸡,tā shì gè tiě gōng jī,he is very stingy
2019,贴心,tiē xīn,intimate;close;considerate,3,3,贴,stick on,心,heart,,,,,他是个很贴心的男朋友,tā shì gè hěn tiē xīn de nán péng yǒu,He is a very considerate boyfriend
2020,听话,tīng huà,obedient,3,1,听,listen,话,speech,,,,,孩子很听话,hái zi hěn tīng huà,the child is very obedient
2021,同母异父,tóng mǔ yì fù,half sibling (same mother),3,2,同,same,母,mother,异,different,父,father,他们是同母异父的兄弟,Tāmen shì tóng mǔ yì fù de xiōngdì,They are half brothers with the same mother
2022,通勤,tōng qín,commute,3,3,交通,traffic,勤奋,diligent;hardworking,,,,,我每天通勤一个小时,Wǒ měitiān tōngqín yī gè xiǎoshí,I commute for an hour every day
2023,同音字,tóng yīn zì,homophone,3,1,同,same,声音,sound,字,character,,,中文有很多同音字。,zhōng wén yǒu hěn duō tóng yīn zì.,Chinese has many homophones.
2024,同志,tóng ​zhì,comrade,3,2,同,same,标志,sign,,,,,他们是老同志了,Tāmen shì lǎo tóngzhì le,They have been comrades for years
2025,透明,tòu míng,transparent,3,2,透露,to disclose;leak,明亮,bright,,,,,这个杯子是透明的,zhè gè bēi zi shì tòu míng de,This cup is transparent
2026,投入,tóu rù,invest in;to throw into,3,3,投,to throw,入,to enter,,,,,他很投入地做工作,Tā hěn tóurù de zuò gōngzuò,He works with great focus
2027,头像,tóu xiàng,avatar;portrait;profile picture,3,2,头,head,像,resemble,,,,,我换了一个新头像,wǒ huàn le yī gè xīn tóu xiàng,I changed my profile picture
2028,土耳其,tǔ ěr qí,Türkiye,3,5,土,earth,耳,ear,其他,other,,,我想去土耳其旅行,wǒ xiǎng qù tǔ ěr qí lǚ xíng,I want to travel to Turkey
2029,退化,tuì huà,deteriorate;degeneration,3,2,衰退,decline,变化,change,,,,,这种动物在黑暗中视力会退化,Zhè zhǒng dòngwù zài hēi'àn zhōng shìlì huì tuìhuà,This animal's vision deteriorates in the dark
2030,退票,tuì piào,refund ticket,3,2,退,to retreat,票,ticket,,,,,他去车站退票,tā qù chē zhàn tuì piào,he went to the station to refund the ticket
2031,退休金,tuì xiū jīn,pension,3,2,退休,retire,金,money,,,,,他每个月都领退休金,tā měi gè yuè dōu lǐng tuì xiū jīn,he receives a pension every month
2032,拖把,tuō bǎ,mop,3,3,拖,to drag,把手,handle,,,,,地板脏了，用拖把擦。,"dì bǎn zāng le, yòng tuō bǎ cā.","the floor is dirty, use a mop to clean it."
2033,托运行李,tuō yùn xíng lǐ,checked baggage,3,2,拜托,please,运动,to move,行李,luggage,,,他的托运行李超重了，需要补钱。,tā de tuō yùn xíng lǐ chāo zhòng le ， xū yào bǔ qián.,his checked baggage was overweight and he had to pay extra.
2034,外企,wài qǐ,foreign company,3,3,外,foreign,企业,enterprise,,,,,我朋友在外企工作,wǒ péng yǒu zài wài qǐ gōng zuò,my friend works in a foreign company
2035,外滩,wài tān,The Bund (Shanghai),3,4,外,outside,沙滩,beach,,,,,夜晚的外滩灯火辉煌。,yè wǎn de wài tān dēng huǒ huī huáng,The Bund is brilliantly lit at night.
2036,豌豆,wān dòu,pea,3,,-,,,,,,,,豌豆口感清甜。,wān dòu kǒu gǎn qīng tián.,peas taste lightly sweet.
2037,弯路,wān lù,detour;winding road,3,1,弯,bent,路,road,,,,,少走弯路可以节省很多时间,Shǎo zǒu wānlù kěyǐ jiéshěng hěn duō shíjiān,Avoiding detours can save a lot of time
2038,完美,wán měi,perfect,3,1,完全,complete,美,beautiful,,,,,这个计划几乎完美,zhè gè jì huà jī hū wán měi,this plan is almost perfect
2039,万圣节,wàn shèng jié,Halloween,3,4,万,ten thousand,圣,holy,节日,holiday,,,万圣节孩子们喜欢化妆。,wàn shèng jié hái zi men xǐ huān huà zhuāng.,Children like dressing up on Halloween.
2040,万亿,wàn yì,trillion,3,2,万,ten thousand,亿,hundred million,,,,,这个项目的投资规模高达万亿。,zhè gè xiàng mù de tóu zī guī mó gāo dá wàn yì.,the investment scale of this project reaches trillions.
2041,万一,wàn yī,just in case;what if,3,2,万,ten thousand,一,one,,,,,万一明天下雨怎么办？,Wànyī míngtiān xiàyǔ zěnme bàn?,What if it rains tomorrow?
2042,王子,wáng zǐ,prince,3,1,王,king,子,son,,,,,小朋友喜欢王子的故事,Xiǎo péngyǒu xǐhuān wángzǐ de gùshi,Children like stories about princes
2043,维持,wéi chí,to maintain;keep,3,3,维修,to repair,支持,to support,,,,,他们努力维持友谊,Tāmen nǔlì wéichí yǒuyì,They try hard to maintain their friendship
2044,危害,wéi hài,hazard;to harm;harmful,3,3,危险,danger,伤害,to injure,,,,,吸烟对健康有危害,Xīyān duì jiànkāng yǒu wēihài,Smoking is harmful to health
2045,围巾,wéi jīn,scarf,3,1,周围,surroundings,毛巾,towel,,,,,冬天要戴围巾,dōng tiān yào dài wéi jīn,wear a scarf in winter
2046,胃口,wèi kǒu,appetite,3,1,胃,stomach,口,mouth,,,,,我今天没胃口,Wǒ jīntiān méi wèikǒu,I don’t have an appetite today
2047,卫生棉条,wèi shēng mián tiáo,tampon,3,2,卫生,hygiene,棉,cotton,条,strip,,,她第一次用卫生棉条这是新体验,Tā dì yī cì yòng wèishēng miántiáo zhè shì xīn tǐyàn,She used a tampon for the first time it was a new experience
2048,胃痛,wèi tòng,stomachache,3,3,胃,stomach,痛,ache,,,,,我吃太多了胃痛,Wǒ chī tài duō le wèitòng,I have a stomachache from eating too much
2049,微笑,wēi xiào,smile,3,2,微,tiny,笑,laugh,,,,,她礼貌地微笑了一下。,tā lǐ mào de wēi xiào le yí xià.,she smiled politely.
2050,卫星,wèi xīng,satellite;moon,3,2,保卫,to defend,星球,celestial body,,,,,这颗卫星成功发射。,zhè kē wèi xīng chéng gōng fā shè。,The satellite was successfully launched.
2051,文革,wén gé,Cultural Revolution,3,4,文化,culture,革命,revolution,,,,,他研究文革历史。,tā yán jiū wén gé lì shǐ.,He studies Cultural Revolution history.
2052,文科,wén kē,liberal arts;humanities,3,3,文化,culture,科目,subject,,,,,她更擅长文科。,tā gèng shàn cháng wén kē,She is better at liberal arts.
2053,问路,wèn lù,ask for directions,3,2,问,ask,路,road,,,,,他在街上问路,Tā zài jiē shàng wèn lù,He asked for directions on the street
2054,文明,wén míng,civilized;civilization,3,2,文,culture,明,bright,,,,,文明出行很重要,wén míng chū xíng hěn zhòng yào,civilized behavior is important
2055,温柔,wēn róu,tender;gentle,3,2,温暖,warm,柔软,soft,,,,,她的声音很温柔,tā de shēng yīn hěn wēn róu,her voice is very gentle
2056,文章,wén zhāng,article,3,3,文件,document,章  ,chapter,,,,,他的文章写得很有深度,tā de wén zhāng xiě de hěn yǒu shēn dù,His article is very insightful
2057,挑食,Wǒ bù tiāoshí,picky eater,3,,,,,,,,,,我不挑食,Wǒ bù tiāoshí,I am not a picky eater
2058,雾,wù,fog,3,,-,,,,,,,,早晨的雾很浓。,zǎo chén de wù hěn nóng.,The morning fog is thick.
2059,屋顶,wū dǐng,roof,3,2,房屋,house,顶,top,,,,,猫跳到了屋顶上。,māo tiào dào le wū dǐng shàng。,The cat jumped onto the roof.
2060,五花肉,wǔ huā ròu,pork belly,3,3,五,five,花,flower,肉,meat,,,我最喜欢吃红烧五花肉,wǒ zuì xǐ huān chī hóng shāo wǔ huā ròu,my favorite is braised pork belly
2061,无论,wú lùn,regardless;no matter what,3,2,无,no,讨论,to discuss,,,,,无论天气如何我们都要去,Wúlùn tiānqì rúhé wǒmen dōu yào qù,No matter the weather we will go
2062,武器,wǔ qì,weapon,3,2,武术,martial arts,器,device,,,,,这是一种先进的武器,Zhè shì yī zhǒng xiānjìn de wǔqì,This is an advanced weapon
2063,无限,wú​ xiàn,unlimited,3,2,无,without,限制,limit,,,,,孩子的想象力是无限的,hái zi de xiǎng xiàng lì shì wú xiàn de,the imagination of children is limitless
2064,无线,wú xiàn,wireless,3,3,无,without,线,thread,,,,,这里有无线网络。,zhè lǐ yǒu wú xiàn wǎng luò,There is Wi-Fi here.
2065,五线城市,wǔ xiàn chéng shì,Fifth-tier cities,3,4,五,five,线,line,城市,city,,,我住在五线城市,Wǒ zhù zài wǔxiàn chéngshì,I live in a smaller city
2066,细胞,xì bāo,cell,3,,,,,,,,,,科学家正在研究癌细胞的变化,kē xué jiā zhèng zài yán jiū ái xì bāo de biàn huà,Scientists are studying the changes in cancer cells
2067,吸尘机,xī chén jī,vacuum cleaner,3,1,吸,inhale,灰尘,dust,机,machine,,,我买了一台新的吸尘机,Wǒ mǎi le yì tái xīn de xīchénjī,I bought a new vacuum cleaner
2068,喜剧,xǐ jù,comedy,3,3,喜欢,to like,电视剧,TV soap opera,,,,,我们晚上去看喜剧电影,Wǒmen wǎnshàng qù kàn xǐjù diànyǐng,We are going to watch a comedy movie tonight
2069,希腊,xī là,Greece,3,3,希望,hope,腊肠,sausage,,,,,他们计划去希腊度假,tā men jì huà qù xī là dù jià,they plan to go on vacation in greece
2070,洗脑,xǐ nǎo,brainwashing,3,,,,,,,,,,那首歌很洗脑,nà shǒu gē hěn xǐnǎo,that song is very brainwashing
2071,吸收,xī shōu,to asbsorb,3,2,呼吸,to breathe,收,receive,,,,,海绵会吸收很多水,hǎimián huì xīshōu hěnduō shuǐ,a sponge can absorb a lot of water
2072,西雅图,xī yǎ tú,Seattle,3,,,,,,,,,,西雅图经常下雨,xīyǎtú jīngcháng xiàyǔ,it often rains in Seattle
2073,吸引,xī yǐn,attract,3,4,呼吸,breathe,引起,to lead to,,,,,这个活动吸引了很多人。,zhè gè huó dòng xī yǐn le hěn duō rén。,The event attracted many people.
2074,西装,xī zhuāng,suit,3,1,西,west,装,dress,,,,,他穿西装去开会,Tā chuān xīzhuāng qù kāihuì,He wears a suit to the meeting
2075,下巴,xià bā,chin,3,1,下,under,嘴巴,mouth,,,,,她的下巴很尖,Tā de xiàbā hěn jiān,Her chin is very sharp
2076,吓人,xià rén,scary; frightening,3,3,吓,scare,人,person,,,,,昨天晚上那个声音挺吓人的。,zuó tiān wǎn shang nà ge shēng yīn tǐng xià rén de.,That sound last night was pretty scary.
2077,闲聊,xián liáo,small talk,3,2,休闲,leisure,聊,chat,,,,,午休时间我们喜欢闲聊,Wǔxiū shíjiān wǒmen xǐhuān xiánliáo,We like to chat during lunch break
2078,仙人掌,xiān rén zhǎng,cactus,3,4,仙女,fairy,人,person,掌,palm,,,桌上有一盆仙人掌,zhuō shàng yǒu yī pén xiānrénzhǎng,there is a cactus on the table
2079,显示,xiǎn shì,display;to display,3,,,,,,,,,,屏幕显示了时间,píng mù xiǎn shì le shí jiān,the screen displayed the time
2080,现象,xiàn xiàng,phenomenon,3,3,发现,to discover,象,elephant,,,,,这种现象很普遍,zhè zhǒng xiàn xiàng hěn pǔ biàn,this phenomenon is common
2081,香菜,xiāng cài,cilantro,3,2,香,fragrant,菜,vegetable,,,,,我吃什么都要加香菜,wǒ chī shén me dōu yào jiā xiāng cài,I add cilantro to everything I eat
2082,项链,xiàng liàn,necklace,3,1,项,neck,链,chain,,,,,她戴着金项链,Tā dàizhe jīn xiàngliàn,She is wearing a gold necklace
2083,香料,xiāng liào,spices,3,1,香,fragrant,料,material,,,,,咖喱里有多种香料,kā lí lǐ yǒu duō zhǒng xiāng liào,there are many spices in the curry
2084,香油,xiāng yóu,sesame oil,3,4,香,fragrant,油,oil,,,,,拌菜时加点香油更香。,bàn cài shí jiā diǎn xiāng yóu gèng xiāng。,Add sesame oil for more flavor.
2085,消费,xiāo fèi,to consume; spend,3,3,消失,disappear,费用,expense,,,,,年轻人的消费习惯正在改变。,nián qīng rén de xiāo fèi xí guàn zhèng zài gǎi biàn.,Young people's spending habits are changing.
2086,消费主义,xiāo fèi zhǔ yì,consumerism,3,,,,,,,,,,他在反思消费主义,Tā zài fǎnsī xiāofèi zhǔyì,He is reflecting on consumerism
2087,消化,xiāo huà,digestion;to digest (information),3,4,取消,to cancel,变化,change,,,,,吃完饭需要时间消化。,chī wán fàn xū yào shí jiān xiāo huà,It takes time to digest after eating.
2088,小火,xiǎo huǒ,low heat,3,3,小,little,火,fire,,,,,汤要用小火慢炖,tāng yào yòng xiǎohuǒ màndùn,the soup should be simmered on low heat
2089,削皮,xiāo pí,to peel,3,4,削,cut,皮肤,skin,,,,,请把苹果削皮。,qǐng bǎ píng guǒ xiāo pí。,Please peel the apple.
2090,校区,xiào qū,campus,3,2,学校,school,区,district,,,,,我在东校区上课,Wǒ zài dōng xiàoqū shàngkè,I have classes on the east campus
2091,小说,xiǎo shuō,novel,3,1,小,small,说,say,,,,,我正在读一本小说,wǒ zhèng zài dú yī běn xiǎo shuō,i am reading a novel
2092,小玩具,xiǎo wán jù,vibrator ,3,2,小,small,玩具,toy,,,,,她给猫咪买了几个小玩具,tā gěi māo mī mǎi le jǐ gè xiǎo wán jù,She bought a few small toys for her cat
2093,小鲜肉,xiǎo xiān ròu,small fresh meat,3,,,,,,,,,,他是一个很火的小鲜肉,tā shì yí gè hěn huǒ de xiǎoxiānròu,He is a very popular young idol
2094,校园,xiào yuán,campus,3,2,学校,school,公园,park,,,,,校园里开满了鲜花,Jiàoyuán lǐ kāi mǎn le xiānhuā,The campus is full of blooming flowers
2095,血管,xiě guǎn,blood vessel;vein;artery,3,1,血,blood,管,pipe,,,,,医生检查了血管,Yīshēng jiǎnchá le xuèguǎn,The doctor checked the blood vessels
2096,蟹老板,xiè lǎo bǎn,Mr. Krabs,3,,,,,,,,,,蟹老板很严厉,Xiè lǎobǎn hěn yánlì,Mr Krabs is very strict
2097,芯片,xīn piàn,microchip,3,3,灯芯,wick,片,slice,,,,,这家公司生产电脑芯片。,zhè jiā gōngsī shēngchǎn diànnǎo xīn piàn.,This company manufactures computer chips.
2098,心态,xīn tài,mindset,3,2,心情,mood,状态,state,,,,,心态好做事才顺利,xīn tài hǎo zuò shì cái shùn lì,With a good mindset everything goes more smoothly
2099,性病,xìng bìng,STD,3,3,性,sex,病,disease,,,,,医院可以检测性病,Yīyuàn kěyǐ jiǎncè xìngbìng,The hospital can test for STDs
2100,行程,xíng chéng,itinerary,3,2,行,walk,过程,process,,,,,今天的行程很满。,jīn tiān de xíng chéng hěn mǎn,Today’s itinerary is full.
2101,星星,xīng xīng,star,3,,,,,,,,,,得到星星才能赢得比赛,dé dào xīng xīng cái néng yíng dé bǐ sài,you must collect stars to win the game
2102,形状,xíng zhuàng,shape,3,,,,,,,,,,它的形状像一个心,tā de xíngzhuàng xiàng yī gè xīn,its shape looks like a heart
2103,兄弟姐妹,xiōng dì jiě mèi,siblings,3,4,兄弟,brothers,姐妹,sisters,,,,,我们家兄弟姐妹感情很好,wǒ men jiā xiōng dì jiě mèi gǎn qíng hěn hǎo,Our siblings have a great relationship
2104,休息日,xiū xi rì,day off,3,3,休息,rest,日,day,,,,,明天是我的休息日,míng tiān shì wǒ de xiū xi rì,Tomorrow is my day off
2105,选举,xuǎn jǔ,election,3,4,选择,to choose,举行,to hold (meeting),,,,,选举结果很快就公布了。,xuǎnjǔ jiéguǒ hěn kuài jiù gōngbù le,The election results were announced quickly.
2106,选项,xuǎn xiàng,options,3,3,选择,choose,项目,project,,,,,你有几个选项可以选择,nǐ yǒu jǐ gè xuǎn xiàng kě yǐ xuǎn zé,you have several options to choose from
2107,雪花,xuě huā,snowflake,3,2,雪,snow,花,flower,,,,,雪花慢慢落在窗前,xuěhuā mànman luò zài chuāng qián,Snowflakes fall slowly by the window
2108,学会,xué huì,to have learned,3,,,,,,,,,,我终于学会游泳了,wǒ zhōng yú xué huì yóu yǒng le,I finally learned how to swim
2109,学期,xué qí,semester;term,3,1,学,to study,期,period of time,,,,,这学期我选了四门课,Zhè xuéqī wǒ xuǎn le sì mén kè,I chose four courses this semester
2110,学术界,xué shù jiè,academia,3,2,学,to study,术,art,世界,world,,,他在学术界很有名,Tā zài xuéshùjiè hěn yǒumíng,He is well-known in academic circles
2111,学位,xué wèi,education degree,3,3,学习,to study,位置,position,,,,,他在英国获得博士学位,tā zài yīng guó huò dé bó shì xué wèi,He earned his PhD in the UK
2112,训练,xùn liàn,training,3,,,,,,,,,,他们每天都要做严格训练,tā men měi tiān dōu yào zuò yán gé xùn liàn,They must do strict training every day
2113,牙科,yá kē,dentistry,3,1,牙,tooth,科学,science,,,,,她在牙科工作了五年,tā zài yá kē gōng zuò le wǔ nián,She has worked in dentistry for five years
2114,亚马逊,yà mǎ xùn,Amazon,3,,,,,,,,,,我在亚马逊上买书,wǒ zài yà mǎ xùn shàng mǎi shū,I bought books on Amazon
2115,鸦片战争,yā piàn zhàn zhēng,Opium Wars,3,,,,,,,,,,鸦片战争对中国历史影响很大,yāpiàn zhànzhēng duì zhōngguó lìshǐ yǐngxiǎng hěn dà,The Opium War had a big impact on Chinese history
2116,亚运,yà yùn,Asian Games,3,4,亚洲,Asia,运动,sports,,,,,杭州举办了亚运。,háng zhōu jǔ bàn le yà yùn,Hangzhou hosted the Asian Games.
2117,严格,yán gé,strict,3,,,,,,,,,,老师要求很严格,lǎo shī yāo qiú hěn yán gé,the teacher is very strict
2118,烟鬼,yān guǐ,heavy smoker;chain smoker,3,1,烟,smoke,鬼,ghost,,,,,他是个烟鬼,tā shì gè yān guǐ,he is a heavy smoker
2119,演讲,yǎn jiǎng,lecture;speech,3,1,演,perform,讲,to speak,,,,,他的演讲很精彩,Tā de yǎnjiǎng hěn jīngcǎi,His speech was wonderful
2120,眼熟,yǎn shú,look familiar;seem familiar,3,2,眼,eye,熟悉,familiar,,,,,那个人看起来很眼熟,Nà gè rén kàn qǐlái hěn yǎnshú,That person looks familiar
2121,演员,yǎn yuán,performer;actor,3,3,表演,to perform,员,staff,,,,,她是一名演员,tā shì yī míng yǎn yuán,she is an actress
2122,仰慕,yǎng mù,to admire,3,3,信仰,belief,羡慕,to envy,,,,,我很仰慕他,Wǒ hěn yǎngmù tā,I admire him very much
2123,摇,yáo,wag (tail);shake,3,,,,,,,,,,宝宝在摇篮里轻轻地摇,Bǎobǎo zài yáolán lǐ qīngqīng de yáo,The baby is gently rocking in the cradle
2124,腰果,yāo guǒ,cashews,3,1,腰,waist,果,fruit,,,,,我喜欢吃腰果,wǒ xǐ huān chī yāo guǒ,I like eating cashews
2125,遥控器,yáo kòng qì,remote control,3,2,遥远,distant,控制,to control,器,device,,,遥控器找不到了,yáo kòng qì zhǎo bú dào le,The remote control is missing
2126,钥匙扣,yào shi kòu,keychain,3,2,钥匙,key,扣,to fasten,,,,,这是我的钥匙扣,zhè shì wǒ de yào shi kòu,this is my keychain
2127,耀西,yào xī,Yoshi,3,4,荣耀,glory,西,west,,,,,耀西得到了十个金币,yào xī dé dào le shí gè jīn bì,Yoshi got ten coins
2128,腋下,yè xià,armpit;underarm,3,5,腋窝,armpit,下,under,,,,,他腋下夹着一本书,Tā yèxià jiā zhe yī běn shū,He carried a book under his armpit
2129,易爆,yì bào,explosive,3,2,容易,easy,爆炸,explosion,,,,,这些化学品易爆,zhè xiē huà xué pǐn yì bào,these chemicals are explosive
2130,一次性,yí cì xìng,one-time use;disposable,3,4,一次,one time,性质,nature,,,,,餐厅提供一次性筷子。,cān tīng tí gōng yí cì xìng kuài zi.,The restaurant provides disposable chopsticks.
2131,意大利,yì dà lì,Italy,3,5,意思,idea,大,big,利用,exploit,,,我最喜欢意大利菜,wǒ zuì xǐ huān yì dà lì cài,my favorite food is italian
2132,异地恋,yì dì liàn,long-distance relationship,3,2,差异,difference,地,land,恋,love,,,他们正在谈异地恋,Tāmen zhèngzài tán yìdìliàn,They are in a long-distance relationship
2133,已订婚,yǐ dìng hūn,engaged,3,2,已经,already,预订,place an order,结婚,to get married,,,他们已经订婚了,tā men yǐ jīng dìng hūn le,They’re already engaged
2134,一对一,yī duì yī,one-on-one,3,,,,,,,,,,老师给我进行一对一的辅导,lǎoshī gěi wǒ jìnxíng yī duì yī de fǔdǎo,The teacher gave me one on one tutoring
2135,一国两制,yí guó liǎng zhì,"one country, two systems",3,4,一,one,国家,country,两,two,制度,system,一国两制是重要的制度安排。,yí guó liǎng zhì shì zhòng yào de zhì dù ān pái.,one country two systems is an important institutional arrangement.
2136,衣架,yī jià,clothes hanger,3,2,衣服,clothing,架,rack,,,,,请把衣服挂在衣架上。,qǐng bǎ yī fu guà zài yī jià shàng.,Please hang the clothes on the hanger.
2137,易燃,yì rán,flammable,3,1,容易,easy,燃烧,to ignite,,,,,这个仓库里有很多易燃物品,zhè gè cāng kù lǐ yǒu hěn duō yì rán wù pǐn,there are many flammable items in this warehouse
2138,以上,yǐ shàng,above,3,,,,,,,,,,以上就是全部内容,yǐ shàng jiù shì quán bù nèi róng,that is all the content above
2139,艺术家,yì shù jiā,artist,3,,,,,,,,,,他是一位有名的艺术家,tā shì yī wèi yǒu míng de yì shù jiā,he is a famous artist
2140,意外,yì wài,unexpected;surprised,3,2,意思,idea,外,outside,,,,,他在路上遇到了意外,Tā zài lù shàng yùdào le yìwài,He had an accident on the road
2141,抑郁症,yì yù zhèng,depression,3,3,抑制,inhibition,忧郁,melancholy,症,disease,,,他正在接受抑郁症的治疗。,tā zhèng zài jiē shòu yì yù zhèng de zhì liáo。,He is receiving treatment for depression.
2142,音响,yīn xiǎng,speaker,3,3,声音,sound,影响,influence,,,,,这个音响声音很大。,zhè gè yīn xiǎng shēng yīn hěn dà.,This speaker is very loud.
2143,硬件,yìng jiàn,hardware,3,2,硬,hard,件,item,,,,,电脑的硬件需要升级,Diànnǎo de yìngjiàn xūyào shēngjí,The computer hardware needs to be upgraded
2144,硬盘,yìng pán,harddrive;hard disk,3,2,硬,hard,盘,plate,,,,,电脑的硬盘空间不够了,Diànnǎo de yìngpán kōngjiān bú gòu le,The computer’s hard drive doesn’t have enough space
2145,硬糖,yìng táng,hard candy,3,,硬,hard,糖,candy,,,,,他给了我一颗硬糖,Tā gěi le wǒ yī kē yìngtáng,He gave me a hard candy
2146,营业时间,yíng yè shí jiān,business hours,3,4,营业,to do business,时间,time,,,,,请注意商店的营业时间。,qǐng zhù yì shāng diàn de yíng yè shí jiān,Please note the store’s business hours.
2147,鹰嘴豆,yīng zuǐ dòu,chickpeas,3,1,鹰,eagle,嘴巴,mouth,豆,bean,,,沙拉里有鹰嘴豆,shā lā lǐ yǒu yīng zuǐ dòu,there are chickpeas in the salad
2148,用完,yòng wán,to use up,3,,,,,,,,,,牙膏用完了要记得买新的,yá gāo yòng wán le yào jì dé mǎi xīn de,The toothpaste is used up remember to buy a new one
2149,游客,yóu kè,tourist,3,,,,,,,,,,很多游客来到这座城市,hěn duō yóu kè lái dào zhè zuò chéng shì,many tourists come to this city
2150,有礼貌,yǒu lǐ mào,polite;courteous,3,2,有,have,礼貌,manners,,,,,他对人很有礼貌,Tā duì rén hěn yǒu lǐmào,He is very polite to others
2151,油腻男,yóu nì nán,greasy man,3,3,油腻,greasy,男,man,,,,,她不喜欢油腻男,Tā bù xǐhuān yóunì nán,She does not like greasy middle aged men
2152,油桃,yóu táo,nectarine,3,1,油,oil,桃,peach,,,,,夏天是油桃最甜的时候,Xiàtiān shì yóutáo zuì tián de shíhòu,Summer is when nectarines are the sweetest
2153,有限,yǒu xiàn,limited,3,3,有,to have,限制,limit,,,,,时间是有限的,shí jiān shì yǒu xiàn de,time is limited
2154,有效期,yǒu xiào qí,validity,3,2,有,have,效,effect,期,period of time,,,这张卡的有效期是一年,zhè zhāng kǎ de yǒu xiào qī shì yī nián,this card is valid for one year
2155,油炸,yóu zhá,to deep fry,3,2,油,oil,炸,to fry,,,,,我喜欢油炸食品,Wǒ xǐhuān yóuzhá shípǐn,I like fried food
2156,预防,yù fáng,prevention,3,4,预计,to forecast;expect,防止,to prevent,,,,,运动可以预防疾病,yùn dòng kě yǐ yù fáng jí bìng,exercise can prevent illness
2157,鱼角,yú jiǎo,fish fillet,3,,,,,,,,,,餐厅今天有鱼角特别推荐,cān tīng jīn tiān yǒu yú jiǎo tè bié tuī jiàn,the restaurant specially recommends fish dumplings today
2158,语境,yǔ jìng,context,3,1,语言,language,处境,situation,,,,,这个词要看语境理解。,zhè gè cí yào kàn yǔ jìng lǐ jiě。,You need context to understand this word.
2159,淤青,yū qīng,bruise,3,3,淤泥,sludge,青,green-blue,,,,,他摔了一跤腿上有淤青,tā shuāi le yī jiāo tuǐ shàng yǒu yūqīng,he fell and got a bruise on his leg
2160,羽绒服,yǔ róng fú,down jacket,3,3,羽毛,feather,天鹅绒,velvet,衣服,clothes,,,"今天太冷了, 我得穿羽绒服","jīn tiān tài lěng le, wǒ děi chuān yǔ róng fú","it’s so cold today, I need to wear a down jacket"
2161,欲望,yù wàng,desire,3,,,,,,,,,,人都有自己的欲望,rén dōu yǒu zì jǐ de yù wàng,Everyone has their desires
2162,语文,yǔ wén,literature and language (school subject),3,4,语言,language,文学,literature,,,,,我最喜欢语文课。,wǒ zuì xǐ huān yǔ wén kè.,Chinese language is my favorite subject.
2163,语序,yǔ xù,word order,3,2,语,language,顺序,sequence,,,,,这个句子的语序不对,Zhège jùzi de yǔxù bù duì,The word order in this sentence is wrong
2164,预制菜,yù zhì cài,pre-made dishes,3,2,预期,to expect,制作,to make,菜,food,,,预制菜现在越来越受欢迎,yù zhì cài xiàn zài yuè lái yuè shòu huān yíng,pre-made dishes are becoming more and more popular
2165,宇宙,yǔ zhòu,universe,3,,,,,,,,,,宇宙非常神秘,Yǔzhòu fēicháng shénmì,The universe is very mysterious
2166,远程,yuǎn chéng,remote (work),3,3,远,far,程度,degree;extent,,,,,我在做远程工作,Wǒ zài zuò yuǎnchéng gōngzuò,I am working remotely
2167,员工,yuán gōng,employee,3,2,员,member,工,work,,,,,公司有五百名员工,gōng sī yǒu wǔ bǎi míng yuán gōng,the company has five hundred employees
2168,原谅,yuán liàng,to forgive;excuse;pardon,3,2,原因,cause,谅解,to understand,,,,,请原谅我的错误,Qǐng yuánliàng wǒ de cuòwù,Please forgive my mistake
2169,原料,yuán liào,raw material,3,2,原来,original,资料,material,,,,,面包的主要原料是面粉,Miànbāo de zhǔyào yuánliào shì miànfěn,The main ingredient of bread is flour
2170,原味,yuán wèi,original flavor,3,,,,,,,,,,我想要一份原味的酸奶,wǒ xiǎng yào yī fèn yuán wèi de suān nǎi,i want a plain yogurt
2171,元宵节,yuán xiāo jié,Lantern Festival,3,4,元,currency unit,宵,night,节日,festival,,,元宵节我们吃汤圆。,yuán xiāo jié wǒ men chī tāng yuán.,We eat rice dumplings at Lantern Festival.
2172,乐队,yuè duì,(music) band,3,1,音乐,music,队,team,,,,,我在学校乐队打鼓,Wǒ zài xuéxiào yuèduì dǎ gǔ,I play drums in the school band
2173,岳父,yuè fù,father-in-law (wife’s father),3,,,,,,,,,,我岳父喜欢下棋,wǒ yuè fù xǐ huan xià qí,My father-in-law likes playing chess
2174,月经,yuè jīng,menstruation,3,2,月,moon,经过,go through,,,,,她今天来月经了,tā jīntiān lái yuèjīngle,She got her period today
2175,岳母,yuè mǔ,mother-in-law (wife’s mother),3,,,,,,,,,,岳母做的菜非常香,yuè mǔ zuò de cài fēi cháng xiāng,My mother-in-law cooks delicious food
2176,运动裤,yùn dòng kù,sweatpants,3,2,运动,sports,裤,pants,,,,,我喜欢穿运动裤在家休息,wǒ xǐ huān chuān yùn dòng kù zài jiā xiū xī,I like wearing sweatpants to relax at home
2177,运动鞋,yùn dòng xié,sneakers,3,3,运动,sports,鞋子,shoes,,,,,我每天穿运动鞋跑步。,wǒ měi tiān chuān yùn dòng xié pǎo bù.,I wear sneakers to run every day.
2178,云南省,yún nán shěng,Yunnan Province,3,2,云,cloud,南,south,省,province,,,云南有丰富的少数民族文化。,yún nán yǒu fēng fù de shǎo shù mín zú wén huà,Yunnan has rich minority cultures.
2179,赞助,zàn zhù,sponsor,3,2,点赞,to like,帮助,help,,,,,这次活动由公司赞助。,zhè cì huódòng yóu gōngsī zànzhù,This event is sponsored by a company.
2180,炸弹,zhà​ dàn,bomb,3,2,爆炸,explosion,子弹,bullet,,,,,他们发现了一枚炸弹,tā men fā xiàn le yī méi zhà dàn,they found a bomb
2181,渣男,zhā nán,scumbag;jerk,3,2,渣,refuse;trash,男,man,,,,,她说他是个渣男,tā shuō tā shì gè zhā nán,she said he is a jerk
2182,宅男,zhái nán,homebody,3,2,住宅,residential,男,man,,,,,他是个典型的宅男,tā shì gè diǎn xíng de zhái nán,he is a typical homebody
2183,战略,zhàn lüè,strategy,3,4,战争,war,侵略,aggression,,,,,公司正在调整未来五年的发展战略,gōng sī zhèng zài tiáo zhěng wèi lái wǔ nián de fā zhǎn zhàn lüè,The company is adjusting its development strategy for the next five years
2184,章鱼哥,zhāng yú gē,Squidward,3,,,,,,,,,,我喜欢章鱼哥,Zhāngyú gē wǒ xǐhuān,I like Squidward
2185,折叠,zhé dié,fold,3,4,折扣,discount,重叠,overlap,,,,,这把椅子可以折叠。,zhè bǎ yǐ zi kě yǐ zhé dié。,This chair can be folded.
2186,这几天,zhè jǐ tiān,These days,3,,,,,,,,,,这几天很忙,Zhè jǐ tiān hěn máng,These past few days have been busy
2187,浙江省,zhè jiāng shěng,Zhejiang Province,3,5,浙,(uncommon),江,river,省,province,,,浙江以杭州和宁波闻名。,zhè jiāng yǐ háng zhōu hé níng bō wén míng,Zhejiang is known for Hangzhou and Ningbo.
2188,振动,zhèn dòng,vibration,3,,,,,,,,,,手机振动了一下我就醒了,zhèn dòng shǒu jī zhèn dòng le yī xià wǒ jiù xǐng le,my phone vibrated once and I woke up
2189,珍珠,zhēn zhū,pearl,3,2,珍惜,cherish,珠子,bead,,,,,这条项链是天然珍珠做的。,zhè tiáo xiàng liàn shì tiān rán zhēn zhū zuò de.,this necklace is made of natural pearls.
2190,榛子,zhēn zi,hazelnut,3,,-,,,,,,,,榛子有独特香味。,zhēn zi yǒu dú tè xiāng wèi.,hazelnuts have a unique aroma.
2191,争论,zhēng ​lùn,to argue;debate,3,2,战争,war,讨论,to discuss,,,,,他们在争论电影好不好,Tāmen zài zhēnglùn diànyǐng hǎo bù hǎo,They are debating if the movie is good
2192,证明,zhèng míng,proof;certificate,3,3,保证,guarantee,明,bright,,,,,这张纸可以证明你的身份,zhè zhāng zhǐ kě yǐ zhèng míng nǐ de shēn fèn,this paper can prove your identity
2193,整容,zhěng róng,plastic surgery,3,4,整个,entire,美容,cosmetic;to beautify,,,,,她打算去韩国整容,tā dǎ suàn qù hán guó zhěng róng,She plans to get plastic surgery in Korea
2194,正式,zhèng shì,formal;officially,3,1,正确,correct,方式,style,,,,,这是一个正式的场合。,zhè shì yí gè zhèngshì de chǎnghé,This is a formal occasion.
2195,制度,zhì​ dù,institution;system,3,3,控制,control,程度,degree,,,,,教育制度在不断改革,Jiàoyù zhìdù zài bùduàn gǎigé,The education system is constantly reforming
2196,知乎,zhī hū,Chinese Quora or Reddit,3,2,知道,to know,几乎,almost,,,,,我在知乎上看到一个有趣的问题,wǒ zài zhī hū shàng kàn dào yí gè yǒu qù de wèn tí,I saw an interesting question on Zhihu
2197,指甲刀,zhǐ jiǎ dāo,nail clippers,3,3,指甲,fingernail,刀,knife,,,,,我需要一把指甲刀,wǒ xūyào yī bǎ zhǐjiǎdāo,I need a nail clipper
2198,之间,zhī jiān,between,3,,-,,,,,,,,他们之间没有秘密,Tāmen zhījiān méiyǒu mìmì,There are no secrets between them
2199,质量,zhì liàng,quality,3,,,,,,,,,,材料的质量很重要,cáiliào de zhìliàng hěn zhòngyào,the quality of the materials is very important
2200,直男,zhí nán,straight man;traditional;lack emotional awareness,3,,,,,,,,,,他是个典型的直男,tā shì gè diǎn xíng de zhí nán,he is a typical straight man
2201,智能手表,zhì néng shǒu biǎo,smart watch,3,4,智能,intelligent,手表,watch,,,,,我每天戴智能手表。,wǒ měi tiān dài zhì néng shǒu biǎo.,I wear a smartwatch every day.
2202,直升机,zhí shēng jī,helicopter,3,2,垂直,vertical,升,to rise,机,machine,,,直升机在空中飞行,zhí shēng jī zài kōng zhōng fēi xíng,the helicopter is flying in the sky
2203,指纹,zhǐ wén,fingerprint,3,2,指,finger,皱纹,wrinkle,,,,,手机可以用指纹解锁,Shǒujī kěyǐ yòng zhǐwén jiěsuǒ,The phone can be unlocked with a fingerprint
2204,直行,zhí xíng,go straight,3,4,直,straight,行,walk,,,,,过路口后继续直行。,Guò lùkǒu hòu jìxù zhíxíng.,Continue straight after the intersection.
2205,纸张,zhǐ zhāng,paper,3,,,,,,,,,,干净的纸张可以回收再利用。,gān jìng de zhǐ zhāng kě yǐ huí shōu zài lì yòng,Clean paper can be recycled and reused.
2206,肿,zhǒng,swollen,3,,-,,,,,,,,他的脚踝撞到以后有点肿。,tā de jiǎohuái zhuàng dào yǐhòu yǒudiǎn zhǒng,His ankle became a bit swollen after the hit.
2207,中产阶级,zhōng chǎn jiē jí,middle class,3,,,,,,,,,,他家属于中产阶级,Tā jiā shǔyú zhōngchǎn jiējí,His family belongs to the middle class
2208,中国电信,zhōng guó diàn xìn,China Telecom,3,,,,,,,,,,中国电信服务很好,Zhōngguó Diànxìn fúwù hěn hǎo,China Telecom has good service
2209,中国工商银行,zhōng guó gōng shāng yín háng,Industrial and Commercial Bank of China,3,,,,,,,,,,我去中国工商银行办卡,wǒ qù zhōng guó gōng shāng yín háng bàn kǎ,I went to ICBC to get a card
2210,中国国际航空,zhōng guó guó jì háng kōng,Air China,3,3,中国,China,国际,international,航空,aviation,,,我坐中国国际航空去北京。,wǒ zuò zhōng guó guó jì háng kōng qù běi jīng.,I took Air China to Beijing.
2211,中国建设银行,zhōng guó jiàn shè yín háng,China Construction Bank,3,,,,,,,,,,工资打到中国建设银行,gōng zī dǎ dào zhōng guó jiàn shè yín háng,The salary is paid into CCB
2212,中国联通,zhōng guó lián tōng,China Unicom,3,,,,,,,,,,我用中国联通的手机卡,Wǒ yòng Zhōngguó Liántōng de shǒujī kǎ,I use a China Unicom SIM card
2213,中国农业银行,zhōng guó nóng yè yín háng,Agricultural Bank of China,3,,,,,,,,,,我奶奶用中国农业银行的卡,wǒ nǎi nai yòng zhōng guó nóng yè yín háng de kǎ,My grandma uses an Agricultural Bank of China card
2214,中国移动,zhōng guó yí dòng,China Mobile,3,,,,,,,,,,我选择中国移动,Wǒ xuǎnzé Zhōngguó Yídòng,I chose China Mobile
2215,中国银行,zhōng guó yín háng,Bank of China,3,,,,,,,,,,他在中国银行上班,tā zài zhōng guó yín háng shàng bān,He works at Bank of China
2216,中介,zhōng jiè,intermediary,3,2,中,middle,介绍,to introduce,,,,,我通过中介找到了房子,wǒ tōng guò zhōng jiè zhǎo dào le fáng zi,i found a house through an agent
2217,中年危机,zhōng nián wéi jī,midlife crisis,3,,,,,,,,,,他正在经历中年危机,Tā zhèngzài jīnglì zhōngnián wēijī,He is going through a midlife crisis
2218,舟,zhōu,boat,3,,,,,,,,,,小舟在湖面上轻轻摇晃,xiǎo zhōu zài hú miàn shàng qīng qīng yáo huàng,The small boat swayed gently on the lake
2219,肘部,zhǒu bù,elbow,3,,-,,,,,,,,运动时注意保护肘部。,yùn dòng shí zhù yì bǎo hù zhǒu bù。,Protect your elbow when exercising.
2220,周杰伦,zhōu jié lún,Jay Chou,3,,,,,,,,,,周杰伦的新歌很受欢迎,zhōu jié lún de xīn gē hěn shòu huān yíng,Jay Chou’s new song is very popular
2221,住惯,zhù guàn,to be used to living,3,,,,,,,,,,我已经住惯这里的环境了,wǒ yǐ jīng zhù guàn zhè lǐ de huán jìng le,I’ve already gotten used to living here
2222,逐渐,zhú jiàn,gradually,3,,,,,,,,,,天气逐渐变暖了,Tiānqì zhújiàn biàn nuǎn le,The weather is gradually getting warmer
2223,主流,zhǔ liú,mainstream,3,2,主,main,流,flow,,,,,他喜欢听主流音乐,tā xǐ huān tīng zhǔ liú yīn yuè,he likes listening to mainstream music
2224,著名,zhù míng,famous,3,,-,,,,,,,,他是著名的科学家,Tā shì zhùmíng de kēxuéjiā,He is a famous scientist
2225,猪排,zhū ​pái,pork chop,3,2,猪肉,pork,牛排,steak,,,,,我点了一份猪排,wǒ diǎn le yī fèn zhū pái,I ordered a pork chop
2226,主题,zhǔ tí,theme;subject,3,1,主要,main,话题,topic,,,,,这次聚会的主题是生日,zhè cì jù huì de zhǔ tí shì shēng rì,the theme of this party is birthday
2227,猪蹄,zhū tí,pig feet,3,4,猪,pig,蹄,hoof,,,,,红烧猪蹄特别香,hóng shāo zhū tí tè bié xiāng,The braised pig’s feet smell amazing
2228,住院,zhù yuàn,hospitalized;inpatient,3,1,住,to live,医院,hospital,,,,,奶奶住院三天,Nǎinai zhùyuàn sān tiān,Grandma was hospitalized for three days
2229,住宅区,zhù zhái qū,residential area,3,4,住宅,residence,区,area,,,,,这个住宅区很安静,Zhège zhùzháiqū hěn ānjìng,This residential area is very quiet
2230,竹子,zhú zi,bamboo,3,,-,,,,,,,,熊猫爱吃竹子。,xióng māo ài chī zhú zi.,pandas love eating bamboo.
2231,爪子,zhuǎ zi,paw,3,,,,,,,,,,小猫的爪子很锋利。,xiǎo māo de zhuǎ zi hěn fēng lì.,The kitten’s paws are sharp.
2232,砖,zhuān,brick,3,,,,,,,,,,工人们在搬砖,gōng rén men zài bān zhuān,The workers are moving bricks
2233,转发,zhuǎn fā,to forward,3,2,转,to turn,发,to send out,,,,,请把这个消息转发给大家,qǐng bǎ zhè gè xiāo xī zhuǎn fā gěi dà jiā,please forward this message to everyone
2234,转换器,zhuǎn huàn qì,(outlet) converter,3,2,转,to turn,换,to change,器,device,,,我买了一个电压转换器,Wǒ mǎi le yī gè diànyā zhuǎnhuànqì,I bought a voltage converter
2235,专门,zhuān mén,specialized,3,4,专家,expert,门,door,,,,,他专门为这件事跑了一趟。,tā zhuān mén wèi zhè jiàn shì pǎo le yí tàng.,he made a special trip just for this matter.
2236,装傻,zhuāng shǎ,play dumb,3,2,假装,to pretend,傻,stupid,,,,,他装傻不回答,Tā zhuāng shǎ bù huídá,He pretended to be clueless and didn’t answer
2237,装修,zhuāng xiū,to renovate,3,3,服装,dress,修理,to repair,,,,,他们正在装修新房子,Tāmen zhèngzài zhuāngxiū xīn fángzi,They are renovating their new house
2238,桌面,zhuō miàn,desktop,3,2,书桌,desk,面,surface,,,,,电脑桌面很乱,Diànnǎo zhuōmiàn hěn luàn,The computer desktop is messy
2239,自大,zì dà,arrogant,3,1,自己,oneself,大,big,,,,,别那么自大,Bié nàme zìdà,Don’t be so arrogant
2240,自动驾驶汽车,zì dòng jià shǐ qì chē,self-driving cars,3,4,自动,automatic,驾驶,to drive,汽车,car,,,这座城市在测试自动驾驶汽车,Zhè zuò chéngshì zài cèshì zìdòng jiàshǐ qìchē,The city is testing self driving cars
2241,自动续费,zì dòng xù fèi,automatic renewal,3,3,自动,automatic,继续,continue,费用,fee,,,记得关闭不需要的自动续费。,jì dé guān bì bù xū yào de zì dòng xù fèi.,remember to turn off unnecessary auto-renewals.
2242,自觉,zì jué,conscious;aware,3,2,自,self,觉得,to think,,,,,他很自觉地完成了作业。,Tā hěn zìjué de wánchéng le zuòyè.,He consciously finished his homework.
2243,孜然,zī rán,cumin,3,4,孜孜,industrious;diligent,自然,nature,,,,,烤肉少不了孜然。,kǎo ròu shǎo bù liǎo zī rán.,cumin is essential for barbecue.
2244,姿态不好,zī tài bù hǎo,bad posture,3,,,,,,,,,,他坐着的时候姿态不好,Tā zuòzhe de shíhòu zītài bù hǎo,His posture is bad when he sits
2245,咨询,zī xún,consulting;to consult,3,,-,,,,,,,,我想咨询一下价格,Wǒ xiǎng zīxún yīxià jiàgé,I want to ask about the price
2246,自由职业者,zì yóu zhí yè zhě,freelancer,3,2,自由,free,职业,occupation,者,one who,,,他是自由职业者,tā shì zì yóu zhí yè zhě,he is a freelancer
2247,自愿,zì yuàn,voluntary,3,2,自,self,愿意,wish,,,,,我自愿帮忙,Wǒ zìyuàn bāngmáng,I volunteer to help
2248,走到,zǒu dào,to walk to,3,,,,,,,,,,我们走到了山顶,wǒ men zǒu dào le shān dǐng,We walked to the top of the mountain
2249,走路,zǒu lù,to walk,3,5,走,walk,路,road,,,,,从这里走路到地铁站只要十分钟。,cóng zhè lǐ zǒu lù dào dì tiě zhàn zhǐ yào shí fēn zhōng.,It only takes ten minutes to walk from here to the subway station.
2250,租客,zū kè,tenant,3,1,租,to rent,客,guest,,,,,房东和租客签了合同,Fángdōng hé zúkè qiānle hétóng,The landlord and tenant signed a contract
2251,醉,zuì,drunk,3,,,,,,,,,,他昨天喝醉了,tā zuó tiān hē zuì le,He got drunk yesterday
2252,最初,zuì chū,initial;at first;original,3,2,最,most,初,early,,,,,最初我们不认识,Zuìchū wǒmen bù rènshi,At first we didn’t know each other
2253,尊重,zūn zhòng,respect,3,,,,,,,,,,我们要尊重别人,Wǒmen yào zūnzhòng biérén,We should respect others
2254,做成,zuò chéng,to make into;successfully complete,3,,,,,,,,,,她把水果做成果汁了,tā bǎ shuǐ guǒ zuò chéng guǒ zhī le,She made the fruit into juice
2255,阿迪达斯,ā dí dá sī,Adidas,4,,,,,,,,,,阿迪达斯推出了新款运动鞋,ā dí dá sī tuī chū le xīn kuǎn yùn dòng xié,Adidas released a new sports shoe
2256,阿凡达,ā fán dá,Avatar,4,,-,,,,,,,,阿凡达以视觉效果著称。,ā fán dá yǐ shì jué xiào guǒ zhù chēng.,avatar is known for its visual effects.
2257,阿莫西林,ā mò xī lín,amoxicillin,4,,-,,,,,,,,阿莫西林需要遵医嘱服用。,ā mò xī lín xū yào zūn yī zhǔ fú yòng.,amoxicillin should be taken as prescribed.
2258,爱因斯坦,ài yīn sī tǎn,Einstein,4,,-,,,,,,,,爱因斯坦被认为是伟大的科学家。,ài yīn sī tǎn bèi rènwéi shì wěidà de kēxuéjiā,Einstein is regarded as a great scientist.
2259,安家,ān jiā,settle down,4,2,安,safe,家,house,,,,,他们在这里安了家,Tāmen zài zhèlǐ ān le jiā,They settled down here
2260,暗色,àn sè,dark toned,4,4,黑暗,dark,色彩,color,,,,,暗色灯光让人放松,àn sè dēng guāng ràng rén fàng sōng,Dim lighting helps people relax
2261,摆烂,bǎi làn,let it rot;don't work hard,4,3,摆放,to set up,腐烂,to rot,,,,,他最近摆烂了,tā zuì jìn bǎi làn le,he has been slacking off lately
2262,板凳,bǎn dèng,stool;bench (no back),4,2,木板,board,凳子,stool,,,,,门口放着一张板凳。,ménkǒu fàngzhe yì zhāng bǎndèng,A stool is placed by the door.
2263,班兰,bān lán,pandan,4,4,班,team,兰花,orchid,,,,,这种甜点用了班兰叶提香。,zhè zhǒng tián diǎn yòng le bān lán yè tí xiāng.,this dessert uses pandan leaves for fragrance.
2264,扳手,bān shǒu,wrench,4,3,扳机,gun trigger,手,hand,,,,,我用扳手拧螺母。,wǒ yòng bān shǒu nǐng luó mǔ.,I use a wrench to tighten the nut.
2265,班味,bān wèi,work vibe,4,3,上班,go to work,味道,smell,,,,,他身上有很重的班味。,tā shēn shàng yǒu hěn zhòng de bān wèi,He has a strong “work vibe.”
2266,保持联系,bǎo chí lián xì,stay connected;stay in touch,4,,,,,,,,,,我们毕业后一直保持联系,wǒmen bìyè hòu yīzhí bǎochí liánxì,We kept in touch after graduation
2267,报道,bào dào,reports,4,,,,,,,,,,电视上有相关新闻报道,diàn shì shàng yǒu xiāng guān xīn wén bào dào,the news is reported on television
2268,包裹,bāo guǒ,package,4,,-,,,,,,,,快递员送来了一个包裹。,kuài dì yuán sòng lái le yí gè bāo guǒ.,The courier delivered a package.
2269,宝石,bǎo shí,gemstone,4,2,宝贵,precious,石头,stone,,,,,这枚戒指镶着蓝色宝石。,zhè méi jiè zhǐ xiāng zhe lán sè bǎo shí.,this ring is set with a blue gemstone.
2270,保守主义,bǎo shǒu zhǔ yì,conservatism;conservative doctrine,4,,,,,,,,,,这本书在讨论保守主义,Zhè běn shū zài tǎolùn bǎoshǒu zhǔyì,This book discusses conservatism
2271,保险箱,bǎo xiǎn xiāng,a safe,4,1,保护,protect,危险,danger,箱子,box,,,请把钱放进保险箱,qǐng bǎ qián fàng jìn bǎo xiǎn xiāng,please put the money in the safe
2272,背包客,bēi bāo kè,backpacker,4,3,背,back,包,bag,客人,guest,,,很多背包客喜欢住青旅。,hěn duō bēi bāo kè xǐ huān zhù qīng lǚ.,Many backpackers like staying in hostels.
2273,杯垫,bēi diàn,coaster (cup),4,1,杯,cup,垫子,mat,,,,,请把杯子放在杯垫上,qǐng bǎ bēizi fàng zài bēidiàn shàng,Please put the cup on the coaster
2274,悲观,bēi guān,pessimistic,4,2,悲剧,tragedy,观,outlook,,,,,他对未来很悲观,tā duì wèilái hěn bēiguān,he is very pessimistic about the future
2275,被迫,bèi pò,be forced,4,4,被,passive indicator;by,强迫,to compel;force,,,,,他被迫做出选择。,tā bèi pò zuò chū xuǎn zé。,He was forced to make a choice.
2276,背心,bèi xīn,vest,4,2,背,back,心,heart,,,,,夏天穿背心很凉快。,xià tiān chuān bèi xīn hěn liáng kuài.,wearing a vest is cool in summer.
2277,笔记,bǐ jì,notes;to write down,4,2,笔,pen,记,to record,,,,,我在课堂上做笔记,wǒ zài kè táng shàng zuò bǐ jì,i take notes in class
2278,笔记本,bǐ jì běn,notebook,4,2,笔,pen,记,to record,本,measure word for books,,,我用笔记本写日记,Wǒ yòng bǐjìběn xiě rìjì,I use a notebook to write my diary
2279,必胜客,bì shèng kè,Pizza Hut,4,4,必,must,胜利,victory,客,guest,,,他们打算去必胜客吃披萨,tā men dǎ suàn qù bì shèng kè chī pī sà,they plan to eat pizza at Pizza Hut
2280,避孕套,bì yùn tào,condom,4,2,避,to avoid,孕,pregnancy,套,cover,,,避孕套在药店可以买到,Bìyùntào zài yàodiàn kěyǐ mǎi dào,Condoms can be bought at the pharmacy
2281,闭嘴,bì zuǐ,shut up,4,2,闭,to close,嘴,mouth,,,,,他让我闭嘴不要说话,Tā ràng wǒ bìzuǐ bú yào shuōhuà,He told me to shut up and stop talking
2282,编程语言,biān chéng yǔ yán,programming language,4,3,编辑,to edit,程序,program,语言,language,,,鸟的叫声像是一种特别的编程语言,niǎo de jiào shēng xiàng shì yì zhǒng tèbié de biānchéng yǔyán,A birds call is like a special programming language
2283,变量,biàn liàng,variables (math),4,2,变,change,量,measure,,,,,程序中的变量要命名清楚,Chéngxù zhōng de biànliàng yào mìngmíng qīngchǔ,Variables in the program need clear names
2284,变性人,biàn xìng rén,transgender,4,2,变,change,性,gender,人,person,,,他是一个变性人,tā shì yī gè biàn xìng rén,he is a transgender person
2285,贬义词,biǎn yì cí,derogatory term,4,2,贬低,to belittle,主义,ideology,词,word,,,他说的话里带有很多贬义词,tā shuō de huà lǐ dài yǒu hěn duō biǎn yì cí,His words contained many derogatory terms
2286,表弟,biǎo dì,younger male cousin (not father's brother's child),4,3,表现,to show,弟弟,younger brother,,,,,表弟特别爱玩游戏,biǎo dì tè bié ài wán yóu xì,My younger cousin loves gaming
2287,标点,biāo diǎn,punctuation,4,2,标,mark,点,point,,,,,请注意句子的标点,Qǐng zhùyì jùzi de biāodiǎn,Please pay attention to the punctuation in the sentence
2288,表姐,biǎo jiě,older female cousin (not father's brother's child),4,3,表现,to show,姐姐,older sister,,,,,我表姐很会照顾人,wǒ biǎo jiě hěn huì zhào gù rén,My elder female cousin is very caring
2289,表妹,biǎo mèi,younger female cousin (not father's brother's child),4,3,表现,to show,妹妹,younger sister,,,,,表妹喜欢画画,biǎo mèi xǐ huan huà huà,My younger female cousin likes drawing
2290,标普500,biāo pǔ wǔ bǎi,S&P 500,4,4,标准,standard,普通,common,,,,,标普500今天上涨。,biāo pǔ wǔ bǎi jīn tiān shàng zhǎng。,The S&P 500 rose today.
2291,标题,biāo tí,title,4,2,标志,sign,话题,topic,,,,,这篇文章的标题很吸引人,zhè piān wénzhāng de biāotí hěn xīyǐnrén,the title of this article is very attractive
2292,冰刀,bīng dāo,ice skates,4,1,冰,ice,刀,knife,,,,,我需要一双新的冰刀,wǒ xūyào yīshuāng xīn de bīngdāo,I need a new pair of ice skates
2293,菠萝包,bō luó bāo,pineapple bun,4,4,菠萝,pineapple,包子,bun,,,,,菠萝包是港式点心。,bō luó bāo shì gǎng shì diǎn xīn.,pineapple buns are hong kong–style pastries.
2294,波士顿,bō shì dùn,Boston,4,,,,,,,,,,波士顿有哈佛大学,bōshìdùn yǒu hāfó dàxué,Boston has Harvard University
2295,不安全,bù ān quán,insecure;unsafe,4,2,不,not,安全,safe,,,,,夜里一个人走路不安全,yè lǐ yī gè rén zǒu lù bù ān quán,it is unsafe to walk alone at night
2296,不能用,bù néng yòng,does not work,4,,,,,,,,,,这支笔已经不能用,zhè zhī bǐ yǐjīng bù néng yòng,this pen can no longer be used
2297,不足,bù zú,shortcoming;insufficient,4,3,不,not,足够,enough,,,,,经验还有不足。,jīng yàn hái yǒu bù zú,There is still a lack of experience.
2298,不尊重的,bù zūnzhòng de,disrespectful,4,,,,,,,,,,说脏话是一种不尊重的行为,shuō zānghuà shì yī zhǒng bù zūnzhòng de xíngwéi,Using foul language is a disrespectful act
2299,c轮融资,c lún róng zī,Series C funding,4,3,c,C letter,轮流,to take turns,融资,financing,,,公司刚完成c轮融资。,gōng sī gāng wán chéng c lún róng zī。,The company just completed Series C funding.
2300,擦干净,cā gān jìng,to wipe clean,4,,,,,,,,,,桌子擦干净了吗,zhuō zi cā gān jìng le ma,Has the table been wiped clean
2301,彩色,cǎi sè,multicolored;colorful,4,4,色彩,color,色彩,color,,,,,孩子喜欢彩色的气球,hái zi xǐ huan cǎi sè de qì qiú,Children like colorful balloons
2302,菜园,cài yuán,vegetable garden,4,3,菜,vegetable,园,garden,,,,,爷爷在菜园里种菜,yé yé zài cài yuán lǐ zhòng cài,grandpa grows vegetables in the garden
2303,残疾人,cán jí rén,disabled people,4,2,残忍,cruel,疾病,disease,人,person,,,社会应关爱残疾人。,shè huì yīng guān ài cán jí rén.,Society should care for disabled people.
2304,餐桌,cān ​zhuō,dining table,4,2,餐,meal,桌,table,,,,,他们坐在餐桌旁边,Tāmen zuò zài cānzhuō pángbiān,They are sitting next to the dining table
2305,草地,cǎo dì,grassland;field;lawn,4,4,草,grass,地,land,,,,,孩子们在草地上玩。,hái zi men zài cǎo dì shàng wán,Children are playing on the lawn.
2306,草药,cǎo yào,herbal medicine,4,3,草,grass,药,medicine,,,,,这种草药对感冒很有效。,zhè zhǒng cǎo yào duì gǎn mào hěn yǒu xiào.,this herb is effective for colds.
2307,草原,cǎo yuán,grassland,4,3,草,grass,原料,raw material,,,,,他们在草原上骑马。,tā men zài cǎo yuán shàng qí mǎ。,They rode horses on the grassland.
2308,插板,chā bǎn,power strip,4,2,插头,plug,板,board,,,,,插板不够用了。,chā bǎn bú gòu yòng le,We’re running out of power strips.
2309,差别,chā bié,difference,4,,,,,,,,,,他们之间有很大差别,tā men zhī jiān yǒu hěn dà chā bié,there is a big difference between them
2310,茶具,chá jù,tea set,4,4,茶,tea,工具,tool,,,,,这套餐具很漂亮。,zhè tào chá jù hěn piào liang.,This tea set is beautiful.
2311,插入,chā rù,plug in;insert (data),4,,,,,,,,,,系统允许插入新数据,xì tǒng yǔn xǔ chā rù xīn shù jù,The system allows inserting new data
2312,茶颜悦色,chá yán yuè sè,Chayan Yuese;Changsha milk tea,4,3,茶,tea,和颜悦色,kind and gentle,,,,,茶颜悦色只在长沙特别火,chá yán yuè sè zhǐ zài cháng shā tè bié huǒ,Chayan Yuese is especially popular in Changsha
2313,焯,chāo,blanch,4,,-,,,,,,,,蔬菜先焯一下。,shū cài xiān chāo yí xià.,blanch the vegetables first.
2314,超车,chāo chē,overtake,4,3,超过,surpass,汽车,car,,,,,开车时不要随意超车。,Kāichē shí búyào suíyì chāochē.,Don't overtake carelessly while driving.
2315,炒锅,chǎo guō,frying pan,4,3,炒,to fry,锅,pot,,,,,这口炒锅很好用,zhè kǒu chǎoguō hěn hǎoyòng,this wok is very useful
2316,超级马里奥,chāo jí mǎ lǐ ào,Super Mario,4,4,超级,super,马里奥,Mario,,,,,我小时候很喜欢玩超级马里奥。,wǒ xiǎo shí hou hěn xǐ huan wán chāo jí mǎ lǐ ào,I loved playing Super Mario when I was little.
2317,超速,chāo sù,to speed,4,4,超过,exceed,速度,speed,,,,,他因为超速被罚款了。,tā yīn wèi chāo sù bèi fá kuǎn le.,He was fined for speeding.
2318,吵醒,chǎo xǐng,to wake somebody up with noise,4,,,,,,,,,,你把宝宝吵醒了,nǐ bǎ bǎo bao chǎo xǐng le,You woke up the baby
2319,称呼,chēng hu,call;form of addressing someone,4,4,名称,name,呼吸,breathe,,,,,你可以直接称呼我的名字。,nǐ kě yǐ zhí jiē chēng hu wǒ de míng zi.,You can address me by my name.
2320,吃播,chī bō,eating broadcast,4,4,吃,eat,直播,live broadcast,,,,,她每天看吃播。,tā měi tiān kàn chī bō.,She watches mukbang streams every day.
2321,吃醋,chī cù,feel jealous,4,2,吃,to eat,醋,vinegar,,,,,她看到我和别人聊天会吃醋,Tā kàndào wǒ hé biérén liáotiān huì chīcù,She gets jealous when she sees me chatting with others
2322,吃瓜,chī guā,be a bystander to gossip,4,2,吃,eat,瓜,melon,,,,,网友们在评论区吃瓜,wǎngyǒu men zài pínglùnqū chī guā,netizens are just watching the drama
2323,吃惊,chī jīng,surprised,4,,,,,,,,,,我对这个消息十分吃惊,wǒ duì zhège xiāoxī shífēn chījīng,I was very surprised by this news
2324,抽血,chōu xiě,to take blood;draw blood,4,2,抽烟,to smoke,血,blood,,,,,医生让我抽血,yī shēng ràng wǒ chōu xuè,the doctor asked me to take a blood test
2325,处方,chǔ fāng,prescription,4,,,,,,,,,,医生给了我一个处方,yī shēng gěi le wǒ yī gè chǔ fāng,the doctor gave me a prescription
2326,厨房纸,chú fáng zhǐ,paper towels,4,2,厨房,kitchen,纸,paper,,,,,请递给我厨房纸,qǐng dì gěi wǒ chú fáng zhǐ,please pass me the kitchen paper
2327,出柜,chū guì,to come out of the closet,4,4,出去,go out,柜子,closet,,,,,他决定出柜。,tā jué dìng chū guì。,He decided to come out.
2328,初级,chū jí,elementary;junior;primary,4,3,月初,start of month,年级,grade,,,,,这是初级课程,zhè shì chū jí kè chéng,this is a beginner course
2329,厨具,chú jù,kitchenware,4,3,厨房,kitchen,具,tool,,,,,这家店卖各种厨具,zhè jiā diàn mài gè zhǒng chú jù,this shop sells all kinds of kitchenware
2330,出色,chū sè,remarkable;outstanding,4,2,出,to go out,色,color,,,,,她的表现很出色,Tā de biǎoxiàn hěn chūsè,Her performance is outstanding
2331,初学者,chū xué zhě,beginner,4,2,初,beginning,学,study,者,one who,,,我还是瑜伽初学者,Wǒ hái shì yújiā chūxuézhě,I am still a beginner at yoga
2332,初一,chū yī,first day of Lunar New Year,4,4,年初,beginning of the year,第一,first,,,,,我们初一去拜年。,wǒ men chū yī qù bài nián.,We'll pay New Year visits on the first day of the Lunar New Year.
2333,传言,chuán yán,rumor,4,1,传,to spread,言,words,,,,,关于他们分手的传言不是真的,Guānyú tāmen fēnshǒu de chuányán bù shì zhēn de,The rumor about their breakup is not true
2334,创意,chuàng yì,creativity,4,3,创造,to create,意,idea,,,,,这个设计很有创意,Zhège shèjì hěn yǒu chuàngyì,This design is very creative
2335,纯色,chún sè,solid color,4,3,纯,pure,色彩,color,,,,,我更喜欢纯色设计,wǒ gèng xǐ huan chún sè shè jì,I prefer solid color designs
2336,春晚,chūn wǎn,Spring Festival Gala,4,3,春节,Spring Festival,晚会,gala,,,,,春晚是春节的重要节目。,chūn wǎn shì chūn jié de zhòng yào jié mù.,the spring festival gala is an important holiday program.
2337,粗话,cū huà,bad language;vulgar,4,2,粗,coarse,话,speech,,,,,他说话总是带粗话,Tā shuōhuà zǒng shì dài cūhuà,He always uses swear words when speaking
2338,大阪,dà bǎn,Osaka,4,,,,,,,,,,我打算明年去大阪旅行,wǒ dǎ suàn míng nián qù dà bǎn lǚ xíng,I plan to travel to Osaka next year
2339,打称,dǎ chèng,to weigh (goods),4,,-,,,,,,,,买菜时需要打称。,mǎi cài shí xū yào dǎ chèng.,You need to weigh vegetables when buying them.
2340,大富翁,dà fù wēng,Monopoly,4,3,大,big,富翁,rich man;billionaire,,,,,他们在玩大富翁游戏,tā men zài wán dà fù wēng yóu xì,they are playing monopoly
2341,打工人,dǎ gōng rén,working-class person;wage slave,4,4,打,hit,工,work,人,person,,,打工人每天都很辛苦,dǎgōngrén měitiān dōu hěn xīnkǔ,workers have a hard life every day
2342,大模型,dà mó xíng,large-scale model,4,4,大,big,模型,model,,,,,大模型正在改变人工智能的发展方向。,dà mó xíng zhèng zài gǎi biàn rén gōng zhì néng de fā zhǎn fāng xiàng.,large-scale models are changing the direction of ai development.
2343,大男子,dà nán zǐ,chauvinist,4,2,大,big,男,man,子,child,,,主义 他大男子主义的话,zhǔ yì tā dà nán zǐ zhǔ yì de huà,if the main is a chauvinist
2344,搭配词语,dā pèi cí yǔ,collocations (word combinations),4,3,搭配,to pair up,词语,word,,,,,学外语时要注意搭配词语。,xué wàiyǔ shí yào zhùyì dāpèi cíyǔ,When learning a language you should pay attention to collocations.
2345,大数据,dà shù jù,big data,4,,,,,,,,,,大数据正在改变商业模式,dà shù jù zhèng zài gǎi biàn shāng yè mó shì,big data is changing business models
2346,打疫苗,dǎ yì miáo,to get vaccinated,4,,,,,,,,,,小猫需要打疫苗。,xiǎo māo xū yào dǎ yì miáo.,Kittens need vaccinations.
2347,大于,dà yú,greater than,4,,,,,,,,,,十八岁大于法定成年的最低年龄。,shí bā suì dà yú fǎ dìng chéng nián de zuì dī nián líng,Eighteen years old is greater than the legal minimum age for adulthood.
2348,代名词,dài míng cí,synonym,4,2,代替,replace,名字,name,词,word,,,他成了成功的代名词。,tā chéng le chéng gōng de dài míng cí.,He became synonymous with success.
2349,袋鼠,dài shǔ,kangaroo,4,1,口袋,pocket,鼠,rat,,,,,澳大利亚有很多袋鼠,ào dà lì yà yǒu hěn duō dài shǔ,there are many kangaroos in Australia
2350,蛋蛋,dàn dàn,balls,4,4,蛋,egg,蛋,egg,,,,,他被打中蛋蛋疼得要命,tā bèi dǎ zhòng dàn dàn téng de yàomìng,he got hit in the balls and it hurt a lot
2351,淡季,dàn jì,off season,4,3,清淡,light,季节,season,,,,,冬天是旅游淡季。,dōng tiān shì lǚ yóu dàn jì.,Winter is the off season for tourism.
2352,挡风被,dǎng fēng bèi,windproof leg cover (for scooters),4,3,挡住,to block;obstruct,风,wind,被子,quilt,,,冬天骑电瓶车要装挡风被。,dōng tiān qí diàn píng chē yào zhuāng dǎng fēng bèi.,In winter you should install a windproof cover when riding an e-bike.
2353,当前订单,dāng qián dìng dān,current orders,4,,,,,,,,,,请查看您的当前订单,qǐng chá kàn nín de dāng qián dìng dān,please check your current order
2354,到处,dào chù,everywhere,4,4,到,arrive,处,place,,,,,假期到处都是人,Jiàqī dàochù dōu shì rén,There are people everywhere during holidays
2355,岛台,dǎo tái,kitchen island,4,3,岛,island,台,platform,,,,,新房的厨房有一个大岛台。,xīn fáng de chú fáng yǒu yí gè dà dǎo tái.,The new house has a large kitchen island.
2356,灯光秀,dēng guāng xiù,light show,4,3,灯光,light,秀,show,,,,,晚上有灯光秀,wǎn shàng yǒu dēng guāng xiù,there is a light show at night
2357,登山鞋,dēng shān xié,hiking shoes,4,3,登上,to climb over,山,mountain,鞋子,shoes,,,登山时要穿登山鞋。,dēng shān shí yào chuān dēng shān xié.,You should wear hiking boots when climbing.
2358,登山杖,dēng shān zhàng,trekking pole,4,3,登山,climb mountain,拐杖,cane,,,,,爬山时带上登山杖很方便。,pá shān shí dài shàng dēng shān zhàng hěn fāng biàn。,A trekking pole is useful when hiking.
2359,灯塔,dēng tǎ,lighthouse,4,2,灯,lamp,塔,tower,,,,,灯塔在夜里会亮光,Dēngtǎ zài yèlǐ huì liàngguāng,The lighthouse shines at night
2360,迪拜,dí bài,Dubai,4,,,,,,,,,,迪拜以豪华闻名世界,dí bài yǐ háo huá wén míng shì jiè,Dubai is famous worldwide for its luxury
2361,低估,dī gū,to underestimate;underrate,4,3,降低,to lower,估计,estimate,,,,,不要低估他的实力。,bú yào dī gū tā de shí lì.,don’t underestimate his ability.
2362,帝国,dì guó,empire,4,1,上帝,god,国家,country,,,,,这个帝国曾经非常强大。,zhè gè dìguó céngjīng fēicháng qiángdà,This empire was once very powerful.
2363,迪卡侬,dí kǎ nóng,Decathlon,4,,,,,,,,,,迪卡侬的运动用品价格很实惠,dí kǎ nóng de yùn dòng yòng pǐn jià gé hěn shí huì,Decathlon sports goods are affordable
2364,的确,dí què,indeed,4,,-,,,,,,,,他说的确实很有道理。,tā shuō de dí què hěn yǒu dào lǐ.,What he said indeed makes sense.
2365,敌人,dí rén,enemy,4,,,,,,,,,,他们是生死敌人,tā men shì shēng sǐ dí rén,they are mortal enemies
2366,地下室,dì xià shì,basement,4,1,地,land,下,below,室,room,,,他们住在地下室,tā men zhù zài dì xià shì,they live in the basement
2367,地中海,dì zhōng hǎi,mediterranean sea,4,2,地球,earth,中,middle,海,sea,,,地中海气候宜人。,dì zhōng hǎi qì hòu yí rén.,the mediterranean has a pleasant climate.
2368,电磁炉,diàn cí lú,induction cooker,4,3,电,electric,磁,magnetic,炉,stove,,,用电磁炉做饭。,yòng diàn cí lú zuò fàn,Cook with an induction cooker.
2369,电饭锅,diàn fàn guō,rice cooker,4,3,电,electric,米饭,cooked rice,锅,pot,,,用电饭锅做饭。,yòng diàn fàn guō zuò fàn,Cook with a rice cooker.
2370,电脑病毒,diàn nǎo bìng dú,computer virus,4,,,,,,,,,,电脑中了病毒,diàn nǎo zhòng le bìng dú,the computer caught a virus
2371,电蚊拍,diàn wén pāi,electric mosquito swatter,4,4,电,electric,蚊子,mosquito,球拍,racket,,,夏天我常用电蚊拍,xiàtiān wǒ cháng yòng diàn wén pāi,I often use an electric mosquito swatter in summer
2372,电子音乐,diàn zǐ yīn yuè,electronic music,4,4,电子,electronic,音乐,music,,,,,电子音乐适合派对播放。,diàn zǐ yīn yuè shì hé pài duì bō fàng.,Electronic music is suitable for parties.
2373,调查,diào chá,investigation,4,3,调,to tune,查,to check,,,,,他们正在进行市场调查,Tāmen zhèngzài jìnxíng shìchǎng diàochá,They are conducting a market survey
2374,吊床,diào chuáng,hammock,4,1,吊,hang,床,bed,,,,,他在树间挂了个吊床。,tā zài shù jiān guà le gè diào chuáng。,He hung a hammock between the trees.
2375,雕塑,diāo sù,sculpture,4,2,雕刻,carve,塑料,plastic,,,,,广场中央有一座雕塑。,guǎng chǎng zhōng yāng yǒu yí zuò diāo sù,There is a sculpture in the center of the square.
2376,定居,dìng jū,to settle;settle down somewhere,4,2,确定,definite,居民,resident,,,,,他们打算在北京定居,tā men dǎ suàn zài běi jīng dìng jū,they plan to settle in Beijing
2377,丁克族,dīng kè zú,DINK group;double income no kids,4,,,,,,,,,,他们属于丁克族,Tāmen shǔyú dīngkèzú,They are a DINK couple
2378,东方明珠,dōng fāng míng zhū,Oriental Pearl Tower (Shanghai),4,3,东方,east,明,bright,珍珠,pearl,,,东方明珠是上海的象征。,dōng fāng míng zhū shì shàng hǎi de xiàng zhēng,The Oriental Pearl Tower symbolizes Shanghai.
2379,动机,dòng jī,motivation,4,3,动,move,机,machine,,,,,他的动机有点可疑,tā de dòng jī yǒu diǎn kě yí,His motivation is a bit suspicious
2380,东欧,dōng ōu,Eastern Europe,4,4,东,east,欧洲,Europe,,,,,他来自东欧国家。,tā lái zì dōng ōu guó jiā.,He is from an Eastern European country.
2381,动态,dòng tài,dynamic,4,1,动,move,状态,state,,,,,我在朋友圈发了一个动态,Wǒ zài péngyǒu quān fā le yī gè dòngtài,I posted an update on Moments
2382,豆腐脑,dòu fu nǎo,tofu pudding,4,3,豆腐,tofu,脑,brain,,,,,早餐我吃了豆腐脑,zǎo cān wǒ chī le dòu fu nǎo,I ate tofu pudding for breakfast
2383,豆花,dòu huā,tofu pudding,4,3,豆腐,tofu,花,flower,,,,,夏天吃豆花很舒服,xià tiān chī dòu huā hěn shū fú,eating douhua in summer is very refreshing
2384,独栋,dú dòng,detached house,4,4,独立,independent,一栋,ridgepole;classifier for buildings,,,,,他们住在独栋别墅里。,tā men zhù zài dú dòng bié shù lǐ,They live in a detached villa.
2385,渡轮,dù lún,ferry,4,3,过渡,transition,轮船,ship,,,,,渡轮连接两岸。,dù lún lián jiē liǎng àn.,ferries connect both shores.
2386,对象,duì xiàng,beau;sweetheart,4,3,对,correct,象,elephant,,,,,她找到了一个对象,tā zhǎo dào le yī gè duì xiàng,she found a partner
2387,对乙酰氨基酚,duì yǐ xiān ān jī fēn,acetaminophen,4,,-,,,,,,,,这种药含有对乙酰氨基酚。,zhè zhǒng yào hán yǒu duì yǐ xiān ān jī fēn.,this medicine contains acetaminophen.
2388,多邻国,duō lín guó,Duolingo,4,2,多,many,邻居,neighbor,国家,country,,,我每天用多邻国学语言。,wǒ měi tiān yòng duō lín guó xué yǔ yán。,I use Duolingo daily to learn languages.
2389,噩梦,è mèng,nightmare,4,2,噩,bad,梦,dream,,,,,昨晚我做了一个噩梦,zuó wǎn wǒ zuò le yī gè è mèng,I had a nightmare last night
2390,恶意,è yì,malicious,4,2,邪恶,evil,意思,idea,,,,,我觉得他是故意的带着恶意,wǒ jué de tā shì gù yì de dài zhe è yì,I think he did it on purpose with malice
2391,儿时,er shí,childhood,4,2,儿,child,时,time,,,,,我儿时常去爷爷家玩,Wǒ érshí cháng qù yéyé jiā wán,I often went to my grandfather’s house as a child
2392,耳屎,ěr shǐ,earwax,4,1,耳,ear,屎,shit,,,,,他用棉签清理耳屎,Tā yòng miánqiān qīnglǐ ěrshǐ,He used a cotton swab to clean earwax
2393,发财,fā cái,get rich,4,4,发达,develop,财富,wealth,,,,,他一直梦想发财。,tā yì zhí mèng xiǎng fā cái。,He’s always dreamed of getting rich.
2394,法棍,fǎ gùn,baguette,4,1,法国,france,棍,stick,,,,,我买了一根法棍面包,Wǒ mǎi le yì gēn fǎgùn miànbāo,I bought a baguette
2395,法国租界,fà guó zū jiè,French concession,4,,,,,,,,,,他住在上海的法国租界,tā zhù zài shànghǎi de fǎguó zūjiè,He lived in the French concession in Shanghai
2396,发球机,fā qiú jī,ball serving machine,4,3,发球,to serve,机,machine,,,,,网球场有发球机,wǎng qiú chǎng yǒu fā qiú jī,the tennis court has a ball machine
2397,发生关系,fā shēng guān xì,have relations,4,,,,,,,,,,两人发生关系应该先确认同意,Liǎng rén fāshēng guānxì yīnggāi xiān quèrèn tóngyì,Two people should confirm consent before having relations
2398,烦恼,fán nǎo,worries,4,,,,,,,,,,她最近有很多烦恼,tā zuì jìn yǒu hěn duō fán nǎo,she has had many worries recently
2399,烦人,fán rén,annoying,4,2,麻烦,to bother,人,person,,,,,他的问题真的很烦人,Tā de wèntí zhēn de hěn fánrén,His questions are really annoying
2400,饭团,fàn tuán,rice ball,4,,,,,,,,,,她买了一个饭团当早餐,tā mǎi le yī gè fàn tuán dāng zǎo cān,she bought a rice ball for breakfast
2401,反义词,fǎn yì cí,antonym,4,2,反,contrary;anti,意义,meaning,词,word,,,“高”的反义词是“低”。,“gāo” de fǎn yì cí shì “dī”.,"The antonym of ""tall"" is ""short""."
2402,房车,fáng chē,RV,4,2,房子,house,汽车,car,,,,,他们开着房车去旅行。,tā men kāi zhe fáng chē qù lǚ xíng.,They traveled in an RV.
2403,方块,fāng kuài,block;cube,4,1,方,square,块,piece,,,,,他喜欢玩方块游戏,tā xǐ huān wán fāng kuài yóu xì,he likes to play block games
2404,防晒,fáng shài,sun protection,4,3,防止,prevent,晒伤,sunburned,,,,,夏天一定要注意防晒。,xià tiān yí dìng yào zhù yì fáng shài.,Be sure to protect yourself from the sun in summer.
2405,放手,fàng shǒu,to let go;letting go,4,3,放开,to release,手,hand,,,,,有时候爱一个人也需要学会放手,yǒu shíhou ài yī gèrén yě xūyào xuéhuì fàngshǒu,Sometimes loving someone also means learning to let go
2406,访谈,fǎng tán,to interview,4,4,采访,to interview,谈谈,to chat,,,,,他接受了一次电视访谈。,tā jiē shòu le yī cì diàn shì fǎng tán。,He did a TV interview.
2407,方向感,fāng xiàng gǎn,sense of direction,4,2,方向,direction,感,feeling,,,,,他方向感很差,Tā fāngxiànggǎn hěn chà,He has a poor sense of direction
2408,纺织,fǎng zhī,textile,4,,,,,,,,,,这座城市以纺织业闻名,zhè zuò chéng shì yǐ fǎng zhī yè wén míng,this city is famous for its textile industry
2409,肺,fèi,lung,4,,,,,,,,,,医生说要保护肺,Yīshēng shuō yào bǎohù fèi,The doctor says to protect the lungs
2410,费城,fèi chéng,Philadelphia,4,,,,,,,,,,朋友一家住在费城,Péngyǒu yījiā zhù zài Fèichéng,My friend’s family lives in Philadelphia
2411,非会员,fēi huì yuán,non-member,4,4,非,not,会员,member,,,,,非会员无法享受折扣,Fēi huìyuán wúfǎ xiǎngshòu zhékòu,Non-members cannot enjoy the discount
2412,飞速,fēi sù,very fast,4,2,飞,fly,速度,speed,,,,,城市的发展速度飞速,chéng shì de fā zhǎn sù dù fēi sù,The city is developing very fast
2413,飞往,fēi wǎng,fly to,4,5,飞,to fly,往,towards,,,,,这架飞机是飞往北京的,zhè jià fēi jī shì fēi wǎng běi jīng de,This plane is flying to Beijing
2414,分工,fēn gōng,division of labor,4,3,分,to divide,工,work,,,,,团队里有明确的分工,tuán duì lǐ yǒu míng què de fēn gōng,the team has clear division of labor
2415,粉丝,fěn sī,fans;followers,4,4,粉色,pink,丝绸,silk,,,,,她有很多粉丝。,tā yǒu hěn duō fěn sī,She has many followers.
2416,风暴,fēng bào,storm,4,2,风,wind,暴力,violence,,,,,风暴摧毁了沿海城市,Fēngbào cuīhuǐ le yánhǎi chéngshì,The storm destroyed coastal cities
2417,枫树,fēng shù,maple tree,4,,-,,,,,,,,秋天枫树变红。,qiū tiān fēng shù biàn hóng.,maple trees turn red in autumn.
2418,风水,fēng shuǐ,feng shui,4,2,风,wind,水,water,,,,,他很相信风水。,tā hěn xiāng xìn fēng shuǐ。,He strongly believes in feng shui.
2419,副词,fù cí,adverb,4,1,副,vice;assistant;secondary,词,word,,,,,副词通常用来修饰动词。,fùcí tōngcháng yònglái xiūshì dòngcí,Adverbs are usually used to modify verbs.
2420,付费,fù fèi,paid (content),4,3,付钱,pay,费用,fee,,,,,这个内容需要付费。,zhè gè nèi róng xū yào fù fèi,This content requires payment.
2421,覆盖,fù gài,to cover,4,,-,,,,,,,,网络覆盖很好。,wǎng luò fù gài hěn hǎo,The network coverage is good.
2422,付款码,fù kuǎn mǎ,QR code for making payment,4,3,付款,payment,号码,code,,,,,打开付款码就可以付钱。,dǎ kāi fù kuǎn mǎ jiù kě yǐ fù qián,Open the payment code to pay.
2423,福利,fú lì,welfare,4,3,祝福,bless,权利,right;entitlement,,,,,这家公司员工福利很好。,zhè jiā gōng sī yuán gōng fú lì hěn hǎo。,This company has good employee benefits.
2424,副业,fù yè,side hustle,4,2,副,secondary;vice-,行业,industry,,,,,很多年轻人都有副业。,hěn duō nián qīng rén dōu yǒu fù yè,Many young people have side jobs.
2425,负责人,fù zé rén,person in charge,4,3,负责,responsible,人,person,,,,,有问题可以直接联系负责人。,yǒu wèn tí kě yǐ zhí jiē lián xì fù zé rén.,"If you have any questions, you can contact the person in charge directly."
2426,复制粘贴,fù zhì zhān tiē,copy paste,4,,,,,,,,,,请复制粘贴这个链接,Qǐng fùzhì zhāntiē zhège liànjiē,Please copy and paste this link
2427,感动,gǎn dòng,touched,4,2,感觉,feel,动,move,,,,,这个故事让我很感动。,zhè gè gù shì ràng wǒ hěn gǎn dòng.,this story really moved me.
2428,赶快,gǎn kuài,hurry up,4,4,赶,to hurry,快,fast,,,,,快下雨了你赶快回家。,kuài xiàyǔ le nǐ gǎnkuài huíjiā,It is about to rain so hurry home.
2429,感谢,gǎn xiè,thanks,4,,,,,,,,,,非常感谢你的帮助,fēi cháng gǎn xiè nǐ de bāng zhù,thank you very much for your help
2430,港澳台,gǎng 'ào tái,"Hong Kong, Macau and Taiwan",4,,,,,,,,,,我们会关注港澳台的新闻。,wǒ men huì guān zhù gǎng ào tái de xīn wén.,We will follow news from Hong Kong; Macao; and Taiwan.
2431,告别,gào bié,bid farewell;say goodbye,4,2,告诉,to tell,别,separate,,,,,我们在机场告别,wǒ men zài jī chǎng gào bié,we said goodbye at the airport
2432,高潮,gāo cháo,climax;high tide,4,2,高,high,潮,tide,,,,,鸟群在天上飞舞形成视觉高潮,niǎoqún zài tiānshàng fēiwǔ xíngchéng shìjué gāocháo,The flock of birds created a visual climax in the sky
2433,高档,gāo dàng,high-end;upscale;fancy,4,4,高,high,档案,file;record;archive,,,,,这是一家高档餐厅。,zhè shì yī jiā gāo dàng cān tīng,This is a high-end restaurant.
2434,高冷,gāo lěng,aloof,4,1,高,high,冷,cold,,,,,猫看起来很高冷。,māo kàn qǐ lái hěn gāo lěng.,Cats often look aloof.
2435,歌词,gē cí,lyrics,4,1,歌,song,词,words,,,,,这首歌的歌词让我很感动,Zhè shǒu gē de gēcí ràng wǒ hěn gǎndòng,The lyrics of this song moved me
2436,歌单,gē dān,playlist,4,2,歌曲,song,单,list,,,,,我做了一个跑步歌单。,wǒ zuò le yí gè pǎo bù gē dān.,i made a playlist for running.
2437,个人资料,gè rén zī liào,profile,4,,,,,,,,,,请完善你的个人资料,Qǐng wánshàn nǐ de gèrén zīliào,Please complete your profile
2438,隔音,gé yīn,sound insulation,4,2,隔壁,next door,声音,sound,,,,,狗窝做了隔音不怕吵,gǒuwō zuò le géyīn bùpà chǎo,The doghouse was soundproofed so it is not noisy
2439,公公,gōng gong,father-in-law (husband’s father),4,,,,,,,,,,公公每天早起锻炼,gōng gong měi tiān zǎo qǐ duàn liàn,My father-in-law exercises early every day
2440,工具人,gōng jù rén,tool (person),4,4,工具,tool,人,person,,,,,他只是个工具人,tā zhǐ shì gè gōngjùrén,he is just being used as a tool
2441,共情,gòng qíng,empathy,4,1,共,common,情,feeling,,,,,她很会共情,tā hěn huì gòng qíng,she is empathetic
2442,共享办公室,gòng xiǎng bàn gōng shì,shared office,4,,,,,,,,,,他们租了一个共享办公室,tā men zū le yī gè gòng xiǎng bàn gōng shì,they rented a shared office
2443,工作狂,gōng zuò kuáng,workaholic,4,2,工作,work,狂,crazy;mad;wild,,,,,他是个工作狂,tā shì gè gōng zuò kuáng,he is a workaholic
2444,狗屁,gǒu pì,bullshit,4,2,狗,dog,屁,fart,,,,,这都是狗屁理论。,zhè dōu shì gǒu pì lǐ lùn,This is all bullshit theory.
2445,古老,gǔ lǎo,old-fashioned,4,,,,,,,,,,这个寺庙很古老,zhège sìmiào hěn gǔlǎo,this temple is very old
2446,古装剧,gǔ zhuāng jù,period costume drama,4,4,古代,ancient,服装,clothing,电视剧,TV drama,,,我喜欢看古装剧。,wǒ xǐ huān kàn gǔ zhuāng jù.,I like watching period dramas.
2447,冠军,guàn jūn,champion,4,,,,,,,,,,她赢得了比赛的冠军,tā yíngdé le bǐsài de guànjūn,She won the championship of the competition
2448,光头,guāng tóu,bald head; bald person,4,3,光,bright,头,head,,,,,他干脆把头发全剃了，变成了光头。,"tā gān cuì bǎ tóu fa quán tì le, biàn chéng le guāng tóu.",He simply shaved off all his hair and went bald.
2449,国产品牌,guó chǎn pǐn pái,domestic brands,4,,,,,,,,,,国产品牌越来越受欢迎,guó chǎn pǐn pái yuè lái yuè shòu huān yíng,domestic brands are becoming more popular
2450,过渡时期,guò dù shí qí,transitional period,4,,,,,,,,,,公司正在进入过渡时期,Gōngsī zhèngzài jìnrù guòdù shíqī,The company is entering a transition period
2451,国共内战,guó gòng nèi zhàn,Chinese Civil War,4,4,国家,country,共同,together,内,inside,战争,war,国共内战深刻影响了中国历史。,Guógòng Nèizhàn shēnkè yǐngxiǎng le Zhōngguó lìshǐ.,The Chinese Civil War profoundly influenced Chinese history.
2452,国会,guó huì,Congress,4,2,国家,country,会议,meeting,,,,,国会正在讨论新政策。,guó huì zhèng zài tǎo lùn xīn zhèng cè。,Congress is debating new policy.
2453,国际妇女节,guó jì fù nǚ jié,International Women's Day;March 8,4,4,国际,international,妇女,women,节日,festival;holiday,,,公司在国际妇女节给员工送了礼物。,gōng sī zài guó jì fù nǚ jié gěi yuán gōng sòng le lǐ wù,The company gave gifts to employees on International Women’s Day.
2454,过滤,guò lǜ,to filter,4,,-,,,,,,,,需要过滤杂质。,xū yào guò lǜ zá zhì,You need to filter impurities.
2455,过气,guò qì,out of fashion,4,3,过去,past,气氛,atmosphere;ambience,,,,,这个明星已经有点过气了。,zhè gè míng xīng yǐ jīng yǒu diǎn guò qì le,This celebrity has become somewhat outdated.
2456,海带,hǎi dài,kelp,4,1,海,sea,带,belt,,,,,汤里放了海带,tāng lǐ fàng le hǎi dài,kelp was added to the soup
2457,海底捞,hǎi dǐ lāo,Haidilao Hot Pot,4,3,海,sea,底,bottom,捞,scoop out of water,,,海底捞的服务非常周到,hǎi dǐ lāo de fú wù fēi cháng zhōu dào,Haidilao’s service is very attentive
2458,海豚,hǎi tún,dolphin,4,3,海,sea,豚,piglet,,,,,海豚很聪明,hǎi tún hěn cōng míng,dolphins are very intelligent
2459,海王,hǎi wáng,serial dater;Poseidon,4,2,海,sea,王,king,,,,,他跟好几个女生暧昧简直是个海王,tā gēn hǎo jǐ gè nǚshēng àimèi jiǎnzhí shì gè hǎiwáng,he flirts with many girls he is a playboy
2460,海啸,hǎi xiào,tsunami,4,3,海,sea,呼啸,roar;howl;whistle,,,,,海啸来得非常快。,hǎi xiào lái de fēi cháng kuài.,tsunamis arrive very fast.
2461,海洋馆,hǎi yáng guǎn,aquarium,4,2,海洋,ocean,博物馆,museum,,,,,孩子们喜欢去海洋馆,Háizimen xǐhuān qù hǎiyángguǎn,Children like going to the aquarium
2462,海藻,hǎi zǎo,seaweed,4,,,,,,,,,,海藻可以吃,hǎi zǎo kě yǐ chī,seaweed can be eaten
2463,汉堡王,hàn bǎo wáng,Burger King,4,4,汉堡,hamburger,王,king,,,,,汉堡王的薯条很好吃,hàn bǎo wáng de shǔ tiáo hěn hǎo chī,Burger King's fries are delicious
2464,汗液,hàn yè,sweat,4,5,出汗,to sweat,液,liquid,,,,,运动后他满身都是汗液,yùn dòng hòu tā mǎn shēn dōu shì hàn yè,After exercise he was covered in sweat
2465,航空公司,háng kōng gōng sī,airline,4,2,航空,aviation,公司,company,,,,,我订了航空公司的机票,Wǒ dìngle hángkōng gōngsī de jīpiào,I booked an airline ticket
2466,豪车,háo chē,luxury car,4,4,豪华,luxury,汽车,car,,,,,他开着一辆豪车。,tā kāi zhe yī liàng háo chē,He drives a luxury car.
2467,豪宅,háo zhái,mansion,4,2,豪华,luxurious,住宅,residence,,,,,他买了一套海边豪宅。,tā mǎi le yī tào hǎi biān háo zhái。,He bought a seaside mansion.
2468,荷尔蒙,hé ěr méng,horomone,4,,,,,,,,,,青春期时荷尔蒙变化很大,qīng chūn qī shí hé ěr méng biàn huà hěn dà,There are big hormone changes during puberty
2469,合影,hé yǐng,group photo,4,2,合作,to cooperate,摄影,photography,,,,,宴会结束前大家合影,yànhuì jiéshù qián dàjiā héyǐng,at the end of the banquet everyone took a group photo
2470,红豆,hóng dòu,red bean;azuki bean,4,4,红,red,豆,bean,,,,,红豆常做甜品。,hóng dòu cháng zuò tián pǐn.,red beans are used in desserts.
2471,红酒,hóng jiǔ,red wine,4,4,红,red,酒,alcohol,,,,,红酒已经倒好了,hóng jiǔ yǐ jīng dào hǎo le,the red wine has already been poured
2472,红娘,hóng niáng,matchmaker,4,3,红,red,姑娘,girl;woman,,,,,她当了我们的红娘介绍我们认识,tā dāng le wǒmen de hóngniáng jièshào wǒmen rènshi,She acted as our matchmaker and introduced us
2473,后妈,hòu mā,step mother,4,2,后,after,妈妈,mother,,,,,她和后妈的关系挺不错,tā hé hòu mā de guān xi tǐng bú cuò,She gets along well with her stepmother
2474,后者,hòu zhě,the latter,4,1,后,after,或者,or,,,,,我选择了后者,Wǒ xuǎnzé le hòuzhě,I chose the latter
2475,壶口瀑布,hú kǒu pù bù,"Hukou Waterfall (Shanxi, Shaanxi, largest waterfall on the Yellow River)",4,3,壶,pot,口,opening,瀑布,waterfall,,,壶口瀑布水势非常汹涌。,hú kǒu pù bù shuǐ shì fēi cháng xiōng yǒng,Hukou Waterfall has a powerful flow.
2476,呼噜,hū lū,to purr,4,,,,,,,,,,猫在床上呼噜呼噜。,māo zài chuáng shàng hū lū hū lū.,The cat is purring on the bed.
2477,胡说,hú shuō,nonsense,4,3,胡子,beard,说,talk,,,,,别胡说八道了,Bié húshuō bādào le,Stop talking nonsense
2478,胡须,hú xū,whiskers,4,4,胡子,beard,必须,must,,,,,猫用胡须感受周围环境。,māo yòng hú xū gǎn shòu zhōu wéi huán jìng.,Cats use whiskers to sense their surroundings.
2479,华尔街,huá ěr jiē,Wall Street,4,,-,,,,,,,,华尔街今天走势震荡。,huá ěr jiē jīn tiān zǒu shì zhèn dàng。,Wall Street was volatile today.
2480,花花公子,huā huā gōng zi,playboy,4,,,,,,,,,,他被称为花花公子,tā bèi chēng wéi huā huā gōng zǐ,he is called a playboy
2481,化石,huà shí,fossil,4,2,变化,change,石,stone,,,,,他们发现了恐龙化石,tā men fā xiàn le kǒng lóng huà shí,they discovered dinosaur fossils
2482,华为,huá wéi,Huawei,4,3,华,China,为,in order to;for,,,,,华为旗舰店开在市中心,huá wéi qí jiàn diàn kāi zài shì zhōng xīn,the Huawei flagship store opened downtown
2483,花销,huā xiao,expenses,4,4,花,to spend,销售,sale,,,,,每个月的花销都不少,Měi gè yuè de huāxiāo dōu bù shǎo,The monthly expenses are quite high
2484,花样,huā yàng,pattern;variety;style;trick,4,2,花,flower,样子,appearance,,,,,她的舞蹈花样很多,tā de wǔ dǎo huā yàng hěn duō,she has many dance moves
2485,浣熊,huàn xióng,raccoon,4,3,浣,to wash,熊,bear,,,,,浣熊在垃圾桶里找食物,huàn xióng zài lā jī tǒng lǐ zhǎo shí wù,the raccoon is searching for food in the trash can
2486,黄豆,huáng dòu,soybean,4,4,黄,yellow,豆,bean,,,,,黄豆能做豆腐。,huáng dòu néng zuò dòu fu.,soybeans can make tofu.
2487,黄石公园,huáng shí gōng yuán,Yellowstone park,4,,,,,,,,,,黄石公园有间歇泉,huángshí gōngyuán yǒu jiànxiēquán,Yellowstone has geysers
2488,灰尘,huī chén,dust ,4,,,,,,,,,,房间里到处都是灰尘我得好好打扫一下,fáng jiān lǐ dào chù dōu shì huī chén wǒ děi hǎo hǎo dǎ sǎo yí xià,There is dust everywhere in the room I need to clean it well
2489,回声,huí shēng,echo,4,1,回,return,声音,sound,,,,,山谷里传来回声。,shān gǔ lǐ chuán lái huí shēng。,An echo came from the valley.
2490,混乱,hùn luàn,chaotic;disorganized,4,5,混合,mix,乱,chaos,,,,,现场一片混乱。,xiàn chǎng yí piàn hùn luàn,The scene was chaotic.
2491,货车,huò chē,freight truck,4,3,货,goods,车,vehicle,,,,,一辆货车停在门口。,yí liàng huò chē tíng zài mén kǒu。,A truck is parked at the door.
2492,货船,huò chuán,cargo ship,4,4,货物,goods;cargo,船,boat,,,,,货船运送物资。,huò chuán yùn sòng wù zī.,cargo ships transport goods.
2493,火花,huǒ huā,spark;sparkle,4,1,火,fire,花,flower,,,,,铁石相撞会产生火花,tiě shí xiāng zhuàng huì chǎn shēng huǒ huā,sparks fly when iron strikes stone
2494,火药,huǒ yào,gunpowder,4,1,火,fire,药,medicine,,,,,中国古代发明了火药,zhōng guó gǔ dài fā míng le huǒ yào,gunpowder was invented in ancient china
2495,嫉妒,jí dù,envy;jealous,4,,,,,,,,,,她嫉妒同事升职的速度,tā jí dù tóng shì shēng zhí de sù dù,She was jealous of her coworker’s quick promotion
2496,激烈,jī liè,intense;fierce,4,,,,,,,,,,比赛非常激烈,bǐ sài fēi cháng jī liè,the match is very intense
2497,既然,jì rán,since;now that,4,,-,,,,,,,,既然你已经决定了，就去做吧。,"jì rán nǐ yǐ jīng jué dìng le, jiù qù zuò ba","Since you’ve already decided, just do it."
2498,技术打压,jì shù dǎ yā,technological sanctions,4,,,,,,,,,,他们受到技术打压,tā men shòu dào jì shù dǎ yā,they are facing technological suppression
2499,计算机科学,jì suàn jī kē xué,computer science,4,4,计算机,computer,科学,science,,,,,计算机科学发展很快。,jì suàn jī kē xué fā zhǎn hěn kuài.,computer science develops rapidly.
2500,集体主义,jí tǐ zhǔ yì,collectivism,4,4,集体,a group;collective,主义,-ism;ideology,,,,,他强调集体主义。,tā qiáng diào jí tǐ zhǔ yì。,He emphasizes collectivism.
2501,鸡娃,jī wá,tiger parenting,4,4,母鸡,hen,娃娃,doll;baby,,,,,现在很多家长都在鸡娃。,xiàn zài hěn duō jiā zhǎng dōu zài jī wá。,Many parents nowadays push their kids hard.
2502,记忆力下降,jì yì lì xià jiàng,memory decline,4,,,,,,,,,,最近记忆力下降了,Zuìjìn jìyìlì xiàjiàng le,My memory has declined recently
2503,记者,jì zhě,reporter,4,2,记录,record,者,one who,,,,,记者正在现场采访。,jì zhě zhèng zài xiàn chǎng cǎi fǎng.,reporters are interviewing on site.
2504,家暴,jiā bào,domestic violence,4,2,家,home,暴力,violence,,,,,她是家暴的受害者,tā shì jiā bào de shòu hài zhě,she is a victim of domestic violence
2505,夹菜,jiā cài,to serve food with chopsticks,4,3,夹,to sandwich;wedge between,菜,dish;vegetable,,,,,奶奶总喜欢给我夹菜。,nǎi nai zǒng xǐ huan gěi wǒ jiā cài,Grandma always likes putting food on my plate.
2506,假发,jiǎ fà,wig,4,1,假,fake,头发,hair,,,,,她戴着一顶很自然的假发,tā dài zhe yì dǐng hěn zì rán de jiǎ fà,She is wearing a very natural looking wig
2507,加密货币,jiā mì huò bì,cryptocurrency,4,1,加,add,密码,password,货币,currency,,,越来越多人投资加密货币,yuè lái yuè duō rén tóu zī jiā mì huò bì,More and more people are investing in cryptocurrency
2508,加湿器,jiā shī qì,humidifier,4,3,加,to add,湿度,humidity,机器,machine,,,冬天我房间里总开着加湿器,dōng tiān wǒ fáng jiān lǐ zǒng kāi zhe jiā shī qì,I always keep the humidifier on in winter
2509,加速,jiā sù,speed up;boost,4,,,,,,,,,,使用这个道具可以加速,shǐ yòng zhè gè dào jù kě yǐ jiā sù,using this item can speed you up
2510,间谍,jiàn dié,spy,4,,,,,,,,,,他被指控是间谍,tā bèi zhǐ kòng shì jiàn dié,he was accused of being a spy
2511,间隔年,jiàn gé nián,gap year,4,3,间隔,interval,年,year,,,,,他选择了间隔年,Tā xuǎnzé le jiàngénián,He chose a gap year
2512,监控器,jiān kòng qì,security camera,4,2,监视,monitor,控制,control,器,device,,,门口装了监控器。,mén kǒu zhuāng le jiān kòng qì,A monitoring device was installed at the entrance.
2513,碱水结,jiǎn shuǐ jié,pretzel,4,3,碱,alkaline,水,water,结,knot,,,我今天买了碱水结,Wǒ jīntiān mǎi le jiǎnshuǐjié,I bought a pretzel today
2514,减速,jiǎn sù,slow down,4,,,,,,,,,,他被陷阱减速了,tā bèi xiàn jǐng jiǎn sù le,he was slowed by a trap
2515,减速带,jiǎn sù dài,speed bump,4,3,减少,reduce,速度,speed,带,belt,,,前面有减速带，请慢一点。,"qián miàn yǒu jiǎn sù dài, qǐng màn yì diǎn.","There’s a speed bump ahead, please slow down."
2516,建筑学,jiàn zhù xué,architecture,4,3,建筑物,building,学习,study,,,,,他大学读的是建筑学,tā dà xué dú de shì jiàn zhù xué,He majored in architecture in college
2517,江边,jiāng biān,riverside,4,4,江,river,旁边,side,,,,,我们在江边散步。,wǒ men zài jiāng biān sàn bù,We walk by the riverside.
2518,姜饼,jiāng bǐng,gingerbread,4,4,姜,ginger,饼,cake,,,,,厨房里有姜饼的香味,chúfáng lǐ yǒu jiāngbǐng de xiāngwèi,The kitchen smells of gingerbread
2519,讲解员,jiǎng jiě yuán,tour guide;museum docent,4,2,演讲,lecture,解释,explain,员工,employee,,,博物馆的讲解员很专业。,bó wù guǎn de jiǎng jiě yuán hěn zhuān yè,The museum guide was very professional.
2520,奖金,jiǎng jīn,bonus (money),4,2,奖,award,金,money,,,,,他因为工作出色得到了奖金,tā yīnwèi gōngzuò chūsè dédào le jiǎngjīn,He received a bonus for his outstanding work
2521,胶带,jiāo dài,adhesive tape,4,1,胶水,glue,带,belt,,,,,请帮我拿一下透明胶带。,qǐng bāng wǒ ná yí xià tòu míng jiāo dài.,Please hand me the transparent tape.
2522,脚踝,jiǎo huái,ankle,4,,,,,,,,,,她的脚踝扭伤了,tā de jiǎo huái niǔ shāng le,she sprained her ankle
2523,交换,jiāo huàn,swap,4,,,,,,,,,,他们交换了位置,tā men jiāo huàn le wèi zhì,they swapped places
2524,交警,jiāo jǐng,traffic police,4,3,交通,traffic,警察,police,,,,,交警在指挥交通,Jiāojǐng zài zhǐhuī jiāotōng,The traffic police are directing traffic
2525,角落,jiǎo luò,corner,4,3,角度,angle,落,to lower,,,,,小猫躲在角落里,Xiǎo māo duǒ zài jiǎoluò lǐ,The kitten is hiding in the corner
2526,交往,jiāo wǎng,dating,4,,,,,,,,,,他们在交往,tāmen zài jiāongwǎng,They are dating
2527,解释清楚,jiě shì qīng chǔ,to explain clearly,4,,,,,,,,,,请把这件事解释清楚,qǐng bǎ zhè jiàn shì jiě shì qīng chǔ,Please explain this matter clearly
2528,解锁,jiě suǒ,to unlock,4,3,解决,to resolve,锁,lock,,,,,手机解锁需要密码,shǒu jī jiě suǒ xū yào mì mǎ,the phone needs a password to unlock
2529,金币,jīn bì,gold coin,4,4,金,gold,币,coin,,,,,他收集了十个金币,tā shōu jí le shí gè jīn bì,he collected ten coins
2530,进步,jìn bù,progressive,4,3,进,advance,步,step,,,,,他取得了很大进步。,tā qǔ dé le hěn dà jìn bù,He made great progress.
2531,尽可能,jǐn kě néng,as much as possible,4,3,尽管,despite,可能,can,,,,,我们要尽可能减少浪费,wǒ men yào jǐn kě néng jiǎn shǎo làng fèi,we should reduce waste as much as possible
2532,进口出口,jìn kǒu chū kǒu,import and export,4,4,进口,import,出口,export,,,,,这个城市有很多进口出口公司,zhè gè chéng shì yǒu hěn duō jìn kǒu chū kǒu gōng sī,this city has many import and export companies
2533,进口税,jìn kǒu shuì,import tax,4,,,,,,,,,,购买电子产品需要缴纳进口税。,gòu mǎi diàn zǐ chǎn pǐn xū yào jiǎo nà jìn kǒu shuì.,Buying electronics requires paying import tax.
2534,金毛,jīn máo,golden retriever,4,2,金,gold,毛,hair,,,,,他家养了一只金毛,Tā jiā yǎng le yī zhī jīnmáo,His family has a golden retriever
2535,金融危机,jīn róng wéi jī,financial crisis,4,4,金融,finance,危机,crisis,,,,,2008年爆发了全球金融危机,2008 nián bào fā le quán qiú jīn róng wēi jī,In 2008 a global financial crisis broke out
2536,警官,jǐng guān,police officer,4,3,警察,police,官员,official,,,,,警官向他问了几个问题。,jǐng guān xiàng tā wèn le jǐ ge wèn tí.,The police officer asked him several questions.
2537,经纪人,jīng jì rén,agent;broker;middleman,4,3,经纪,manager,人,person,,,,,明星的经纪人安排了采访,Míngxīng de jīngjìrén ānpái le cǎifǎng,The star’s agent arranged the interview
2538,精神,jīng shén,spirit,4,,,,,,,,,,他的精神状态很好,tā de jīng shén zhuàng tài hěn hǎo,his mental state is good
2539,警示,jǐng shì,warning,4,2,警察,police,表示,to express,,,,,这次事故给大家一个重要的警示,zhè cì shì gù gěi dà jiā yí gè zhòng yào de jǐng shì,This accident serves as an important warning to everyone
2540,净水器,jìng shuǐ qì,water purifier,4,2,干净,clean,水,water,机器,machine,,,家里装了净水器。,jiā lǐ zhuāng le jìng shuǐ qì.,We installed a water purifier at home.
2541,惊喜,jīng xǐ,nice surprise,4,3,惊讶,surprised,喜欢,to like,,,,,收到你的礼物我很惊喜,Shōudào nǐ de lǐwù wǒ hěn jīngxǐ,I was surprised to receive your gift
2542,精液,jīng yè,semen,4,2,精子,sperm,液,liquid,,,,,科学家研究公牛的精液样本,kēxuéjiā yánjiū gōngniú de jīngyè yàngběn,Scientists studied bull semen samples
2543,鲸鱼,jīng yú,whale,4,,-,,,,,,,,鲸鱼是最大的哺乳动物。,jīng yú shì zuì dà de bǔ rǔ dòng wù.,whales are the largest mammals.
2544,酒鬼,jiǔ guǐ,alcoholic;drunkard,4,1,酒,alcohol,鬼,ghost,,,,,他是个酒鬼,tā shì gè jiǔ guǐ,he is an alcoholic
2545,舅舅,jiù jiu,uncle;mother’s brother,4,,,,,,,,,,我舅舅很幽默,wǒ jiù jiu hěn yōu mò,My uncle is very humorous
2546,聚会,jù huì,gathering;get together;party;reunion,4,5,聚集,to gather,会议,meeting,,,,,他们周末有个聚会,tā men zhōu mò yǒu gè jù huì,they have a party on the weekend
2547,橘猫,jú māo,orange cat,4,4,橘子,mandarin orange,猫,cat,,,,,那只橘猫特别胖。,nà zhī jú māo tè bié pàng,That orange cat is especially fat.
2548,举重,jǔ zhòng,weightlifting,4,2,举手,raise hand,重,heavy,,,,,他喜欢举重锻炼身体。,Tā xǐhuan jǔzhòng duànliàn shēntǐ.,He likes weightlifting for exercise.
2549,居住证,jū zhù zhèng,residence permit,4,3,居住,to reside,身份证,ID,,,,,他在上海办了居住证,Tā zài Shànghǎi bàn le jūzhùzhèng,He got a residence permit in Shanghai
2550,锯子,jù zi,saw,4,,-,,,,,,,,他用锯子锯木板。,tā yòng jù zi jù mù bǎn.,He uses a saw to cut the wood.
2551,卷心菜,juǎn xīn cài,round cabbage,4,2,卷,roll,心,heart,菜,vegetable,,,卷心菜很便宜,Juǎnxīncài hěn piányí,Round cabbage is very cheap
2552,决赛,jué sài,finals,4,2,决定,to resolve,比赛,match,,,,,球队进入了决赛,qiú duì jìn rù le jué sài,the team reached the final
2553,角色,jué sè,role;character,4,4,角度,angle,颜色,color,,,,,他在电影里扮演重要角色。,tā zài diàn yǐng lǐ bàn yǎn zhòng yào jué sè.,he plays an important role in the movie.
2554,菌,jūn,fungus,4,,-,,,,,,,,真菌在潮湿环境中容易生长。,zhēn jūn zài cháo shī huán jìng zhōng róng yì shēng zhǎng.,Fungi grow easily in damp environments.
2555,开源,kāi yuán,open source,4,3,开,open,资源,resource,,,,,这个软件是完全开源的。,zhè gè ruǎn jiàn shì wán quán kāi yuán de.,this software is fully open source.
2556,康复治疗,kāng fù zhì liáo,rehabilitation therapy,4,,,,,,,,,,他正在接受康复治疗,tā zhèng zài jiē shòu kāng fù zhì liáo,He is receiving rehabilitation therapy
2557,抗生素,kàng shēng sù,antibiotic,4,3,反抗,resist,生活,life,因素,element,,,抗生素不能滥用。,kàng shēng sù bù néng làn yòng.,Antibiotics should not be overused.
2558,考公,kǎo gōng,civil service exam,4,2,考试,exam,公,public,,,,,他打算考公,tā dǎ suàn kǎo gōng,he plans to take the civil service exam
2559,考研,kǎo yán,graduate school entrance exam,4,2,考试,exam,研究,research,,,,,她正在准备考研,tā zhèng zài zhǔn bèi kǎo yán,she is preparing for the postgraduate entrance exam
2560,克服,kè fú,overcome,4,4,克,to subdue,说服,persuade,,,,,她努力克服自己的恐惧。,tā nǔ lì kè fú zì jǐ de kǒng jù,She worked hard to overcome her fear.
2561,科幻电影,kē huàn diàn yǐng,scifi;science fiction movies,4,,,,,,,,,,我喜欢看科幻电影,wǒ xǐhuān kàn kēhuàn diànyǐng,I like watching science fiction movies
2562,客家人,kè jiā rén,Hakka people,4,3,客人,guest,家庭,family,人民,people,,,他是客家人。,tā shì kè jiā rén.,He is Hakka.
2563,科举,kē jǔ,imperial examination system,4,3,科学,science,选举,to elect,,,,,科举制度持续了很多世纪。,Kējǔ zhìdù chíxù le hěn duō shìjì.,The imperial examination system lasted for many centuries.
2564,可理解性输入,kě lǐ jiě xìng shū rù,comprehensible input,4,3,可以,can,理解,understand,性,nature,输入,input,很多语言老师强调可理解性输入的重要性。,hěn duō yǔ yán lǎo shī qiáng diào kě lǐ jiě xìng shū rù de zhòng yào xìng.,Many language teachers emphasize the importance of comprehensible input.
2565,可怜的狗,kě lián de gǒu,poor dog,4,,,,,,,,,,可怜的狗在雨中跑,Kělián de gǒu zài yǔ zhōng pǎo,The poor dog is running in the rain
2566,客栈,kè zhàn,inn,4,,,,,,,,,,古镇客栈门口常有猫咪,gǔzhèn kèzhàn ménkǒu cháng yǒu māomī,There are often cats at the entrance of inns in old towns
2567,恐慌,kǒng huāng,panic;panicky,4,,-,,,,,,,,消息一出，人们开始恐慌。,xiāo xī yì chū，rén men kāi shǐ kǒng huāng。,"Once the news came out, people began to panic."
2568,恐惧症,kǒng jù zhèng,phobia,4,2,恐惧,fear,症,disease,,,,,她有社交恐惧症,tā yǒu shè jiāo kǒng jù zhèng,she has social phobia
2569,孔雀,kǒng què,peacock,4,3,瞳孔,pupil,麻雀,sparrow,,,,,孔雀开屏很美。,kǒng què kāi píng hěn měi.,The peacock's tail is beautiful when fanned out.
2570,孔子学院,kǒng zǐ xué yuàn,Confucius Institute,4,,,,,,,,,,我在孔子学院学习中文,wǒ zài Kǒngzǐ Xuéyuàn xuéxí Zhōngwén,I study Chinese at Confucius Institute
2571,口疮,kǒu chuāng,mouth ulcer,4,4,口,mouth,疮,sore;tumor,,,,,他嘴里长了口疮,Tā zuǐ lǐ zhǎng le kǒuchuāng,He has a canker sore in his mouth
2572,口交,kǒu jiāo,oral sex,4,3,口,mouth,交流,communicate,,,,,这属于比较私密的话题。,zhè shǔ yú bǐ jiào sī mì de huà tí,This is a rather private topic.
2573,口吻,kǒu wěn,tone of speaking,4,3,口,mouth,吻,kiss,,,,,他说话的口吻很温柔,Tā shuōhuà de kǒuwěn hěn wēnróu,He spoke in a gentle tone
2574,夸大,kuā dà,exaggeration;to exaggerate,4,2,夸,to boast,大,big,,,,,他喜欢夸大自己的成绩,tā xǐ huān kuā dà zì jǐ de chéng jì,He likes to exaggerate his achievements
2575,快艇,kuài tǐng,speedboat,4,4,快,fast,艇,small boat,,,,,快艇速度很快。,kuài tǐng sù dù hěn kuài.,speedboats are very fast.
2576,宽粉,kuān fěn,wide glass noodles,4,4,宽,wide,粉丝,vermicelli,,,,,宽粉很适合做麻辣烫。,kuān fěn hěn shì hé zuò má là tàng.,wide glass noodles are great for spicy hotpot.
2577,宽松,kuān sōng,loose (clothes),4,,,,,,,,,,衣服很宽松,yī fú hěn kuān sōng,the clothes are loose
2578,框架,kuàng jià,framework;frame,4,,,,,,,,,,我们先把框架搭好再写内容,wǒ men xiān bǎ kuàng jià dā hǎo zài xiě nèi róng,We should set up the framework first before writing content
2579,狂犬病,kuáng quǎn bìng,rabies,4,1,狂,wild,犬,dog,病,disease,,,狗需要打狂犬病疫苗,Gǒu xūyào dǎ kuángquǎnbìng yìmiáo,Dogs need rabies vaccinations
2580,亏钱,kuī qián,to lose money,4,4,亏损,deficit;loss,钱,money,,,,,这家店开了半年一直在亏钱。,zhè jiā diàn kāi le bàn nián yì zhí zài kuī qián.,This shop has been losing money since it opened six months ago.
2581,昆虫,kūn chóng,insect,4,,,,,,,,,,夏天有很多昆虫,Xiàtiān yǒu hěn duō kūnchóng,There are many insects in summer
2582,困境,kùn jìng,dilemma;predicament,4,2,困难,difficult,环境,environment,,,,,公司陷入了困境,gōngsī xiànrù le kùnjìng,the company is in trouble
2583,拉布布,lā bù bù,Labubu,4,5,拉,pull,布,cloth,布,cloth,,,她收藏了好多拉布布,tā shōu cáng le hǎo duō lā bù bù,she has collected many Labubu figures
2584,拉丁,lā dīng,latin,4,,-,,,,,,,,拉丁舞常配拉丁音乐。,lā dīng wǔ cháng pèi lā dīng yīn yuè.,Latin dances are often accompanied by Latin music.
2585,垃圾分类,lā jī fēn lèi,trash sorting,4,4,垃圾,trash,分类,classification,,,,,这个城市对垃圾分类要求很严格。,zhè gè chéngshì duì lājī fēnlèi yāoqiú hěn yángé,This city has strict rules on trash sorting.
2586,辣条,là tiáo,spicy strips,4,4,辣,spicy,条,strip,,,,,辣条在学生中很受欢迎。,là tiáo zài xué shēng zhōng hěn shòu huān yíng.,spicy strips are popular among students.
2587,兰,lán,orchid,4,,,,,,,,,,窗台放着一盆兰,Chuāngtái fàngzhe yī pén lán,There is a pot of orchid on the windowsill
2588,栏杆,lán gān,railing,4,3,栅栏,fence,杆,stick,,,,,他靠在栏杆上看风景,tā kào zài lán gān shàng kàn fēng jǐng,He leaned on the railing and looked at the scenery
2589,老挝,lǎo wō,Laos,4,,,,,,,,,,老挝是一个东南亚国家,lǎo wō shì yī gè dōng nán yà guó jiā,laos is a southeast asian country
2590,老友记,lǎo yǒu jì,Friends (TV show),4,4,老友,old friend,记,remember,,,,,我又开始追老友记了,Wǒ yòu kāishǐ zhuī Lǎoyǒujì le,I started watching Friends again
2591,冷漠,lěng mò,cold;indifferent,4,3,冷,cold,沙漠,desert,,,,,他的态度有些冷漠。,tā de tài dù yǒu xiē lěng mò。,His attitude is somewhat indifferent.
2592,理工,lǐ gōng,science & engineering,4,4,理论,theory,工程,engineering,,,,,他是理工背景出身。,tā shì lǐ gōng bèi jǐng chū shēn,He has a science and engineering background.
2593,例外,lì wài,exception,4,1,例子,example,外,outside,,,,,这条规定没有例外。,zhè tiáo guī dìng méi yǒu lì wài,There are no exceptions to this rule.
2594,俚语,lǐ yǔ,slang,4,,,,,,,,,,这句话是年轻人常用的俚语。,zhè jù huà shì niánqīngrén cháng yòng de lǐ yǔ.,This sentence is slang commonly used by young people.
2595,恋爱脑,liàn ài nǎo,person who loses themselves in love,4,3,恋爱,romantic love,脑,brain,,,,,她一谈恋爱就完全恋爱脑了,tā yī tán liàn’ài jiù wánquán liàn’ài nǎo le,once she starts dating she loses all rationality
2596,脸红,liǎn hóng,to blush;face turn red,4,1,脸,face,红,red,,,,,他说话时会脸红,Tā shuōhuà shí huì liǎnhóng,He blushes when he speaks
2597,莲花,lián huā,lotus flower;water lily,4,4,莲,lotus,花,flower,,,,,湖面上的莲花开得很漂亮,hú miàn shàng de lián huā kāi de hěn piào liang,The lotus flowers on the lake are blooming beautifully
2598,连锁,lián suǒ,chain;to interlock,4,2,连接,to link,锁,lock,,,,,这是连锁餐厅,zhè shì lián suǒ cān tīng,this is a chain restaurant
2599,量杯,liáng bēi,measuring cup,4,3,量,measure,杯,cup,,,,,做蛋糕要用量杯量牛奶,Zuò dàngāo yào yòng liángbēi liáng niúnǎi,You need a measuring cup to measure milk for baking
2600,亮度,liàng dù,brightness,4,3,亮,bright,度,degree,,,,,调高屏幕亮度。,tiáo gāo píng mù liàng dù,Increase screen brightness.
2601,淋浴间,lín yù jiān,shower room,4,4,淋浴,shower,房间,room,,,,,酒店的淋浴间很干净。,jiǔdiàn de línyùjiān hěn gānjìng,The hotel shower room is very clean.
2602,零下二十度,líng xià èr shí dù,minus twenty degrees,4,4,零,zero,下,below,二十度,twenty degrees,,,昨天晚上零下二十度,zuótiān wǎnshàng língxià èrshí dù,It was minus twenty degrees last night
2603,六边形,liù biān xíng,hexagon,4,1,六,six,边,side,形成,to take shape,,,蜂窝的形状是六边形,Fēngwō de xíngzhuàng shì liùbiānxíng,The shape of a honeycomb is a hexagon
2604,流产,liú chǎn,miscarriage;abortion,4,2,流,flow,生产,give birth,,,,,医生建议她好好休息，防止流产。,yī shēng jiàn yì tā hǎo hǎo xiū xí，fáng zhǐ liú chǎn。,The doctor advised rest to prevent miscarriage.
2605,流浪,liú làng,wandering;to wander,4,2,流,to flow,浪费,to waste,,,,,他流浪了很多年,Tā liúlàng le hěn duō nián,He wandered for many years
2606,流行音乐,liú xíng yīn yuè,pop music,4,4,流行,popular,音乐,music,,,,,我喜欢听流行音乐。,wǒ xǐ huān tīng liú xíng yīn yuè.,I like listening to pop music.
2607,留言,liú yán,to leave a comment;message,4,3,留下,to leave behind,言语,words,,,,,请在下面留言。,qǐng zài xià miàn liú yán,Please leave a message below.
2608,垄断,lǒng duàn,monopoly,4,,,,,,,,,,大公司垄断了市场,dà gōng sī lǒng duàn le shì chǎng,big companies monopolized the market
2609,漏洞,lòu dòng,vulnerability;loophole,4,2,泄漏,leakage,洞,hole,,,,,这个系统有严重的安全漏洞,zhè gè xì tǒng yǒu yán zhòng de ān quán lòu dòng,This system has a serious security loophole
2610,楼群,lóu qún,building complex,4,3,大楼,building,群体,group,,,,,这里是高楼群。,zhè lǐ shì gāo lóu qún,This area has many tall buildings.
2611,露,lù,dew,4,,,,,,,,,,早晨草地上有露水,zǎo chén cǎo dì shàng yǒu lù shuǐ,there’s dew on the grass in the morning
2612,路灯,lù dēng,streetlights,4,3,路,road,灯,lamp,,,,,夜里路灯很亮。,yè lǐ lù dēng hěn liàng,The streetlights are bright at night.
2613,绿豆,lǜ dòu,mung bean,4,4,绿,green,豆,bean,,,,,绿豆汤能解暑。,lǜ dòu tāng néng jiě shǔ.,mung bean soup cools the body.
2614,撸管,lū guǎn,hand job;masturbate,4,4,撸猫,pet a cat,管,pipe,,,,,网上有人拿“撸管”开玩笑。,wǎng shàng yǒu rén ná “lū guǎn” kāi wán xiào,People online joke about masturbation.
2615,陆家嘴,lù jiā zuǐ,Lujiazui (Shanghai financial district),4,3,陆地,land,家,home,嘴巴,mouth,,,陆家嘴是上海的金融中心。,lù jiā zuǐ shì shàng hǎi de jīn róng zhōng xīn,Lujiazui is Shanghai’s financial center.
2616,路肩,lù jiān,road shoulder,4,4,路,road,肩膀,shoulder,,,,,车辆停在路肩上。,Chēliàng tíng zài lùjiān shàng.,The vehicle is parked on the road shoulder.
2617,绿皮火车,lǜ pí huǒ chē,slow green train,4,3,绿,green,皮,skin,火车,train,,,我小时候常坐绿皮火车。,wǒ xiǎo shí hou cháng zuò lǜ pí huǒ chē.,I often took old green trains when I was young.
2618,卤肉饭,lǔ ròu fàn,braised pork rice,4,,,,,,,,,,我早餐吃卤肉饭,Wǒ zǎocān chī lǔròufàn,I ate braised pork rice for breakfast
2619,录音机,lù yīn jī,audio recorder;tape recorder,4,1,记录,to record,声音,voice,机,machine,,,录音机正在录音,lù yīn jī zhèng zài lù yīn,the recorder is recording
2620,乱扔垃圾,luàn rēng lā jī,littering,4,2,乱,mess,扔,to throw,垃圾,trash,,,请不要乱扔垃圾,qǐng búyào luàn rēng lājī,Please do not litter
2621,轮渡,lún dù,ferry,4,4,轮,wheel,偷渡,stowaway,,,,,他们坐渡船过河,Tāmen zuò dùchuán guò hé,They took a ferry across the river
2622,裸,luǒ,naked,4,,,,,,,,,,他上身赤裸,tā shàngshēn chìluǒ,his upper body is bare
2623,落后,luò hòu,backwards (thinking);to fall behind;lagging,4,3,落,to lower,后,after,,,,,这个地区经济比较落后,zhè ge dì qū jīng jì bǐ jiào luò hòu,this area is relatively underdeveloped
2624,罗森,luó sēn,Lawson,4,,,,,,,,,,罗森的熟食很受上班族喜欢,luó sēn de shú shí hěn shòu shàng bān zú xǐ huān,Lawson’s deli food is popular among office workers
2625,螺丝刀,luó sī dāo,screwdriver,4,3,螺丝,screw,刀,knife,,,,,我需要一把螺丝刀拧螺丝。,wǒ xū yào yī bǎ luó sī dāo nǐng luó sī.,I need a screwdriver to tighten the screw.
2626,螺蛳粉,luó sī fěn,river snail noodles,4,4,螺蛳,river snail,粉,noodles,,,,,很多人喜欢吃螺蛳粉。,hěn duō rén xǐ huān chī luó sī fěn.,Many people enjoy luosifen.
2627,抹布,mā bù,rag,4,2,涂抹,to smear,布,cloth,,,,,抹布用来擦桌子。,mā bù yòng lái cā zhuō zi.,the rag is used to wipe the table.
2628,马拉松,mǎ lā sōng,marathon,4,3,马,horse,拉,pull,松,pine tree,,,他跑完了马拉松,tā pǎo wán le mǎ lā sōng,he finished the marathon
2629,马尼拉,mǎ ní lā,Manila,4,,,,,,,,,,马尼拉以热闹的夜生活和海边风光而出名。,mǎ ní lā yǐ rè nào de yè shēng huó hé hǎi biān fēng guāng ér chū míng.,Manila is famous for its lively nightlife and seaside scenery.
2630,麻薯,má shǔ,mochi,4,,,,,,,,,,孩子们喜欢吃麻薯,hái zi men xǐ huān chī má shǔ,children like to eat mochi
2631,麦片,mài piàn,oatmeal,4,2,麦,wheat,片,slice,,,,,我早餐吃麦片,wǒ zǎo cān chī mài piàn,I eat cereal for breakfast
2632,卖完了,mài wán le,sold out,4,3,卖,to sell,完,complete,了,past tense,,,今天的蛋糕已经卖完了,Jīntiān de dàngāo yǐjīng màiwán le,Today’s cakes are already sold out
2633,满减,mǎn jiǎn,spend-based discount,4,4,满意,satisfied,减少,reduce,,,,,这个平台经常搞满减活动。,zhè gè píng tái jīng cháng gǎo mǎn jiǎn huó dòng,This platform often runs discount promotions.
2634,盲盒,máng hé,blind box,4,4,盲,blind,盒,box,,,,,他迷上了抽盲盒。,tā mí shàng le chōu máng hé。,He got hooked on blind boxes.
2635,忙死,máng sǐ,extremely busy,4,,,,,,,,,,我最近忙死了没时间休息,wǒ zuì jìn máng sǐ le méi shí jiān xiū xī,I’ve been so busy lately that I have no time to rest
2636,毛病,máo​ bìng,fault;defect,4,2,毛,hair,病,illness,,,,,这台电脑总是出毛病,zhè tái diàn nǎo zǒng shì chū máo bìng,this computer always has problems
2637,猫粮,māo liáng,cat food,4,,,,,,,,,,我买了一大袋猫粮。,wǒ mǎi le yī dà dài māo liáng.,I bought a big bag of cat food.
2638,猫零食,māo líng shí,cat treats,4,,,,,,,,,,我买了些猫零食。,wǒ mǎi le xiē māo líng shí.,I bought some cat treats.
2639,猫砂,māo shā,cat litter,4,,,,,,,,,,请帮猫换猫砂。,qǐng bāng māo huàn māo shā.,Please change the cat litter.
2640,猫头鹰,māo tóu yīng,owl,4,1,猫,cat,头,head,鹰,eagle,,,猫头鹰在夜里叫,māo tóu yīng zài yè lǐ jiào,the owl hoots at night
2641,美国华裔,měi guó huá yì,Chinese American,4,3,美国,USA,华,Chinese,裔,descendants,,,他是美国华裔学生,Tā shì Měiguó huáyì xuéshēng,He is an American Chinese student
2642,美食荒漠,měi shí huāng mò,food desert,4,,,,,,,,,,这个小镇是美食荒漠。,zhège xiǎo zhèn shì měishí huāngmò.,This small town is a food desert.
2643,美颜,měi yán,beauty filter,4,3,美丽,beautiful,颜色,color,,,,,现在很多直播都有美颜功能。,xiàn zài hěn duō zhí bō dōu yǒu měi yán gōng néng,Many livestreams now have beauty filters.
2644,门槛,mén kǎn,threshold,4,,,,,,,,,,成功的门槛很高,chéng gōng de mén kǎn hěn gāo,the threshold for success is very high
2645,门票信息,mén piào xìn xī,Ticket Information,4,,,,,,,,,,网站提供门票信息,wǎng zhàn tí gōng mén piào xìn xī,the website provides ticket information
2646,迷迭香,mí dié xiāng,rosemary,4,4,球迷,fan,更迭,to change;alternate,香,fragrant,,,这道烤鸡加了迷迭香味道很好。,zhè dào kǎo jī jiā le mí dié xiāng wèi dào hěn hǎo。,This roasted chicken tastes great with rosemary.
2647,米老鼠,mǐ lǎo shǔ,Mickey Mouse,4,3,米,rice;meter,老鼠,mouse,,,,,米老鼠是迪士尼的标志。,mǐ lǎo shǔ shì dí shì ní de biāo zhì.,mickey mouse is disney’s symbol.
2648,迷茫,mí máng,confused,4,4,迷路,lost,茫茫,vast,,,,,他对未来感到很迷茫,Tā duì wèilái gǎndào hěn mímáng,He feels very confused about the future
2649,面部识别,miàn bù shì bié,facial recognition,4,3,面部,face,识别,to distinguish,,,,,手机使用面部识别解锁,Shǒujī shǐyòng miànbù shíbié jiěsuǒ,The phone unlocks with facial recognition
2650,面霜,miàn shuāng,face cream,4,4,面部,face,防晒霜,sunscreen,,,,,冬天要用保湿面霜。,dōngtiān yào yòng bǎoshī miànshuāng,You need moisturizing face cream in winter.
2651,免疫系统,miǎn yì xì tǒng,immune system,4,2,避免,to avoid,瘟疫,epidemic,系统,system,,,良好的睡眠有助于增强免疫系统。,liáng hǎo de shuì mián yǒu zhù yú zēng qiáng miǎn yì xì tǒng。,Good sleep helps strengthen the immune system。
2652,喵喵,miāo miāo,meow,4,,,,,,,,,,猫在门口喵喵叫。,māo zài mén kǒu miāo miāo jiào.,The cat is meowing at the door.
2653,命令,mìng lìng,to order;command,4,,-,,,,,,,,他下达了命令。,tā xià dá le mìng lìng,He issued an order.
2654,名下,míng xià,under person's name,4,3,名,name,下,under,,,,,这辆车在他名下,zhè liàng chē zài tā míng xià,this car is under his name
2655,明显,míng xiǎn,clear;distinct;obvious,4,2,明,bright,显示,to show,,,,,他的错误很明显,tā de cuò wù hěn míng xiǎn,his mistake is very obvious
2656,名言,míng yán,saying,4,2,著名,famous,言,speech,,,,,这句名言一直激励着我。,Zhè jù míngyán yīzhí jīlì zhe wǒ.,This famous saying has always inspired me.
2657,墨尔本,mò ěr běn,Melbourne,4,,,,,,,,,,墨尔本是一座适合生活的城市,mò ěr běn shì yī zuò shì hé shēng huó de chéng shì,Melbourne is a livable city
2658,默契,mò qì,on the same wavelength;tacit agreement;,4,3,沉默,silent,契,deed,,,,,他们配合得非常有默契,Tāmen pèihé de fēicháng yǒu mòqì,They cooperate with great tacit understanding
2659,墨西哥卷饼,mò xī gē juǎn bǐng,burrito,4,2,墨西哥,Mexico,卷饼,rolled pastry,,,,,我今天中午吃了一个墨西哥卷饼,wǒ jīn tiān zhōng wǔ chī le yī gè mò xī gē juǎn bǐng,I ate a burrito for lunch today
2660,模板,mú bǎn,template,4,3,模特,model,板,board,,,,,请按照这个模板写,Qǐng ànzhào zhège móbǎn xiě,Please write according to this template
2661,拇指,mǔ zhǐ,thumb,4,,-,,,,,,,,他的拇指受伤了。,tā de mǔ zhǐ shòu shāng le,His thumb was injured.
2662,奶冻,nǎi dòng,milk jelly,4,,,,,,,,,,这家店的奶冻很好吃,zhè jiā diàn de nǎi dòng hěn hǎo chī,the panna cotta in this shop is delicious
2663,耐克,nài kè,Nike,4,4,耐心,patience,克,gram,,,,,耐克的运动鞋很受欢迎,nài kè de yùn dòng xié hěn shòu huān yíng,Nike sneakers are very popular
2664,奈雪的茶,nài xuě de chá,Naixue's Tea,4,4,无奈,have no choice,雪,snow,的,of,茶,tea,奈雪的茶主打水果茶,nài xuě de chá zhǔ dǎ shuǐ guǒ chá,Naixue’s Tea mainly serves fruit tea
2665,难伺候,nán cì hou,high-maintenance;hard to please,4,3,难,hard,伺候,to serve,,,,,他这个人太难伺候了,tā zhè gè rén tài nán cì hou le,He’s such a difficult person to please
2666,难度,nán dù,difficulty,4,2,难,hard,度,degree,,,,,这道题的难度很高,Zhè dào tí de nándù hěn gāo,The difficulty of this problem is high
2667,南极洲,nán jí zhōu,Antarctica,4,1,南,south,极,extreme,洲,continent,,,企鹅生活在南极洲,qǐ é shēng huó zài nán jí zhōu,penguins live in Antarctica
2668,南京红姐,nán jīng hóng jiě,Nanjing Red Sister,4,,,,,,,,,,南京红姐的视频很有趣,nán jīng hóng jiě de shì pín hěn yǒu qù,The videos by “Nanjing Sister Hong” are interesting
2669,难免,nán miǎn,inevitable;hard to avoid,4,2,难,hard,避免,to avoid,,,,,下雨天迟到很难免,Xiàyǔ tiān chídào hěn nánmiǎn,Being late on rainy days is hard to avoid
2670,难闻,nán wén,smells bad,4,2,难,hard,闻,smell,,,,,垃圾的味道很难闻,Lājī de wèidào hěn nánwén,The garbage smells bad
2671,脑暴,nǎo bào,brainstorm,4,4,头脑,mind,风暴,storm,,,,,我们下午开会脑暴新方案。,wǒ men xià wǔ kāi huì nǎo bào xīn fāng àn,We brainstorm new plans in the afternoon meeting.
2672,内容创作者,nèi róng chuàng zuò zhě,content creator,4,3,内容,content,创作,create,作者,author,,,她是一名短视频内容创作者。,tā shì yī míng duǎn shì pín nèi róng chuàng zuò zhě。,She is a short-video content creator.
2673,年度,nián dù,annual,4,2,年,year,度,degree;measure,,,,,这是今年的年度报告,Zhè shì jīnnián de niándù bàogào,This is this year’s annual report
2674,牛轧糖,niú zhá táng,nougat,4,2,牛奶,milk,轧钢,to roll steel,糖果,candy,,,圣诞节我买了牛轧糖。,shèng dàn jié wǒ mǎi le niú zhá táng.,I bought nougat for Christmas.
2675,农作物,nóng zuò wù,crops,4,1,农,agriculture,作,do,物,thing,,,今年农作物丰收,Jīnnián nóngzuòwù fēngshōu,This year’s crops had a good harvest
2676,欧元,ōu yuán,euro,4,4,欧洲,Europe,元,dollar,,,,,我在欧洲旅行时用欧元付款。,wǒ zài ōu zhōu lǚ xíng shí yòng ōu yuán fù kuǎn.,I paid in euros while traveling in Europe.
2677,P图,P tú,Photoshop,4,,,,,,,,,,他喜欢P图,Tā xǐhuān P tú,He likes editing pictures
2678,排名,pái ​míng,ranking,4,1,排队,to line up,名字,name,,,,,他在比赛中拿到第一名的排名,tā zài bǐ sài zhōng ná dào dì yī míng de pái míng,he ranked first in the competition
2679,攀岩,pān yán,rock climbing,4,4,攀登,to climb,岩石,rock,,,,,小山羊天生擅长攀岩,xiǎo shānyáng tiānshēng shàncháng pānyán,Little goats are born good at climbing rocks
2680,跑步机,pǎo bù jī,treadmill,4,1,跑步,to run,机,machine,,,,,他每天早上都在跑步机上跑步锻炼身体,tā měi tiān zǎo shang dōu zài pǎo bù jī shàng pǎo bù duàn liàn shēn tǐ,He runs on the treadmill every morning to exercise
2681,跑道,pǎo dào,(running) track,4,1,跑,run,道,road,,,,,飞机正在跑道上,tīng jī zhèng zài pǎo dào shàng,the plane is on the runway
2682,跑掉,pǎo diào,to run away,4,,,,,,,,,,那只猫又跑掉了,nà zhī māo yòu pǎo diào le,The cat ran away again
2683,泡脚,pào jiǎo,to soak feet,4,3,泡,to soak,脚,foot,,,,,冬天泡脚特别舒服。,dōng tiān pào jiǎo tè bié shū fu,Soaking your feet feels especially nice in winter.
2684,泡沫塑料,pào mò sù liào,styrofoam,4,2,泡沫,foam,塑料,plastic,,,,,这个快递里塞满了泡沫塑料用来防震。,zhè gè kuài dì lǐ sāi mǎn le pào mò sù liào yòng lái fáng zhèn.,This package was filled with foam plastic for shock protection.
2685,泡澡,pào zǎo,to soak in a bath,4,4,泡,to soak,洗澡,to bathe,,,,,工作一天后泡澡很舒服。,gōng zuò yì tiān hòu pào zǎo hěn shū fu,Taking a bath after a day of work feels great.
2686,配菜,pèi cài,side dish;noodle toppings,4,4,配合,matching,菜,dish,,,,,这家店的配菜很好吃。,zhè jiā diàn de pèi cài hěn hǎo chī,The side dishes at this restaurant are delicious.
2687,喷子,pēn zǐ,troll (online),4,3,喷嚏,sneeze,子,suffix for noun,,,,,不要理网上的喷子,Bùyào lǐ wǎngshàng de pēnzi,Don’t bother with online trolls
2688,疲惫,pí bèi,exhausted,4,,,,,,,,,,跑了一整天我很疲惫,Pǎo le yì zhěng tiān wǒ hěn píbèi,After running all day I am exhausted
2689,匹配,pǐ pèi,to match,4,,-,,,,,,,,结果和预期不匹配,jié guǒ hé yù qī bù pǐ pèi,the results do not match the expectations
2690,皮疹,pí zhěn,rash,4,3,皮肤,skin,疱疹,blister,,,,,他吃完海鲜后起了皮疹。,tā chī wán hǎi xiān hòu qǐ le pí zhěn,He developed a rash after eating seafood.
2691,飘窗,piāo chuāng,bay window,4,3,飘飘,to float,窗户,window,,,,,我喜欢坐在飘窗上看书。,wǒ xǐ huān zuò zài piāo chuāng shàng kàn shū.,I like sitting by the bay window reading.
2692,平安夜,píng ān yè,Christmas Eve,4,3,平,flat,安,safe,夜,night,,,平安夜很多商场营业到很晚,píngān yè hěn duō shāngchǎng yíngyè dào hěn wǎn,Many malls stay open late on Christmas Eve
2693,苹果酒,píng guǒ jiǔ,cider,4,4,苹果,apple,酒,alcohol,,,,,苹果酒味道清甜,píngguǒ jiǔ wèidào qīngtián,Cider tastes light and sweet
2694,平角短裤,píng jiǎo duǎn kù,boxer shorts,4,3,平,flat,角,angle,短裤,shorts,,,他买了几条新的平角短裤,tā mǎi le jǐ tiáo xīn de píng jiǎo duǎn kù,He bought several new pairs of boxer shorts
2695,婆婆,pó po,mother-in-law (husband’s mother),4,,,,,,,,,,婆婆很关心我,pó po hěn guān xīn wǒ,My mother-in-law cares a lot about me
2696,仆人,pú rén,servant,4,,,,,,,,,,古时候有很多仆人,Gǔ shíhòu yǒu hěn duō púrén,In ancient times there were many servants
2697,企鹅,qì 'é,penguin,4,1,企业,enterprise,鹅,goose,,,,,企鹅在冰上走得很慢,qǐ é zài bīng shàng zǒu de hěn màn,the penguin walks slowly on the ice
2698,欺负,qī fù,to bully,4,3,欺骗,to cheat,负担,burden,,,,,不要欺负比你小的人,búyào qīfu bǐ nǐ xiǎo de rén,Do not bully people younger than you
2699,乞丐,qǐ gài,beggar,4,,-,,,,,,,,街角坐着一位乞丐。,jiējiǎo zuòzhe yí wèi qǐgài,A beggar was sitting at the street corner.
2700,期间,qī jiān,duration;period,4,,,,,,,,,,考试期间要保持安静,kǎo shì qī jiān yào bǎo chí ān jìng,during exams we must keep quiet
2701,期望,qī wàng,expectations,4,3,期待,to look forward to,希望,hope,,,,,用户期望这个应用能更新快点,yònghù qīwàng zhège yìngyòng néng gēngxīn kuàidiǎn,Users expect this app to update faster
2702,奇异果,qí yì guǒ,kiwi,4,2,奇怪,strange,诡异,weird,果,fruit,,,我喜欢喝奇异果汁,wǒ xǐ huān hē qí yì guǒ zhī,i like to drink kiwi juice
2703,7-11,qī yī yī,7-Eleven,4,,,,,,,,,,7-11便利店买东西很方便,qī yī yī biàn lì diàn mǎi dōng xī hěn fāng biàn,it is convenient to shop at 7-Eleven
2704,铅笔,qiān bǐ,pencil,4,1,铅,lead,笔,pen,,,,,孩子用铅笔写字。,hái zi yòng qiān bǐ xiě zì.,the child writes with a pencil.
2705,浅烘,qiǎn hōng,light roast,4,2,浅,shallow,烘,bake,,,,,这款咖啡是浅烘焙,Zhè kuǎn kāfēi shì qiǎn hōngbèi,This coffee is lightly roasted
2706,前景,qián jǐng,prospects;outlook,4,2,前,before,风景,scenery,,,,,这家公司前景很好,qián jǐng zhè jiā gōng sī qián jǐng hěn hǎo,the company has a great future
2707,前任,qián rèn,predecessor;ex,4,2,前,before,信任,to trust,,,,,他遇到了前任,Tā yùdào le qiánrèn,He ran into his ex
2708,千瓦,qiān wǎ,kilowatt,4,2,千,thousand,瓦,watt,,,,,这台设备的功率是两千瓦。,zhè tái shè bèi de gōng lǜ shì liǎng qiān wǎ.,This device has a power rating of two kilowatts.
2709,前者,qián zhě,the former,4,1,前,before,或者,or,,,,,我喜欢前者多一点,Wǒ xǐhuān qiánzhě duō yīdiǎn,I like the former a bit more
2710,钳子,qián zi,pliers,4,,-,,,,,,,,他用钳子夹住电线。,tā yòng qián zi jiā zhù diàn xiàn.,He uses pliers to hold the wire.
2711,强大,qiáng dà,powerful,4,2,强,strong,大,big,,,,,这个国家的军队很强大,zhè gè guó jiā de jūn duì hěn qiáng dà,the army of this country is very powerful
2712,强调,qiáng diào,to emphasize;to stress,4,2,强,strong,调,adjust,,,,,老师强调每天要练习汉字,lǎoshī qiángdiào měitiān yào liànxí hànzì,the teacher emphasized practicing chinese characters every day
2713,枪击,qiāng jī,shooting,4,2,枪,gun,攻击,attack,,,,,昨晚发生了一起枪击事件,Zuówǎn fāshēng le yī qǐ qiāngjī shìjiàn,A shooting occurred last night
2714,强迫,qiǎng pò,to force;compel,4,,-,,,,,,,,不要强迫别人。,bú yào qiǎng pò bié rén,Don’t force others.
2715,巧合,qiǎo hé,coincidence,4,,-,,,,,,,,这真是个巧合。,zhè zhēn shì gè qiǎo hé,What a coincidence.
2716,亲热,qīn rè,affectionate;make out,4,2,亲密,intimate,热,hot,,,,,他们在公园里亲热,Tāmen zài gōngyuán lǐ qīnrè,They were being affectionate in the park
2717,青春期,qīng chūn qí,adolescence;puberty,4,1,青春,youth,期,period of time,,,,,孩子进入青春期,hái zi jìn rù qīng chūn qī,the child entered puberty
2718,情侣,qíng lǚ,couple,4,2,情,feeling,伴侣,companion,,,,,这对情侣很甜蜜,zhè duì qíng lǚ hěn tián mì,this couple is very sweet
2719,清明节,qīng míng jié,Tomb Sweeping day,4,4,清楚,clear,明,bright,节日,holiday,,,清明节人们扫墓祭祖。,qīng míng jié rén men sǎo mù jì zǔ.,People visit graves during Qingming Festival.
2720,情商,qíng shāng,emotional intelligence;EQ,4,3,感情,emotion,智商,IQ,,,,,他的情商很高,Tā de qíngshāng hěn gāo,He has high emotional intelligence
2721,穷游,qióng yóu,budget travel,4,2,穷,poor,旅游,travel,,,,,他们靠穷游走遍了很多国家。,tāmen kào qióngyóu zǒubiàn le hěn duō guójiā,They traveled to many countries on a tight budget.
2722,屈臣氏,qū chén shì,Watsons,4,,,,,,,,,,屈臣氏的护肤品很齐全,qū chén shì de hù fū pǐn hěn qí quán,Watsons has a wide range of skincare products
2723,取决于,qǔ jué yú,depending on,4,2,取消,to cancel,决定,decision,对于,regarding,,,结果取决于你的努力,Jiéguǒ qǔjué yú nǐ de nǔlì,The outcome depends on your effort
2724,全球化,quán qiú huà,globalization,4,,,,,,,,,,全球化影响了世界经济,quán qiú huà yǐng xiǎng le shì jiè jīng jì,globalization has affected the world economy
2725,燃气,rán qì,gas fuel,4,3,燃料,fuel,气,gas,,,,,燃气价格上涨。,rán qì jià gé shàng zhǎng,Gas prices are rising.
2726,让行,ràng xíng,yield,4,1,让,let,行,to walk,,,,,看到行人要让行。,kàn dào xíng rén yào ràng xíng.,you must yield to pedestrians.
2727,热带,rè dài,tropical,4,1,热,hot,带,belt,,,,,这里属于热带气候,Zhèlǐ shǔyú rèdài qìhòu,This place belongs to a tropical climate
2728,热门,rè mén,popular (place),4,3,热,hot,门,door,,,,,这个城市的热门景点很多,zhè gè chéng shì de rè mén jǐng diǎn hěn duō,This city has many popular attractions
2729,热身,rè shēn,to warm up (exercises),4,1,热,heat,身,body,,,,,小狗在赛跑前先做了热身运动,xiǎogǒu zài sàipǎo qián xiān zuò le rèshēn yùndòng,The puppy warmed up before the race
2730,人脉,rén mài,people connections,4,3,人,people,脉,artery;vein,,,,,他的人脉很广。,tā de rén mài hěn guǎng,He has wide connections.
2731,忍受,rěn shòu,endure;bear;put up with,4,3,残忍,cruel,受,receive,,,,,他无法忍受这么大的压力,tā wú fǎ rěn shòu zhè me dà de yā lì,he cannot endure such great pressure
2732,人为,rén wéi,artificial;man-made,4,3,人,person,因为,because,,,,,这是人为造成的。,zhè shì rén wéi zào chéng de,This was caused by humans.
2733,日记,rì jì,diary;journal,4,1,日,day,记得,remember,,,,,她每天写日记,tā měi tiān xiě rì jì,she writes a diary every day
2734,日元,rì yuán,Japanese yen,4,4,日本,Japan,元,dollar,,,,,我在日本买东西用日元。,wǒ zài rì běn mǎi dōng xi yòng rì yuán.,I used yen to buy things in Japan.
2735,融合,róng hé,fusion;integrate,4,3,融化,melt,合作,cooperation,,,,,不同文化在这里不断融合。,bù tóng wén huà zài zhè lǐ bù duàn róng hé.,Different cultures continuously blend here.
2736,容器,róng qì,container,4,3,容易,easy,机器,machine,,,,,把剩下的食物放进密封容器里。,bǎ shèng xià de shí wù fàng jìn mì fēng róng qì lǐ.,Put the leftover food into an airtight container.
2737,融入,róng rù,blend in;to integrate,4,2,熔化,melt,进入,enter,,,,,她很快融入了新的团队。,tā hěn kuài róng rù le xīn de tuán duì。,She quickly blended into the new team.
2738,容易相处,róng yì xiāng chǔ,easygoing,4,2,容易,easy,相处,get along,,,,,她是一个容易相处的人,Tā shì yī gè róngyì xiāngchǔ de rén,She is an easy-going person
2739,儒家,rú jiā,Confucianism,4,4,侏儒,midget,家人,family,,,,,他研究儒家思想。,tā yán jiū rú jiā sī xiǎng,He studies Confucianism.
2740,乳头,rǔ tóu,nipple,4,3,乳,breast;milk,头,head,,,,,医生检查了他的乳头是否异常。,yī shēng jiǎn chá le tā de rǔ tóu shì fǒu yì cháng,The doctor checked whether his nipple was abnormal.
2741,润肤露,rùn fū lù,body lotion,4,3,润湿,to moisten,皮肤,skin,露,dew,,,她每天用润肤露,tā měitiān yòng rùnfūlù,She uses lotion every day
2742,洒,sǎ,to spill,4,,,,,,,,,,他不小心把水洒在桌子上了。,tā bù xiǎoxīn bǎ shuǐ sǎ zài zhuōzi shàng le.,He accidentally spilled water on the table.
2743,赛百味,sài bǎi wèi,Subway,4,4,比赛,match,百,hundred,味道,taste,,,我中午在赛百味点了一个三明治,wǒ zhōng wǔ zài sài bǎi wèi diǎn le yī gè sān míng zhì,I ordered a sandwich at Subway for lunch
2744,三脚架,sān jiǎo jià,tripod,4,2,三,three,脚,foot,架,rack;shelf,,,拍视频最好用三脚架。,pāi shì pín zuì hǎo yòng sān jiǎo jià,It’s best to use a tripod when filming videos.
2745,三峡,sān xiá,"Three Gorges (Hubei;Chongqing), scenic river gorges on the Yangtze",4,4,三,three,峡谷,gorge;canyon,,,,,三峡的风景很壮丽。,sān xiá de fēng jǐng hěn zhuàng lì,The scenery of the Three Gorges is magnificent.
2746,桑拿,sāng ná,sauna,4,,-,,,,,,,,运动后去桑拿很放松。,yùn dòng hòu qù sāng ná hěn fàng sōng.,Going to the sauna after exercising is relaxing.
2747,扫帚,sào zhǒu,broom,4,,,,,,,,,,他拿着扫帚打扫房间,tā názhe sàozhou dǎsǎo fángjiān,he is sweeping the room with a broom
2748,色情,sè qíng,pornography,4,2,色,color,情,feeling,,,,,网上有很多色情内容,wǎng shàng yǒu hěn duō sè qíng nèi róng,there is a lot of pornography online
2749,晒太阳,shài tài yáng,sunbathing,4,3,晒,to bask,太阳,sun,,,,,我喜欢在海边晒太阳,wǒ xǐ huān zài hǎi biān shài tài yáng,i like sunbathing by the sea
2750,山洞,shān dòng,cave,4,1,山,mountain,洞,hole,,,,,我们在山洞里休息,Wǒmen zài shāndòng lǐ xiūxi,We rested inside the cave
2751,山脉,shān mài,mountain range,4,2,山,mountain,脉,blood vessels,,,,,这条山脉绵延数百公里。,Zhè tiáo shānmài miányán shù bǎi gōnglǐ.,This mountain range stretches for hundreds of kilometers.
2752,上床,shàng chuáng,go to bed,4,,,,,,,,,,他们上床是双方的决定,Tāmen shàng chuáng shì shuāngfāng de juédìng,They go to bed together by mutual decision
2753,上头了,shàng tóu le,turned on,4,2,上,raise,头,head,了,past tense,,,他最近对她上头了,tā zuì jìn duì tā shàng tóu le,He’s been totally into her lately
2754,烧掉,shāo diào,to burn,4,,,,,,,,,,旧文件都被烧掉了,Jiù wénjiàn dōu bèi shāodiào le,The old documents were all burned
2755,少林寺,shào lín sì,"Shaolin Temple (Henan, martial arts and Buddhist monastery)",4,2,少,few,森林,forest,寺庙,temple,,,少林寺以功夫闻名。,shào lín sì yǐ gōng fu wén míng,Shaolin Temple is famous for kung fu.
2756,社畜,shè chù,corporate slave,4,2,社,society,畜,livestock,,,,,他每天加班像个社畜,tā měi tiān jiā bān xiàng gè shè chù,he works overtime every day like a corporate slave
2757,社会问题,shè huì wèn tí,social issues,4,,,,,,,,,,贫富差距是一个社会问题,pín fù chā jù shì yī gè shè huì wèn tí,the wealth gap is a social problem
2758,社恐,shè kǒng,social phobia,4,,社交恐惧症,,,,,,,,他有点社恐,Tā yǒudiǎn shèkǒng,He has some social anxiety
2759,摄像机,shè xiàng jī,video camera,4,4,拍摄,to film,录像,to videotape,机,machine,,,记者举着摄像机拍摄,jì zhě jǔ zhe shè xiàng jī pāi shè,The reporter is filming with a video camera
2760,身材,shēn cái,body figure,4,3,身体,body,材料,material,,,,,她的身材很好,tā de shēn cái hěn hǎo,she has a good figure
2761,审查制度,shěn chá zhì dù,censorship,4,3,审查,to review;examine,制度,system,,,,,这个国家有严格的审查制度。,zhè gè guó jiā yǒu yán gé de shěn chá zhì dù。,This country has a strict censorship system.
2762,深度烘焙,shēn dù hōng bèi,dark roast,4,3,深,deep,度,degree,烘焙,to bake,,,我偏爱深度烘焙的咖啡,Wǒ piānài shēndù hōngbèi de kāfēi,I prefer dark roast coffee
2763,身份,shēn fèn,identity;id,4,2,身,body,股份,share (of stock),,,,,请出示您的身份证明,qǐng chū shì nín de shēn fèn zhèng míng,please show your identification
2764,深入,shēn rù,thorough,4,2,深,deep,入,enter,,,,,他对问题进行了深入分析,tā duì wèn tí jìn xíng le shēn rù fēn xī,he conducted an in depth analysis of the problem
2765,身体部位,shēn tǐ bù wèi,body part,4,4,身体,body,部位,position;location,,,,,医生检查了他的身体部位。,yī shēng jiǎn chá le tā de shēn tǐ bù wèi.,the doctor examined his body parts.
2766,圣地亚哥,shèng dì yà gē,San Diego,4,,,,,,,,,,圣地亚哥阳光很好,Shèngdìyàgē yángguāng hěn hǎo,San Diego has great sunshine
2767,生活方式,shēng huó fāng shì,lifestyle;way of life,4,3,生活,life,方式,style,,,,,我想换一种生活方式,Wǒ xiǎng huàn yī zhǒng shēnghuó fāngshì,I want to change my lifestyle
2768,省钱,shěng qián,save money,4,4,节省,to save;use sparingly,钱,money,,,,,她很会省钱从不乱花。,tā hěn huì shěng qián cóng bù luàn huā.,She is very good at saving money and never spends recklessly.
2769,省长,shěng zhǎng,governor,4,2,省,province,长官,senior official,,,,,省长今天来学校参观,shěng zhǎng jīn tiān lái xué xiào cān guān,The governor came to visit the school today
2770,绳子,shéng zǐ,leash;rope,4,,,,,,,,,,请把绳子拉紧,qǐng bǎ shéng zi lā jǐn,please pull the rope tight
2771,适度,shì dù,moderate;moderation,4,2,适合,suitable,程度,degree;extent,,,,,运动要适度。,yùn dòng yào shì dù.,exercise should be moderate.
2772,师范学校,shī fàn xué xiào,normal school;teacher training school,4,4,老师,teacher,规范,norm;specification,学校,school,,,她毕业于师范学校。,Tā bìyè yú shīfàn xuéxiào.,She graduated from a teacher training school.
2773,十分,shí fēn,very;extremely,4,2,十,ten,分,part,,,,,我十分同意你的看法,Wǒ shífēn tóngyì nǐ de kànfǎ,I fully agree with your view
2774,世界反法西斯战争,shì jiè fǎn fǎ xī sī zhàn zhēng,World Anti-Fascist War; WWII,4,2,世界,world,反对,oppose,法西斯,fascism,战争,war,中国是世界反法西斯战争的重要参与者。,zhōng guó shì shì jiè fǎn fǎ xī sī zhàn zhēng de zhòng yào cān yù zhě.,china was an important participant in the world anti-fascist war.
2775,世界观,shì jiè guān,worldview,4,,,,,,,,,,他的世界观很开放,tā de shì jiè guān hěn kāi fàng,his worldview is very open
2776,失眠,shī mián,insomnia,4,2,失,lose,眠,sleep,,,,,他经常失眠,tā jīng cháng shī mián,he often suffers from insomnia
2777,史努比,shǐ nǔ bǐ,Snoopy,4,,-,,,,,,,,史努比是一只可爱的狗。,shǐ nǔ bǐ shì yì zhī kě ài de gǒu.,snoopy is a cute dog.
2778,食谱,shí pǔ,recipe,4,5,食物,food,离谱,excessive;outrageous,,,,,这是我最喜欢的食谱。,zhè shì wǒ zuì xǐ huān de shí pǔ。,This is my favorite recipe.
2779,实时监测,shí shí jiān cè,real-time monitoring,4,,,,,,,,,,医生对心率进行实时监测,Yīshēng duì xīnlǜ jìnxíng shíshí jiāncè,The doctor performs real time monitoring of the heart rate
2780,试用期,shì yòng qí,trial period,4,2,试,try,用,to use,期,period of time,,,我还在公司的试用期内,Wǒ hái zài gōngsī de shìyòngqī nèi,I’m still in the company’s probation period
2781,首付,shǒu fù,down payment,4,3,首,first,支付,pay,,,,,买房需要准备首付。,mǎi fáng xū yào zhǔn bèi shǒu fù。,Buying a house requires a down payment.
2782,收购,shōu gòu,acquisition,4,4,收,to receive,购买,buy,,,,,这家公司被大企业收购了。,zhè jiā gōng sī bèi dà qǐ yè shōu gòu le.,The company was acquired by a large corporation.
2783,收款码,shōu kuǎn mǎ,QR code for receiving payment,4,3,收,receive,付款,payment,号码,code,,,请扫我的收款码。,qǐng sǎo wǒ de shōu kuǎn mǎ,Please scan my payment code.
2784,售卖,shòu mài,to sell,4,5,销售,sell,卖,sell,,,,,店里售卖各种当地特产。,diàn lǐ shòu mài gè zhǒng dāng dì tè chǎn.,The store sells various local specialties.
2785,受伤,shòu shāng,to be injured;wounded,4,2,受,to receive,伤,injury,,,,,他在比赛中受伤了,Tā zài bǐsài zhōng shòushāng le,He was injured during the match
2786,首饰,shǒu shì,jewelry,4,3,首先,first,装饰,decoration,,,,,她的首饰盒里有很多珍珠项链,tā de shǒu shì hé lǐ yǒu hěn duō zhēn zhū xiàng liàn,Her jewelry box has many pearl necklaces
2787,收银员,shōu yín yuán,cashier,4,1,收,receive,银,silver,员,staff,,,收银员给了我找零,shōu yín yuán gěi le wǒ zhǎo líng,the cashier gave me change
2788,鼠标,shǔ ​biāo,computer mouse,4,2,小鼠,mouse,目标,target,,,,,请用鼠标点击图标,qǐng yòng shǔ biāo diǎn jī tú biāo,please click the icon with the mouse
2789,数量,shù liàng,quantity;amount,4,2,数,number,量,measure,,,,,这个订单的数量很大,Zhège dìngdān de shùliàng hěn dà,This order has a large quantity
2790,数码,shù mǎ,digital,4,2,数,number,码,code,,,,,我买了一台新的数码相机,Wǒ mǎi le yì tái xīn de shùmǎ xiàngjī,I bought a new digital camera
2791,输入法,shū rù fǎ,input method,4,3,输入,to input,办法,means,,,,,我手机的输入法是拼音,Wǒ shǒujī de shūrùfǎ shì pīnyīn,The input method on my phone is pinyin
2792,属于,shǔ yú,belong to,4,,-,,,,,,,,这本书属于我。,zhè běn shū shǔ yú wǒ.,This book belongs to me.
2793,刷到,shuā dào,come across (online),4,2,刷,scroll;swipe,到达,arrive,,,,,我刚刷到这个视频。,wǒ gāng shuā dào zhè gè shì pín,I just came across this video.
2794,双方,shuāng fāng,both sides,4,4,双,pair,方面,side,,,,,双方最终达成了协议。,shuāng fāng zuì zhōng dá chéng le xié yì,Both sides finally reached an agreement.
2795,水产品,shuǐ chǎn pǐn,wet market products,4,4,水,water,产品,product,,,,,这里的水产品很新鲜。,zhè lǐ de shuǐ chǎn pǐn hěn xīn xiān。,The seafood here is fresh.
2796,说服,shuì fú,persuade,4,2,说,say,衣服,clothes,,,,,他终于说服了父母同意,tā zhōng yú shuō fú le fù mǔ tóng yì,he finally convinced his parents to agree
2797,水母,shuǐ mǔ,jellyfish,4,1,水,water,母亲,mother,,,,,海里有很多透明的水母,hǎi lǐ yǒu hěn duō tòu míng de shuǐ mǔ,there are many transparent jellyfish in the sea
2798,税前工资,shuì qián gōng zī,Pre-tax salary,4,,,,,,,,,,我的税前工资还可以,Wǒ de shuìqián gōngzī hái kěyǐ,My pre-tax salary is okay
2799,顺便,shùn biàn,conveniently;in passing,4,3,顺利,smoothly,方便,convenient,,,,,我顺便去买东西,wǒ shùn biàn qù mǎi dōng xī,i will buy something on the way
2800,顺丰,shùn fēng,SF Express,4,4,顺利,smooth,丰富,rich;abundant,,,,,我用顺丰寄了一个包裹。,wǒ yòng shùn fēng jì le yí gè bāo guǒ。,I sent a package via SF Express.
2801,说明书,shuō míng shū,(user) manual,4,1,说明,to explain,书,book,,,,,请仔细阅读说明书,qǐng zǐ xì yuè dú shuō míng shū,please read the manual carefully
2802,私处,sī chù,private part,4,4,私人,private,处,place,,,,,医生提醒要注意清洁私处,yīshēng tíxǐng yào zhùyì qīngjié sīchù,the doctor reminded her to keep her private part clean
2803,私人电风扇,sī rén diàn fēng shàn,personal fan,4,4,私人,private,电,electric,风扇,fan,,,我买了私人电风扇,Wǒ mǎi le sīrén diàn fēngshàn,I bought a personal fan
2804,撕下,sī xià,tear off,4,4,撕,tear,下,down,,,,,他把标签撕下来了。,tā bǎ biāo qiān sī xià lái le.,He tore off the label.
2805,松果,sōng guǒ,pine cone,4,3,松树,pine tree,水果,fruit,,,,,孩子们在森林里捡松果。,hái zi men zài sēn lín lǐ jiǎn sōng guǒ。,Kids collected pine cones in the forest.
2806,松树,sōng shù,pine tree,4,3,放松,relax,树,tree,,,,,松树四季常绿。,sōng shù sì jì cháng lǜ.,pine trees stay green year-round.
2807,酸橙,suān chéng,lime,4,1,酸,sour,橙,orange,,,,,酸橙很酸,Suānchéng hěn suān,Limes are very sour
2808,算命,suàn mìng,fortune telling,4,2,算,count,命,life,,,,,她去庙里算命希望知道未来,tā qù miào lǐ suànmìng xīwàng zhīdào wèilái,She went to the temple to have her fortune told
2809,太平洋,tài píng yáng,pacific ocean,4,2,太,too,平,flat,洋,ocean,,,太平洋面积最大。,tài píng yáng miàn jī zuì dà.,the pacific ocean is the largest.
2810,抬头,tái tóu,to look up;raise head,4,3,抬,to lift,头,head,,,,,请抬头看天,qǐng tái tóu kàn tiān,please look up at the sky
2811,碳水化合物,tàn shuǐ huà hé wù,carbohydrate,4,3,碳,carbon,水,water,化合物,compound,,,面包含有碳水化合物,Miànbāo hányǒu tànshuǐ huàhéwù,Bread contains carbohydrates
2812,堂哥,táng gē,older male cousin (father's brother's child),4,3,堂,hall,哥哥,older brother,,,,,堂哥最近结婚了,táng gē zuì jìn jié hūn le,My older male cousin recently got married
2813,糖尿病,táng niào bìng,diabetes,4,1,糖,sugar,尿,urine,病,illness,,,糖尿病需要长期治疗,táng niào bìng xū yào cháng qī zhì liáo,diabetes requires long term treatment
2814,逃避,táo bì,escape,4,,,,,,,,,,你不能一直逃避现实。,nǐ bù néng yīzhí táobì xiànshí.,You can't keep avoiding reality.
2815,逃跑,táo pǎo,run away;escape,4,3,逃,jump,跑,run,,,,,小偷被发现后立刻逃跑了,xiǎo tōu bèi fā xiàn hòu lì kè táo pǎo le,The thief immediately ran away after being discovered
2816,淘气,táo qì,naughty;mischievous,4,4,淘,to clean out,生气,to get angry,,,,,孩子很淘气,hái zi hěn táo qì,the child is naughty
2817,特点,tè diǎn,characteristic feature;trait,4,3,特,special,点,point,,,,,这道菜有什么特点,zhè dào cài yǒu shén me tè diǎn,what is special about this dish
2818,体臭,tǐ chòu,body odor,4,3,体,body,臭,smelly,,,,,夏天容易出汗有体臭。,xiàtiān róngyì chūhàn yǒu tǐ chòu.,In summer it’s easy to sweat and have body odor.
2819,剃刀,tì dāo,razor,4,2,剃,to shave,刀,knife,,,,,这把剃刀很锋利。,zhè bǎ tì dāo hěn fēng lì.,this razor is very sharp.
2820,替换,tì huàn,to substitute;exchange,4,3,代替,replace,换,to change,,,,,请替换电池,qǐng tì huàn diàn chí,please replace the battery
2821,舔狗,tiǎn gǒu,simp,4,2,舔,licking,狗,dog,,,,,他为了她什么都愿意做简直就是个舔狗,tā wèile tā shénme dōu yuànyì zuò jiǎnzhí jiùshì gè tiǎn gǒu,he is willing to do anything for her he is basically a simp
2822,天花板,tiān huā bǎn,ceiling,4,2,天,sky,花,flower,板,board,,,房间的天花板上装着漂亮的灯,fáng jiān de tiān huā bǎn shàng zhuāng zhe piào liang de dēng,A beautiful lamp is installed on the ceiling
2823,天猫,tiān māo,Chinese Amazon;Sky cat,4,4,天,sky,猫,cat,,,,,他在天猫买了一双运动鞋,tā zài tiānmāo mǎile yìshuāng yùndòng xié,He bought a pair of sneakers on Tmall
2824,甜甜圈,tián tián quān,donut;doughnut,4,2,甜,sweet,甜,sweet,圈,circle,,,我买了一个甜甜圈,wǒ mǎi le yī gè tián tián quān,I bought a donut
2825,天真,tiān zhēn,innocent;naive,4,2,天,God,真,true ,,,,,她很天真可爱,Tā hěn tiānzhēn kě’ài,She is very innocent and cute
2826,调快,tiáo kuài,to speed up (playback),4,3,调整,adjust,快,fast,,,,,你可以把播放速度调快一点。,nǐ kě yǐ bǎ bò fàng sù dù tiáo kuài yì diǎn,You can speed up the playback a bit.
2827,调情,tiáo qíng,flirt,4,2,调,to tune,情,feeling,,,,,他们在派对上调情,Tāmen zài pàiduì shàng tiáoqíng,They were flirting at the party
2828,贴身,tiē shēn,fitting;close to body,4,3,贴,to stick on,身体,body,,,,,这件衣服很贴身。,zhè jiàn yī fu hěn tiē shēn,These clothes fit closely to the body.
2829,停产,tíng chǎn,discontinued;stop production,4,2,停,stop,生产,to produce,,,,,这款产品已经停产,Zhè kuǎn chǎnpǐn yǐjīng tíngchǎn,This product has been discontinued
2830,停电,tíng diàn,power outage,4,2,停,stop,电,electricity,,,,,昨晚停电了一个小时。,zuó wǎn tíng diàn le yī gè xiǎo shí。,There was a one-hour power outage last night.
2831,同步,tóng bù,synchronized;synchronous,4,1,同,same,步,step,,,,,这两台机器可以同步运行,Zhè liǎng tái jīqì kěyǐ tóngbù yùnxíng,These two machines can run in sync
2832,同居,tóng jū,live together (unmarried),4,3,同,together,居住,to reside,,,,,他们决定同居试试看。,tāmen juédìng tóng jū shì shì kàn.,They decided to live together and see how it goes.
2833,同情,tóng qíng,sympathy,4,1,同,same,情,feeling,,,,,我很同情他的遭遇,wǒ hěn tóng qíng tā de zāo yù,i sympathize with his experience
2834,同时,tóng shí,at the same time;simultaneously,4,3,同,same,时,time,,,,,她在工作同时学习,tā zài gōng zuò tóng shí xué xí,she works and studies at the same time
2835,投票,tóu piào,vote,4,4,投资,to invest,票,slip of paper,,,,,很多市民参加了投票。,hěn duō shìmín cānjiā le tóupiào,Many citizens took part in the vote.
2836,头三,tóu sān,first three,4,,,,,,,,,,比赛的头三名有奖励,bǐsài de tóusān míng yǒu jiǎnglì,the top three of the competition get rewards
2837,头条,tóu tiáo,headline,4,3,头,headline,条,strip,,,,,这条新闻登上了头条。,zhè tiáo xīn wén dēng shàng le tóu tiáo。,This news made the headlines.
2838,骰子,tóu zi,dice,4,,,,,,,,,,请掷骰子决定谁先开始,qǐng zhì tóu zi jué dìng sheí xiān kāi shǐ,please roll the dice to decide who goes first
2839,推迟,tuī chí,postpone,4,2,推,push,迟到,to arrive late,,,,,如果下雨活动就推迟,Rúguǒ xiàyǔ huódòng jiù tuīchí,If it rains the event will be postponed
2840,托福,tuō fú,TOEFL,4,2,拜托,please,幸福,fortune,,,,,她准备考托福。,tā zhǔn bèi kǎo tuō fú。,She is preparing for the TOEFL.
2841,瓦,wǎ,watt,4,,-,,,,,,,,这个灯泡的功率是十瓦。,zhè ge dēng pào de gōng lǜ shì shí wǎ.,This light bulb is 10 watts.
2842,外放,wài fàng,play audio aloud,4,3,外,outside,播放,broadcast,,,,,请不要在地铁里外放视频。,qǐng bú yào zài dì tiě lǐ wài fàng shì pín,Please don’t play videos aloud on the subway.
2843,外来词,wài lái cí,foreign word;loanword,4,4,外,foreign,来,come,词,word,,,鹦鹉学会了一个外来词,yīngwǔ xuéhuì le yí ge wàiláicí,The parrot learned a loanword
2844,外婆家,wài pó jiā,Grandma’s Home,4,,,,,,,,,,外婆家的中餐总是很多人,wài pó jiā de zhōng cān zǒng shì hěn duō rén,Grandma’s Home is always crowded
2845,外甥,wài shēng,nephew;sister’s son,4,,,,,,,,,,外甥最近学会骑车了,wài sheng zuì jìn xué huì qí chē le,My nephew learned to ride a bike recently
2846,外甥女,wài shēng nǚ,niece;sister’s daughter,4,,,,,,,,,,外甥女很懂事,wài sheng nǚ hěn dǒng shì,My niece is very sensible
2847,外孙,wài sūn,grandson (daughter’s son),4,3,外,outside,孙子,grandson,,,,,我外孙今天第一次上幼儿园,wǒ wài sūn jīn tiān dì yī cì shàng yòu ér yuán,My daughter’s son went to kindergarten for the first time today
2848,外孙女,wài sūn nǚ,granddaughter (daughter’s daughter),4,3,外,outside,孙女,granddaughter,,,,,外孙女特别黏我天天都要视频,wài sūn nǚ tè bié nián wǒ tiān tiān dōu yào shì pín,My daughter’s daughter is very clingy and wants video calls every day
2849,旺季,wàng jì,peak season,4,3,旺盛,exuberant,季节,season,,,,,暑假是旅游旺季。,shǔ jià shì lǚ yóu wàng jì.,Summer vacation is peak tourist season.
2850,网络安全,wǎng luò ān quán,cybersecurity,4,,,,,,,,,,提高网络安全意识很重要,tí gāo wǎng luò ān quán yì shí hěn zhòng yào,improving cybersecurity awareness is important
2851,网上,wǎng shàng,On the internet,4,,,,,,,,,,网上大部分人说这部电影很好看,wǎngshàng dà bùfen rén shuō zhè bù diànyǐng hěn hǎokàn,most people online say this movie is very good
2852,汪汪,wāng wāng,woof woof,4,,,,,,,,,,小狗在门口汪汪叫,Xiǎo gǒu zài ménkǒu wāngwāng jiào,The little dog is barking at the door
2853,网易,wǎng yì,Netease,4,3,网络,network,容易,easy,,,,,网易有很多游戏。,wǎng yì yǒu hěn duō yóu xì.,netease has many games.
2854,未认证,wèi rèn zhèng,unauthenticated,4,,,,,,,,,,未认证用户不能发表评论,Wèi rènzhèng yònghù bùnéng fābiǎo pínglùn,Unverified users cannot post comments
2855,维吾尔族人,wéi wú 'ěr zú rén,Uyghurs,4,,,,,,,,,,新疆有很多维吾尔族人,xīnjiāng yǒu hěn duō wéiwúěr zúrén,There are many Uyghur people in Xinjiang
2856,违者,wéi zhě,violator;offender,4,3,违法,illegal,者,one who,,,,,违者将被处罚,wéizhě jiāng bèi chǔfá,violators will be punished
2857,未知,wèi zhī,unknown,4,3,未,not yet,知,know,,,,,未来充满未知,wèi lái chōng mǎn wèi zhī,the future is full of the unknown
2858,闻见,wén jiàn,to notice a smell,4,,,,,,,,,,我闻见了花的香味,wǒ wén jiàn le huā de xiāng wèi,I smelled the fragrance of flowers
2859,文件夹,wén jiàn jiā,folder,4,3,文件,document,夹,wedged between,,,,,文件夹里有资料。,wén jiàn jiā lǐ yǒu zī liào.,there are materials in the folder.
2860,文凭,wén píng,diploma,4,2,文化,culture,凭证,certificate,,,,,这份工作要求大学文凭。,zhè fèn gōng zuò yāo qiú dà xué wén píng,This job requires a university diploma.
2861,温泉,wēn quán,hot spring,4,4,温暖,warm,泉,spring,,,,,我们周末去泡温泉吧。,wǒ men zhōu mò qù pào wēn quán ba,Let’s go to the hot spring this weekend.
2862,文物,wén wù,relic,4,1,文化,culture,物,thing,,,,,博物馆里有很多文物,bó wù guǎn lǐ yǒu hěn duō wén wù,the museum has many artifacts
2863,文字稿,wén zì gǎo,transcript,4,4,文字,text;writing,手稿,manuscript,,,,,演讲的文字稿已经发布。,yǎn jiǎng de wén zì gǎo yǐ jīng fā bù.,The transcript of the speech has been released.
2864,握手,wò shǒu,shake hands,4,4,掌握,to seize;control,手,hand,,,,,见面时我们握手。,jiàn miàn shí wǒ men wò shǒu。,We shook hands when we met.
2865,误导,wù dǎo,to mislead,4,3,错误,mistake,指导,to guide,,,,,广告不能误导消费者。,guǎng gào bù néng wù dǎo xiāo fèi zhě.,Advertisements must not mislead consumers.
2866,乌龟,wū guī,turtle,4,,,,,,,,,,花园里有一只乌龟,huā yuán lǐ yǒu yī zhī wū guī,There is a turtle in the garden
2867,物理治疗,wù lǐ zhì liáo,physical therapy,4,4,物理,physics,治疗,therapy,,,,,医生建议他做物理治疗,yī shēng jiàn yì tā zuò wù lǐ zhì liáo,The doctor suggested he undergo physical therapy
2868,污水,wū shuǐ,sewage;wastewater,4,2,污染,pollution,水,water,,,,,污水需要处理。,wū shuǐ xū yào chǔ lǐ,Wastewater needs treatment.
2869,无私,wú sī,unselfish;selfless,4,2,无,not,私人,private,,,,,她做事很无私,tā zuò shì hěn wú sī,she is selfless
2870,乌鸦,wū yā,crow,4,,-,,,,,,,,乌鸦在屋顶上叫。,wū yā zài wū dǐng shàng jiào.,The crow is cawing on the roof.
2871,物业费,wù yè fèi,propery management fee,4,3,物,thing,企业,enterprise,费用,fee,,,每个月都要交物业费。,měi gè yuè dōu yào jiāo wù yè fèi.,You have to pay property fees every month.
2872,无印良品,wú yìn liáng pǐn,Muji,4,4,无,no,打印,print,良好,good,品,product,无印良品的文具很受欢迎,wú yìn liáng pǐn de wén jù hěn shòu huān yíng,Muji stationery is very popular
2873,物种,wù zhǒng,species,4,2,生物,biology,种类,kind;type,,,,,地球上存在着无数物种。,dì qiú shàng cún zài zhe wú shù wù zhǒng.,there are countless species on earth.
2874,污渍,wū zì,stain,4,,,,,,,,,,这件衬衫上有咖啡污渍。,zhè jiàn chènshān shàng yǒu kāfēi wū zì.,There’s a coffee stain on this shirt.
2875,戏服,xì fú,costume,4,1,游戏,game,衣服,clothes,,,,,演员们正在换戏服,Yǎnyuánmen zhèngzài huàn xìfú,The actors are changing costumes
2876,洗干净,xǐ gān jìng,to wash clean,4,,,,,,,,,,请把水果洗干净再吃,qǐng bǎ shuǐ guǒ xǐ gān jìng zài chī,Please wash the fruit clean before eating
2877,嘻哈,xī hā,hip hop,4,,-,,,,,,,,嘻哈文化在年轻人中很流行。,xī hā wén huà zài nián qīng rén zhōng hěn liú xíng.,Hip-hop culture is popular among young people.
2878,西湖醋鱼,xī hú cù yú,West Lake vinegar fish,4,3,西湖,West Lake,醋,vinegar,鱼,fish,,,西湖醋鱼是杭州名菜。,xī hú cù yú shì háng zhōu míng cài.,West Lake vinegar fish is a famous dish from Hangzhou.
2879,洗洁精,xǐ jié jīng,dish soap,4,3,洗,wash,清洁,clean,精神,spirit,,,我用洗洁精洗碗。,wǒ yòng xǐ jié jīng xǐ wǎn.,i wash dishes with dish soap.
2880,细菌,xì jūn,bacteria;germ,4,,-,,,,,,,,洗手可以减少细菌传播。,xǐ shǒu kě yǐ jiǎn shǎo xì jūn chuán bō,Washing hands can reduce the spread of bacteria.
2881,洗碗液,xǐ wǎn yè,dish soap,4,3,洗,wash,碗,bowl,液,sap;liquid,,,洗碗液用完了。,xǐ wǎn yè yòng wán le.,the dish soap is used up.
2882,虾滑,xiā huá,shrimp paste,4,3,虾,shrimp,滑,slippery,,,,,火锅里我最喜欢点虾滑。,huǒ guō lǐ wǒ zuì xǐ huān diǎn xiā huá.,shrimp paste is my favorite hotpot item.
2883,虾皮,xiā pí,dried shrimp,4,,,,,,,,,,汤里放了一点虾皮,tāng lǐ fàng le yī diǎn xiā pí,there is some dried shrimp in the soup
2884,吓人的,xià rén de,scary,4,3,吓,to scare,人,person,的,adjectival suffix,,,这部恐怖片太吓人了,Zhè bù kǒngbù piān tài xiàrén le,This horror movie is really scary
2885,下水道,xià shuǐ dào,sewer; drain,4,2,下,below,水,water,道,road,,,下水道堵住了。,xià shuǐ dào dǔ zhù le.,The drain is clogged.
2886,下头了,xià tóu le,turned off,4,2,下,lower,头,head,了,past tense,,,他一说话我就下头了,tā yí shuō huà wǒ jiù xià tóu le,I totally lost interest the moment he started talking
2887,夏威夷,xià wēi yí,Hawaii,4,,-,,,,,,,,夏威夷以海滩和阳光闻名。,xiàwēiyí yǐ hǎitān hé yángguāng wénmíng,Hawaii is famous for beaches and sunshine.
2888,下一,xià yī,the next,4,,,,,,,,,,我们在下一家酒店见面,wǒmen zài xià yī jiā jiǔdiàn jiànmiàn,we will meet at the next hotel
2889,馅,xiàn,stuffing;filling,4,,-,,,,,,,,这个包子是什么馅的？,zhè ge bāo zi shì shén me xiàn de?,What filling does this bun have?
2890,馅饼,xiàn bǐng,pie,4,2,馅,stuffing,饼,cake,,,,,她做了一个苹果馅饼,tā zuò le yī gè píng guǒ xiàn bǐng,she made an apple pie
2891,陷入,xiàn rù,sink into;fall into,4,3,陷阱,trap,进入,enter,,,,,他陷入了困境。,tā xiàn rù le kùn jìng.,He fell into difficulty.
2892,限速,xiàn sù,speed limit,4,4,限,limit,速度,speed,,,,,这条路限速六十。,zhè tiáo lù xiàn sù liù shí.,the speed limit on this road is sixty.
2893,纤维,xiān wéi,(dietary) fiber,4,,,,,,,,,,这种食物有很多纤维,zhè zhǒng shíwù yǒu hěn duō xiānwéi,this food has a lot of fiber
2894,线香,xiàn xiāng,incense sticks,4,2,线,line,香,fragrant,,,,,寺庙里燃烧着线香,sì miào lǐ rán shāo zhe xiàn xiāng,incense sticks are burning in the temple
2895,相处,xiāng chǔ,get along,4,,,,,,,,,,他们相处得很好,tā men xiāng chǔ de hěn hǎo,they get along very well
2896,相当,xiāng dāng,quite;equivalent to,4,4,相关,related,当时,at that time,,,,,这个问题相当复杂。,zhè gè wèn tí xiāng dāng fù zá,This problem is quite complex.
2897,相对,xiāng duì,relatively,4,4,相关,related,对方,counterpart,,,,,这个价格相对便宜。,zhè gè jià gé xiāng duì pián yi。,This price is relatively cheap.
2898,相同的,xiāng tóng de,same,4,,,,,,,,,,他们有相同的兴趣,tāmen yǒu xiāngtóng de xìngqù,they have the same interests
2899,象征,xiàng zhēng,emblem;symbol;to symbolize,4,3,象,elephant,征服,to conquer,,,,,鸽子象征和平,gē zi xiàng zhēng hé píng,the dove symbolizes peace
2900,小丑,xiǎo chǒu,clown,4,2,小,little,丑,ugly,,,,,马戏团里有很多小丑,mǎ xì tuán lǐ yǒu hěn duō xiǎo chǒu,there are many clowns in the circus
2901,消毒,xiāo dú,to disinfect,4,4,取消,cancel,毒,poison,,,,,进门前请先消毒。,jìn mén qián qǐng xiān xiāo dú.,Please disinfect before entering.
2902,消毒棉签,xiāo dú mián qiān,sterile cotton swab,4,3,取消,to cancel,毒,poison,棉花,cotton,签,bamboo stick,医生用消毒棉签清理伤口,Yīshēng yòng xiāodú miánqiān qīnglǐ shāngkǒu,The doctor cleaned the wound with a disinfected cotton swab
2903,小姑娘,xiǎo gū niang,young girl,4,4,小,small,姑娘,girl,,,,,那个小姑娘很可爱。,nà gè xiǎo gū niang hěn kě ài。,That little girl is cute.
2904,小看,xiǎo kàn,to underestimate;look down on,4,1,小,small,看,look,,,,,别小看新人,Bié xiǎokàn xīnrén,Do not underestimate newcomers
2905,小猫,xiǎo māo,kitten,4,,,,,,,,,,那只小猫正在睡觉。,nà zhī xiǎo māo zhèng zài shuì jiào.,That kitten is sleeping.
2906,消息,xiāo xī,messages;information,4,,,,,,,,,,我收到了一条好消息,wǒ shōu dào le yī tiáo hǎo xiāo xī,i received good news
2907,小于,xiǎo yú,less than,4,,,,,,,,,,这个数小于一百，所以不需要进位。,"zhè gè shù xiǎo yú yì bǎi, suǒ yǐ bù xū yào jìn wèi","This number is less than one hundred, so no carrying is needed."
2908,小指,xiǎo zhǐ,pinky finger,4,1,小,small,手指,finger,,,,,他的小指受伤了。,tā de xiǎo zhǐ shòu shāng le,His pinky finger was injured.
2909,小众,xiǎo zhòng,niche,4,1,小,small,观众,audience,,,,,这家店很小众但很有特色。,zhè jiā diàn hěn xiǎo zhòng dàn hěn yǒu tè sè,This shop is niche but unique.
2910,协会,xié huì,association,4,3,协议,protocol;agreement,会议,meeting,,,,,他加入了摄影协会。,tā jiā rù le shè yǐng xié huì.,He joined the photography association.
2911,写字楼,xiě zì lóu,office building,4,3,写,write,文字,character;writing,楼,building,,,他在写字楼上班。,tā zài xiě zì lóu shàng bān.,He works in an office building.
2912,心疼,xīn téng,concerned;feel sorry for someone,4,1,心,heart,疼,ache,,,,,看到他受伤我很心疼,Kàndào tā shòushāng wǒ hěn xīnténg,I feel distressed seeing him injured
2913,新闻联播,xīn wén lián bō,Xinwen Lianbo;CCTV news,4,3,新闻,news,联邦,federal,广播,broadcast,,,我每天晚上看新闻联播。,wǒ měi tiān wǎn shàng kàn xīn wén lián bō.,i watch cctv news every evening.
2914,行动,xíng dòng,action,4,3,行,walk,动,move,,,,,赶紧行动吧。,gǎn jǐn xíng dòng ba,Act quickly.
2915,性感,xìng gǎn,sexy,4,2,性爱,sex,感觉,feeling,,,,,她穿这条裙子很性感,tā chuān zhè tiáo qúnzi hěn xìnggǎn,she looks sexy in this dress
2916,行李袋,xíng lǐ dài,duffel bag,4,3,行李,luggage,袋,bag,,,,,他提着一个行李袋,tā tí zhe yī gè xínglǐdài,he carried a duffel bag
2917,行李寄存,xíng lǐ jì cún,luggage storage,4,4,行李,luggage,寄存,to deposit;store,,,,,车站提供行李寄存服务。,chē zhàn tí gōng xíng lǐ jì cún fú wù.,the station offers luggage storage service.
2918,行人,xíng rén,pedestrian,4,1,行,walk,人,person,,,,,行人正在过马路,xíng rén zhèng zài guò mǎ lù,the pedestrian is crossing the street
2919,星座,xīng zuò,zodiac sign,4,2,星,star,座位,position,,,,,你是什么星座的,nǐ shì shén me xīng zuò de,what’s your zodiac sign
2920,修改,xiū gǎi,to amend;modify,4,3,装修,to decorate,改,change,,,,,请你修改一下这份文件,Qǐng nǐ xiūgǎi yīxià zhè fèn wénjiàn,Please make some edits to this document
2921,修身T恤,xiū shēn tī xù,slim fit T shirt,4,3,装修,to decorate,身体,body,T恤,T-shirt,,,这件修身T恤很好看,zhè jiàn xiū shēn tī xù hěn hǎo kàn,This slim fit T shirt looks great
2922,选民,xuǎn mín,voters,4,2,选择,choose,人民,people,,,,,选民正在投票。,xuǎn mín zhèng zài tóu piào。,Voters are casting ballots.
2923,学费,xué fèi,tuition,4,1,学习,study,费用,fee,,,,,这学期学费已经交了,zhè xué qī xué fèi yǐ jīng jiāo le,The tuition for this semester has been paid
2924,靴子,xuē zi,boots,4,,-,,,,,,,,冬天我喜欢穿靴子。,dōng tiān wǒ xǐ huān chuān xuē zi.,I like wearing boots in winter.
2925,哑巴英语者,yǎ bā yīng yǔ zhě,mute English learners,4,4,哑巴,mute,英语,English,者,one who,,,他是个哑巴英语者只能听不能说,tā shì gè yǎ bā yīng yǔ zhě zhǐ néng tīng bù néng shuō,he is a mute English learner who can only listen but not speak
2926,压抑,yā yì,oppressive; repressed,4,3,压力,pressure,抑郁,depressed,,,,,长期加班让他感到很压抑。,cháng qī jiā bān ràng tā gǎn dào hěn yā yì。,Working overtime for a long time made him feel depressed.
2927,牙龈,yá yín,gums,4,4,牙齿,tooth,龈,to knaw,,,,,刷牙时牙龈出血了。,shuāyá shí yáyín chūxuè le,His gums bled while brushing his teeth.
2928,延迟,yán chí,to delay;delayed,4,,,,,,,,,,航班延迟了两小时,háng bān yán chí le liǎng xiǎo shí,the flight was delayed by two hours
2929,眼皮,yǎn pí,eyelid,4,1,眼,eye,皮,skin,,,,,她的眼皮很重,tā de yǎn pí hěn zhòng,her eyelids feel heavy
2930,眼屎,yǎn shǐ,eye booger,4,1,眼,eye,屎,shit,,,,,早上醒来眼睛有眼屎,Zǎoshang xǐng lái yǎnjīng yǒu yǎnshǐ,There is eye gunk after waking up in the morning
2931,眼罩,yǎn zhào,eye mask,4,3,眼睛,eye,口罩,mask,,,,,戴上眼罩睡觉。,dài shàng yǎn zhào shuì jiào,Wear an eye mask to sleep.
2932,养老院,yǎng lǎo yuàn,nursing home,4,1,养,to support,老,old,院,institution,,,老人住在养老院,lǎo rén zhù zài yǎng lǎo yuàn,the elderly live in nursing homes
2933,羊毛,yáng máo,wool,4,1,羊,sheep,毛,hair,,,,,这件衣服是羊毛的,zhè jiàn yī fú shì yáng máo de,this piece of clothing is made of wool
2934,杨梅,yáng méi,bayberry,4,4,白杨树,poplar,梅,plum,,,,,我很喜欢吃杨梅。,Wǒ hěn xǐhuan chī yángméi.,I really like eating bayberries.
2935,央视,yāng shì,China Central Television (CCTV),4,3,中央,central,电视,television,,,,,央视直播了比赛。,yāng shì zhí bō le bǐ sài。,CCTV broadcast the match live.
2936,药膏,yào gāo,ointment,4,1,药,medicine,膏,paste,,,,,医生给我开了一种药膏,yīshēng gěi wǒ kāi le yī zhǒng yàogāo,The doctor prescribed me an ointment
2937,摇滚,yáo gǔn,rock and roll,4,4,摇,to wag;shake;rock,滚动,to roll,,,,,他是摇滚乐迷。,tā shì yáo gǔn yuè mí.,He is a rock music fan.
2938,药师,yào shī,pharmacist,4,2,药,medicine,师傅,master,,,,,药师帮我配药,Yàoshī bāng wǒ pèi yào,The pharmacist helped me prepare the medicine
2939,业余,yè yú,amateur;in spare time,4,2,业,profession,其余,the remaining;rest of,,,,,他是个业余画家,tā shì gè yè yú huà jiā,he is an amateur painter
2940,一带一路提议,yí dài yí lù tí yì,Belt and Road Initiative,4,4,一带,one belt,一路,one road,提议,proposal,,,一带一路提议影响深远。,yí dài yí lù tí yì yǐng xiǎng shēn yuǎn,The Belt and Road Initiative has far-reaching impact.
2941,议会,yì huì,parliament,4,4,建议,to suggest,会议,meeting,,,,,议会今天召开会议。,yì huì jīn tiān zhào kāi huì yì。,Parliament met today.
2942,宜家,yí jiā,IKEA,4,3,便宜,cheap,家,home,,,,,宜家的家具种类很多,yí jiā de jiā jù zhǒng lèi hěn duō,IKEA has a wide variety of furniture
2943,依靠,yī kào,rely on,4,,,,,,,,,,小孩子还需要依靠父母的照顾,xiǎo hái zi hái xū yào yī kào fù mǔ de zhào gù,Children still need to rely on their parents’ care
2944,衣帽架,yī mào jià,coat rack,4,3,衣服,clothes,帽子,hat,架,rack,,,请把外套挂在衣帽架上,qǐng bǎ wài tào guà zài yī mào jià shàng,Please hang your coat on the rack
2945,意式浓缩,yì shì nóng suō,espresso,4,1,意式,Italian style,浓缩,concentrate,,,,,我点了一杯意式浓缩,Wǒ diǎn le yī bēi yìshì nóngsuō,I ordered an espresso
2946,伊斯兰,yī sī lán,islam,4,,-,,,,,,,,伊斯兰教徒遵守教规。,yī sī lán jiào tú zūn shǒu jiào guī.,muslims follow islamic rules.
2947,疑问,yí wèn,a doubt,4,4,怀疑,to suspect;doubt,问题,question,,,,,我对这个结论有疑问。,wǒ duì zhè gè jié lùn yǒu yí wèn,I have doubts about this conclusion.
2948,义务,yì wù,obligation;duty,4,1,主义,ideology,服务,service,,,,,每个公民都有纳税的义务,měi gè gōng mín dōu yǒu nà shuì de yì wù,every citizen has the duty to pay taxes
2949,一夜情,yī yè qíng,one-night stand,4,4,一,one,夜,night,事情,affair,,,电影里讲了一场短暂的一夜情,diàn yǐng lǐ jiǎng le yī chǎng duǎn zàn de yī yè qíng,The movie told the story of a brief romantic encounter
2950,音调,yīn diào,pitch; intonation,4,4,声音,voice,调查,investigate,,,,,他说话的音调听起来有点奇怪。,tā shuō huà de yīn diào tīng qǐ lái yǒu diǎn qí guài.,The pitch of his voice sounds a little strange.
2951,音节,yīn jié,syllable,4,4,声音,voice,节目,program,,,,,这个词有两个音节。,zhè ge cí yǒu liǎng gè yīn jié.,This word has two syllables.
2952,阴茎,yīn jīng,penis,4,4,阴,female;dark,茎,stem;stalk,,,,,医生在检查阴茎健康,yīshēng zài jiǎnchá yīnjīng jiànkāng,the doctor is checking the health of the penis
2953,引擎,yǐn qíng,engine,4,,-,,,,,,,,引擎坏了。,yǐn qíng huài le,The engine broke.
2954,饮食习惯,yǐn shí xí guàn,eating habits,4,3,饮,drink,食,food,习惯,habit,,,他有健康的饮食习惯,tā yǒu jiàn kāng de yǐn shí xí guàn,he has healthy eating habits
2955,隐私,yǐn sī,privacy,4,,,,,,,,,,我们要保护个人隐私,wǒ men yào bǎo hù gè rén yǐn sī,we must protect personal privacy
2956,音乐会,yīn yuè huì,concert,4,1,音乐,music,会,meeting,,,,,我们去听音乐会了,wǒ men qù tīng yīn yuè huì le,we went to a concert
2957,音乐节,yīn yuè jié,music festival,4,3,音乐,music,节,festival,,,,,夏天有音乐节,xià tiān yǒu yīn yuè jié,there is a music festival in summer
2958,婴儿车,yīng ér chē,stroller,4,1,婴儿,baby,车,vehicle,,,,,婴儿车推起来很方便。,yīng ér chē tuī qǐ lái hěn fāng biàn.,strollers are easy to push.
2959,营收,yíng shōu,revenue,4,3,营业,to do business,收入,income,,,,,今年营收创了新高。,jīn nián yíng shōu chuàng le xīn gāo。,This year’s revenue hit a new high.
2960,用语,yòng yǔ,expression;term,4,3,使用,use,语言,language,,,,,这是常用用语。,zhè shì cháng yòng yòng yǔ,This is a common expression.
2961,油车,yóu chē,gasoline car,4,4,汽油,gasoline,汽车,car,,,,,现在很多人改买电车，不买油车了。,"xiàn zài hěn duō rén gǎi mǎi diàn chē, bù mǎi yóu chē le.",Many people now buy EVs instead of gasoline cars.
2962,游乐园,yóu lè yuán,amusement park,4,3,旅游,tourism,快乐,happy,公园,park,,,小时候我很喜欢去游乐园。,xiǎo shí hou wǒ hěn xǐ huan qù yóu lè yuán.,I loved going to amusement parks when I was a child.
2963,有利,yǒu lì,favorable;advantageous,4,2,有,have,利益,benefit,,,,,多锻炼有利于健康,Duō duànliàn yǒulì yú jiànkāng,Exercising more is beneficial to health
2964,幽默感,yōu mò gǎn,sense of humor,4,2,幽默,humor,感,feeling,,,,,她很有幽默感,tā hěn yǒu yōu mò gǎn,she has a good sense of humor
2965,优胜美地国家公园,yōu shèng měi dì guó jiā gōng yuán,Yosemite national park,4,,,,,,,,,,优胜美地国家公园风景壮丽,yōushèngměidì guójiā gōngyuán fēngjǐng zhuànglì,Yosemite National Park has stunning scenery
2966,有声书,yǒu shēng shū,audiobook,4,2,有,to have,声音,voice,书,book,,,我坐地铁时喜欢听有声书,wǒ zuò dì tiě shí xǐ huān tīng yǒu shēng shū,I like listening to audiobooks on the subway
2967,优势,yōu shì,advantage,4,3,优秀,outstanding,姿势,posture,,,,,这是我们的竞争优势。,zhè shì wǒ men de jìng zhēng yōu shì。,This is our competitive advantage.
2968,游戏机,yóu xì jī,video game console,4,3,游戏,game,机,machine,,,,,小时候他常常玩游戏机,xiǎoshíhòu tā chángcháng wán yóuxìjī,he often played video games when he was young
2969,邮箱,yóu xiāng,mailbox,4,1,邮,mail,箱,box,,,,,请发到我的邮箱,Qǐng fā dào wǒ de yóuxiāng,Please send it to my email
2970,友谊,yǒu yì,friendship,4,,-,,,,,,,,他们的友谊很深厚,tā men de yǒu yì hěn shēn hòu,their friendship is deep
2971,预测,yù cè,predict;prediction,4,,,,,,,,,,科学家们预测明天会下大雨,kēxuéjiā men yùcè míngtiān huì xià dà yǔ,Scientists predict it will rain heavily tomorrow
2972,渔船,yú chuán,fishing boat,4,4,渔,fish,船,boat,,,,,渔船清晨出海。,yú chuán qīng chén chū hǎi.,fishing boats go out at dawn.
2973,遇到,yù dào,encounter,4,,-,,,,,,,,我在路上遇到一个老朋友。,wǒ zài lù shàng yù dào yí gè lǎo péng yǒu,I ran into an old friend on the road.
2974,鱼竿,yú gān,fishing rod,4,3,鱼,fish,竹竿,bamboo pole,,,,,他买了一根鱼竿。,tā mǎi le yì gēn yú gān.,he bought a fishing rod.
2975,浴缸,yù gāng,bathtub,4,3,浴,bathe,缸,jar;vat,,,,,酒店房间里有浴缸。,jiǔ diàn fáng jiān lǐ yǒu yù gāng,There is a bathtub in the hotel room.
2976,宇航员,yǔ háng yuán,astronaut,4,1,宇宙,universe,航空,aviation,人员,personnel,,,这位宇航员执行了太空任务。,zhè wèi yǔ háng yuán zhí xíng le tài kōng rèn wù.,this astronaut carried out a space mission.
2977,预警,yù jǐng,warning;alert,4,3,预测,to predict,警察,police,,,,,气象部门发布了高温预警。,qì xiàng bù mén fā bù le gāo wēn yù jǐng.,The weather bureau issued a high temperature warning.
2978,浴袍,yù páo,bathrobe,4,2,浴,bathe,旗袍,traditional Chinese dress,,,,,他穿着浴袍走出来。,tā chuān zhe yù páo zǒu chū lái,He walked out wearing a bathrobe.
2979,预算,yù suàn,budget,4,2,预测,to forecast,计算,calculate,,,,,这个项目超出预算了。,zhè gè xiàng mù chāo chū yù suàn le。,This project exceeded the budget.
2980,语言障碍,yǔ yán zhàng ài,language barrier,4,4,语言,language,障碍,obstacle,,,,,他说话有语言障碍,tā shuōhuà yǒu yǔyán zhàng'ài,He has a speech disorder
2981,豫园,yù yuán,Yu Garden (Shanghai),4,4,犹豫,hesitate,公园,park,,,,,豫园里有很多传统建筑。,yù yuán lǐ yǒu hěn duō chuán tǒng jiàn zhù,Yuyuan Garden has many traditional buildings.
2982,远足,yuǎn zú,hike,4,3,远,far,足,foot,,,,,周末我们去山里远足。,zhōu mò wǒ men qù shān lǐ yuǎn zú.,We went hiking in the mountains on the weekend.
2983,约炮,yuē pào,hook up,4,3,约会,date,炮,cannon,,,,,他们昨晚约炮了,tāmen zuó wǎn yuē pàole,They hooked up last night.
2984,杂牌,zá pái,off-brand;generic,4,3,杂,mixed;misc,牌子,brand,,,,,这台机器是杂牌的。,zhè tái jī qì shì zá pái de,This machine is an unbranded one.
2985,杂志,zá zhì,magazine,4,3,杂,mixed,标志,sign,,,,,她在看时尚杂志,Tā zài kàn shíshàng zázhì,She is reading a fashion magazine
2986,脏话,zāng huà,bad language;cursing,4,3,肮脏,dirty,话,speech,,,,,他说了很多脏话被批评了,tā shuō le hěn duō zāng huà bèi pī píng le,He was criticized for saying many curse words
2987,增加了,zēng jiā le,increased;added,4,,-,,,,,,,,工作量增加了,Gōngzuò liàng zēngjiā le,The workload has increased
2988,栅栏,zhà lán,fence,4,,-,,,,,,,,修好栅栏。,xiū hǎo zhà lán,Fix the fence.
2989,占座,zhàn zuò,reserve a seat,4,4,占据,occupy,座位,seat,,,,,有人用书包占座。,Yǒurén yòng shūbāo zhànzuò.,Someone reserved a seat with a backpack.
2990,障碍,zhàng ài,barrier;obstacle,4,,-,,,,,,,,视力障碍影响出行。,shì lì zhàng ài yǐng xiǎng chū xíng。,Visual impairment affects mobility.
2991,掌声,zhǎng shēng,applause,4,2,掌,palm,声,sound,,,,,演员谢幕后全场响起了掌声,Yǎnyuán xièmù hòu quán chǎng xiǎngqǐ le zhǎngshēng,The audience applauded after the actor bowed
2992,着凉,zháo liáng,to catch a cold,4,3,睡着,to fall asleep,凉,cool,,,,,出门没穿外套容易着凉,Chūmén méi chuān wàitào róngyì zháoliáng,Going out without a coat can make you catch a cold
2993,招聘,zhāo pìn,to recruit;invite applications;hiring,4,3,招呼,say hello,聘请,hire,,,,,公司正在招聘工程师。,gōng sī zhèng zài zhāo pìn gōng chéng shī。,The company is recruiting engineers.
2994,招手,zhāo shǒu,to wave; beckon,4,2,招聘,recruitment,手,hand,,,,,看到出租车以后，他马上招手。,"kàn dào chū zū chē yǐ hòu, tā mǎ shàng zhāo shǒu.","When he saw a taxi, he immediately waved it down."
2995,诊断,zhěn duàn,diagnosis,4,,,,,,,,,,医生正在诊断病情,yīshēng zhèngzài zhěnduàn bìngqíng,the doctor is diagnosing the illness
2996,真人秀,zhēn rén xiù,reality show,4,3,真,real,人,people,秀,show,,,这档真人秀很受欢迎。,zhè dàng zhēnrén xiù hěn shòu huānyíng,This reality show is very popular.
2997,真心,zhēn xīn,sincere,4,1,真,real,心,heart,,,,,她是真心为你好。,tā shì zhēn xīn wèi nǐ hǎo。,She sincerely wants what’s best for you.
2998,正宗,zhèng zōng,authentic,4,3,正确,correct,宗教,religion,,,,,这家餐厅的菜很正宗,Zhè jiā cāntīng de cài hěn zhèngzōng,The food at this restaurant is very authentic
2999,痣,zhì,mole (on body),4,,,,,,,,,,他下巴上有一颗黑色的痣,tā xià ba shàng yǒu yī kē hēi sè de zhì,He has a black mole on his chin
3000,纸板,zhǐ bǎn,cardboard,4,2,纸,paper,板,board,,,,,他用纸板做了一个模型。,tā yòng zhǐ bǎn zuò le yí gè mó xíng,He made a model using cardboard.
3001,制裁,zhì cái,sanction,4,2,制度,system,裁员,layoff,,,,,该国受到经济制裁。,gāi guó shòu dào jīng jì zhì cái。,The country faced economic sanctions.
3002,纸盒,zhǐ hé,cardboard box,4,2,纸,paper,盒,box,,,,,这个纸盒里装的是零食。,zhè gè zhǐ hé lǐ zhuāng de shì líng shí,This paper box contains snacks.
3003,芝加哥,zhī jiā gē,Chicago,4,,,,,,,,,,芝加哥靠近五大湖,zhī jiā gē kào jìn wǔ dà hú,Chicago is near the Great Lakes
3004,至今,zhì jīn,so far;until now;to date,4,2,至,until,今,today,,,,,至今我还记得那天的情景,Zhìjīn wǒ hái jìdé nà tiān de qíngjǐng,I still remember that day to this day
3005,侄女,zhí nǚ,niece;brother’s daughter,4,,,,,,,,,,侄女很喜欢唱歌,zhí nǚ hěn xǐ huan chàng gē,My niece loves singing
3006,秩序,zhì xù,orderly;social order,4,,,,,,,,,,这里需要保持秩序,Zhèlǐ xūyào bǎochí zhìxù,Order needs to be maintained here
3007,直译,zhí yì,literal translation,4,4,直接,direct,翻译,translate,,,,,这句话不能直译。,zhè jù huà bù néng zhí yì.,This sentence cannot be translated literally.
3008,志愿者,zhì yuàn zhě,volunteer,4,2,志,purpose,愿,sincere,者,one who,,,她是活动的志愿者,Tā shì huódòng de zhìyuànzhě,She is a volunteer for the event
3009,侄子,zhí zi,nephew;brother’s son,4,,,,,,,,,,我侄子特别调皮,wǒ zhí zi tè bié tiáo pí,My nephew is very naughty
3010,中草药,zhōng cǎo yào,Chinese herbal medicine,4,,,,,,,,,,奶奶喜欢用中草药治病,nǎi nai xǐ huān yòng zhōng cǎo yào zhì bìng,Grandma likes to use Chinese herbal medicine
3011,重担,zhòng dàn,burden,4,2,重,heavy,担,to carry,,,,,他一个人扛下了重担,Tā yī gè rén kángxià le zhòngdàn,He shouldered the heavy burden alone
3012,重视,zhòng shì,pay attention to;to value;to attach importance to,4,2,重要,important,视,to look at,,,,,我们要重视健康,Wǒmen yào zhòngshì jiànkāng,We should value health
3013,中性,zhōng xìng,neutral,4,3,中,middle,性质,nature,,,,,这件衣服是中性风格。,zhè jiàn yī fu shì zhōng xìng fēng gé.,This clothing style is gender-neutral.
3014,周期,zhōu qí,cycle;period,4,2,周,week,期,period of time,,,,,月亮有大约二十八天的周期,Yuèliang yǒu dàyuē èrshíbā tiān de zhōuqī,The moon has a cycle of about 28 days
3015,珠宝,zhū bǎo,jewelry,4,3,珍珠,pearl,宝贝,baby;treasure,,,,,她喜欢收集各种珠宝。,tā xǐhuān shōují gèzhǒng zhū bǎo.,She likes collecting various pieces of jewelry.
3016,主播,zhǔ bō,host;anchor,4,4,主持人,host,播客,podcast,,,,,他是个很有名的主播。,tā shì gè hěn yǒu míng de zhǔ bō,He is a well-known streamer.
3017,主菜,zhǔ cài,main course,4,4,主,main,菜,dish,,,,,今晚的主菜是烤鸭,jīn wǎn de zhǔ cài shì kǎo yā,the main course tonight is roast duck
3018,助理,zhù lǐ,assistant,4,2,帮助,help,管理,to manage,,,,,她是经理的助理。,tā shì jīng lǐ de zhù lǐ。,She is the manager’s assistant.
3019,珠三角,zhū sān jiǎo,"Pearl River Delta (Shenzhen, etc.)",4,,,,,,,,,,公司在珠三角设有分支机构。,gōng sī zài zhū sān jiǎo shè yǒu fēn zhī jī gòu.,The company has branches in the Pearl River Delta.
3020,专程,zhuān chéng,special trip;for a special purpose,4,4,专业,specialty,程序,procedure,,,,,我专程来看你。,wǒ zhuān chéng lái kàn nǐ.,I came specially to see you.
3021,赚钱,zhuàn qián,make money,4,,,,,,,,,,他开网店是为了赚钱。,tā kāi wǎngdiàn shì wèile zhuàn qián.,He opened an online store to make money.
3022,装逼,zhuāng bī,pretentious;to show off,4,2,假装,to feign,牛逼,awesome,,,,,他老爱装逼炫耀自己的车,tā lǎo ài zhuāng bī xuàn yào zì jǐ de chē,He always shows off his car to look cool
3023,桌布,zhuō bù,tablecloth,4,3,桌子,table,布,cloth,,,,,桌布是红色的,zhuōbù shì hóngsè de,the tablecloth is red
3024,自卑,zì bēi,inferior;self-deprecating,4,3,自,self,谦卑,humble,,,,,他因为身高而自卑,Tā yīnwèi shēngāo ér zìbēi,He feels inferior because of his height
3025,自来水,zì lái shuǐ,tap water,4,2,自然,natural,来,come,水,water,,,这里的自来水可以直接喝。,zhè lǐ de zì lái shuǐ kě yǐ zhí jiē hē.,The tap water here is drinkable.
3026,字体,zì tǐ,font,4,1,字,character,身体,body,,,,,这份文件的字体太小了,Zhè fèn wénjiàn de zìtǐ tài xiǎo le,The font of this document is too small
3027,自学的,zì xué de,self-taught,4,4,自,self,学习,study,,,,,他是自学的吉他手,tā shì zì xué de jí tā shǒu,He is a self-taught guitarist
3028,资源,zī yuán,resource;natural resource,4,5,投资,investment,来源,source,,,,,水是一种重要的资源,shuǐ shì yī zhǒng zhòng yào de zī yuán,water is an important resource
3029,走累,zǒu lèi,to get tired from walking,4,,,,,,,,,,我走累了想休息一下,wǒ zǒu lèi le xiǎng xiū xī yí xià,I’m tired from walking and want to rest
3030,组成,zǔ chéng,to form;make up,4,3,组,set,成,become,,,,,水是由氢和氧组成的,Shuǐ shì yóu qīng hé yǎng zǔchéng de,Water is made up of hydrogen and oxygen
3031,租界,zū jiè,concession;settlement,4,3,租,rent,边界,boundary,,,,,上海曾经有很多外国租界,shànghǎi céngjīng yǒu hěn duō wàiguó zūjiè,Shanghai once had many foreign concessions
3032,钻石,zuàn shí,diamond,4,2,钻头,drill,石头,stone,,,,,这枚戒指上镶着钻石。,zhè méi jiè zhǐ shàng xiāng zhe zuàn shí.,this ring is set with a diamond.
3033,嘴唇,zuǐ chún,lips,4,,-,,,,,,,,她的嘴唇有点干。,tā de zuǐ chún yǒu diǎn gān.,her lips are a bit dry.
3034,最终,zuì​ zhōng,final,4,1,最,most,终,end,,,,,我们最终达成协议,wǒ men zuì zhōng dá chéng xié yì,we finally reached an agreement
3035,爱探险的人,ài tàn xiǎn de rén,Adventurous person,5,,,,,,,,,,他是爱探险的人,Tā shì ài tànxiǎn de rén,He is an adventurous person
3036,安眠药,ān mián yào,sleeping pills,5,3,安,safe,睡眠,sleep,药,medicine,,,医生建议不要长期吃安眠药。,yī shēng jiàn yì bú yào cháng qī chī ān mián yào。,The doctor advised not to take sleeping pills long-term.
3037,白领,bái lǐng,white-collar worker,5,4,白,white,领,collar,,,,,他是一名典型的白领上班族。,tā shì yī míng diǎnxíng de bái lǐng shàngbānzú.,He is a typical white-collar office worker.
3038,班次,bān cì,scheduled service; departure frequency,5,3,航班,scheduled flight,次,time in sequence,,,,,周末的火车班次比平时少。,zhōu mò de huǒ chē bān cì bǐ píng shí shǎo.,There are fewer train services on weekends than on weekdays.
3039,半导体,bàn dǎo tǐ,semiconductor,5,3,半,half,导致,to lead to,身体,body,,,半导体行业发展很快。,bàn dǎo tǐ háng yè fā zhǎn hěn kuài,The semiconductor industry is developing quickly.
3040,办公空间,bàn gōng kōng jiān,office space,5,4,办公室,office,空间,space,,,,,公司提供了办公空间,gōng sī tí gōng le bàn gōng kōng jiān,the company provides office space
3041,半月板,bàn yuè bǎn,meniscus,5,2,半,half,月,moon,板,board,,,他踢球时伤到了半月板,Tā tī qiú shí shāng dào le bànyuèbǎn,He injured his meniscus while playing soccer
3042,保存,bǎo cún,to conserve;preserve;save,5,2,保,protect,存,exist,,,,,请保存文件,qǐng bǎo cún wén jiàn,please save the file
3043,包间,bāo jiān,private room in restaurant,5,3,包,wrap,空间,space,,,,,他们在餐厅订了一个包间。,tāmen zài cāntīng dìng le yí gè bāojiān,They booked a private room at the restaurant.
3044,保龄球,bǎo líng qiú,bowling,5,3,保护,protect,年龄,age,球,ball,,,我们一起去打保龄球。,wǒ men yì qǐ qù dǎ bǎo líng qiú.,we went bowling together.
3045,包容,bāo róng,to be inclusive;tolerant,5,3,包括,including,内容,content,,,,,社会需要更多包容。,shè huì xū yào gèng duō bāo róng,Society needs more tolerance.
3046,抱石,bào shí,bouldering,5,2,拥抱,hug,岩石,rock,,,,,我最近开始学抱石，每周去两次攀岩馆。,"wǒ zuì jìn kāi shǐ xué bào shí, měi zhōu qù liǎng cì pān yán guǎn.",I recently started bouldering and go to the climbing gym twice a week.
3047,卑鄙,bēi bǐ,mean,5,,,,,,,,,,背后说坏话是一种卑鄙的行为,bèihòu shuō huàihuà shì yī zhǒng bēibǐ de xíngwéi,Talking badly about others behind their back is a despicable act
3048,北京大学,běi jīng dà xué,peking university,5,3,北京,Beijing,大学,university,,,,,北京大学是名校。,běi jīng dà xué shì míng xiào.,peking university is prestigious.
3049,悲伤,bēi shāng,upset;sadness,5,4,悲剧,tragedy,受伤,injury,,,,,听到消息后他很悲伤。,tīng dào xiāo xī hòu tā hěn bēi shāng.,he felt very sad after hearing the news.
3050,备胎,bèi tāi,backup partner,5,2,后备,spare;reserve,轮胎,tire,,,,,他一直暗恋她却只是她的备胎,tā yīzhí ànliàn tā què zhǐshì tā de bèitāi,he secretly likes her but he is just her backup
3051,北约,běi yuē,NATO,5,2,北,north,条约,treaty;pact,,,,,北约召开了紧急会议。,běi yuē zhào kāi le jǐn jí huì yì,NATO held an emergency meeting.
3052,碧琪公主,bì qí gōng zhǔ,Princess Peach,5,,,,,,,,,,碧琪公主使用了一个道具,bì qí gōng zhǔ shǐ yòng le yī gè dào jù,Princess Peach used an item
3053,蝙蝠,biān fú,bat,5,,,,,,,,,,山洞里有蝙蝠,shān dòng lǐ yǒu biān fú,there are bats in the cave
3054,编号,biān hào,serial number,5,2,编辑,edit,号,number,,,,,每个产品都有编号,měi gè chǎn pǐn dōu yǒu biān hào,every product has a serial number
3055,便利贴,biàn lì tiē,sticky note,5,3,方便,convenient,利用,use,贴纸,sticker,,,我把提醒写在便利贴上。,wǒ bǎ tí xǐng xiě zài biàn lì tiē shàng。,I wrote the reminder on a sticky note.
3056,标点符号,biāo diǎn fú hào,punctuation marks,5,4,标志,sign,点,dot,符号,symbol;sign,,,中文标点符号和英文不一样。,zhōng wén biāo diǎn fú hào hé yīng wén bú yí yàng.,chinese punctuation is different from english.
3057,表亲,biǎo qīn,cousin (not father's brother's child),5,4,表现,to show,亲戚,relative,,,,,我和表亲们经常聚会,wǒ hé biǎo qīn men jīng cháng jù huì,I often gather with my mother's relatives
3058,冰川,bīng chuān,glacier,5,1,冰,ice,川,river,,,,,冰川正在融化,Bīngchuān zhèngzài rónghuà,The glacier is melting
3059,玻璃心,bō lí xīn,fragile (person),5,2,玻璃,glass,心,heart,,,,,别说他他玻璃心,bié shuō tā tā bō lí xīn,do not criticize him he is too sensitive
3060,博士生导师,bó shì shēng dǎo shī,doctoral supervisor,5,3,博士,PhD,学生,student,导师,supervisor,,,他是著名的博士生导师,Tā shì zhùmíng de bóshìshēng dǎoshī,He is a famous PhD advisor
3061,不安,bù 'ān,disturbed;uneasy;worried,5,2,不,not,安,safe,,,,,听到消息后他感到很不安,tīng dào xiāo xī hòu tā gǎn dào hěn bù ān,he felt uneasy after hearing the news
3062,不婚主义者,bù hūn zhǔyì zhě,non-marriage believer,5,,,,,,,,,,"她是一个不婚主义者, 所以从不考虑结婚",Tā shì yī gè bù hūn zhǔyì zhě suǒyǐ cóng bù kǎolǜ jiéhūn,She is a non marriage advocate so she never considers getting married
3063,不可思议,bù kě sī yì,inconceivable;unimaginable,5,3,不可,cannot,思,think,会议,meeting,,,这真是不可思议的事,zhè zhēn shì bù kě sī yì de shì,this is truly unbelievable
3064,部位,bù wèi,part; area of the body or object,5,5,部分,part,位置,position,,,,,受伤的部位还有一点疼。,shòu shāng de bù wèi hái yǒu yì diǎn téng.,The injured area still hurts a little.
3065,布置,bù zhì,layout;arrangement,5,3,布,cloth,位置,position,,,,,老师布置了很多作业。,lǎo shī bù zhì le hěn duō zuò yè.,The teacher assigned lots of homework.
3066,参数,cān shù,parameter,5,2,参加,participate,数字,number,,,,,请修改这个参数。,qǐng xiū gǎi zhè ge cān shù.,Please modify this parameter.
3067,查询,chá xún,to query,5,,,,,,,,,,你可以在网上查询结果,Nǐ kěyǐ zài wǎngshàng cháxún jiéguǒ,You can check the results online
3068,拆除,chāi chú,demolish;tear down,5,5,拆,to tear open,消除,to eliminate,,,,,旧楼已经被拆除了。,jiù lóu yǐ jīng bèi chāi chú le,The old building has been demolished.
3069,柴油,chái yóu,diesel,5,2,柴,firewood,油,oil,,,,,这辆卡车使用柴油。,zhè liàng kǎ chē shǐ yòng chái yóu.,this truck uses diesel.
3070,产假,chǎn jià,maternity leave,5,3,产,to give birth;produce,假期,vacation,,,,,她正在休产假,Tā zhèngzài xiū chǎnjià,She is on maternity leave
3071,常识,cháng shí,common sense,5,3,常见,common,知识,knowledge,,,,,这是基本常识。,zhè shì jī běn cháng shí,This is basic common sense.
3072,肠胃炎,cháng wèi yán,gastroenteritis,5,1,肠,intestine,胃,stomach,炎症,inflammation,,,我得了肠胃炎。,wǒ dé le cháng wèi yán,I got gastroenteritis.
3073,嘲笑,cháo xiào,laugh at;mock,5,,-,,,,,,,,不要嘲笑别人的失败。,bù yào cháo xiào bié rén de shī bài.,don’t mock others’ failures.
3074,成家,chéng jiā,to start a family,5,2,造成,to create,家,family,,,,,他三十岁的时候终于成家了,tā sānshí suì de shíhou zhōngyú chéngjiā le,He finally started a family at the age of thirty
3075,成长,chéng zhǎng,growing up;to mature;grow,5,2,成为,to become,长,long,,,,,孩子们在快乐中成长,hái zi men zài kuài lè zhōng chéng zhǎng,children grow up in happiness
3076,吃土,chī tǔ,eat dirt;have no money,5,,,,,,,,,,买完新手机只能吃土了,chī tǔ mǎi wán xīn shǒu jī zhǐ néng chī tǔ le,after buying a new phone I can only live broke
3077,冲突,chōng tú,to conflict;collision,5,3,冲,to flush,突然,suddenly,,,,,他们之间发生了冲突,tā men zhī jiān fā shēng le chōng tū,there was a conflict between them
3078,创新高,chuàng xīn gāo,record high,5,2,创,to create,新,new,高,high,,,销量本月创新高,Xiāoliàng běn yuè chuàng xīngāo,Sales hit a new high this month
3079,粗心,cū xīn,careless,5,2,粗,coarse,心,heart,,,,,他写作业时太粗心,tā xiě zuò yè shí tài cū xīn,he was too careless while doing homework
3080,大方,dà fāng,generous,5,4,大,big,地方,area,,,,,她为人很大方。,tā wéi rén hěn dà fāng.,she is very generous.
3081,大话,dà huà,exaggerate;boast,5,2,大,big,话,speech,,,,,他喜欢说大话,tā xǐ huān shuō dà huà,he likes to brag
3082,打脸,dǎ liǎn,proven wrong,5,2,打,slap,脸,face,,,,,他说自己很懂结果被当场打脸,tā shuō zìjǐ hěn dǒng jiéguǒ bèi dāngchǎng dǎliǎn,he claimed he knew everything but got embarrassed on the spot
3083,大使,dà shǐ,ambassador,5,3,大,big,天使,angel,,,,,法国大使到中国访问,fǎ guó dà shǐ dào zhōng guó fǎng wèn,the French ambassador visited China
3084,大笑,dà xiào,laugh loudly,5,4,大,big,笑,laugh,,,,,听到这个消息后，他忍不住大笑起来。,tīng dào zhè gè xiāo xī hòu ， tā rěn bù zhù dà xiào qǐ lái.,"after hearing the news, he couldn’t help but laugh loudly."
3085,黛西,dài xī,Daisy,5,,,,,,,,,,黛西加入了派对,dài xī jiā rù le pài duì,Daisy joined the party
3086,单程,dān chéng,one-way trip,5,4,单,single,旅程,journey,,,,,买一张单程票。,mǎi yī zhāng dān chéng piào,Buy a one-way ticket.
3087,盗版,dào bǎn,pirated copy,5,3,海盗,pirate,版本,edition,,,,,买盗版书既不合法也不支持作者。,mǎi dào bǎn shū jì bù hé fǎ yě bù zhī chí zuò zhě.,Buying pirated books is illegal and doesn’t support the author.
3088,倒闭,dǎo bì,to go bankrupt;collapse;close down,5,2,摔倒,to fall down,闭,to close,,,,,那家小店倒闭了,nà jiā xiǎodiàn dǎobì le,that small shop closed down
3089,道具,dào jù,prop;item in Mario,5,3,道,path,具,tool,,,,,她使用了一个强力道具,tā shǐ yòng le yī gè qiáng lì dào jù,she used a powerful item
3090,得体,dé tǐ,appropriate,5,3,得,to get,具体,specific,,,,,他的发言很得体,Tā de fāyán hěn détǐ,His speech was appropriate
3091,地理,dì lǐ,geography,5,2,地,land,理论,theory,,,,,他在大学学地理,tā zài dà xué xué dì lǐ,he studies geography in college
3092,滴滤咖啡,dī lǜ kā fēi,drip coffee,5,4,滴水,drop,过滤,to filter,咖啡,coffee,,,我早上喜欢喝滴滤咖啡。,wǒ zǎo shang xǐ huān hē dī lǜ kā fēi。,I like drip coffee in the morning.
3093,第三方,dì sān fāng,third party,5,4,第三,third,方面,aspect,,,,,请使用第三方支付平台。,qǐng shǐ yòng dì sān fāng zhī fù píng tái。,Please use a third-party payment platform.
3094,地位,dì wèi,position;status,5,3,地,land,座位,seat,,,,,他在公司里的地位很高,tā zài gōng sī lǐ de dì wèi hěn gāo,he has a high position in the company
3095,第一作者,dì yī zuò zhě,first author,5,4,第一,first,作者,author,,,,,他是论文的第一作者,tā shì lùn wén de dì yī zuò zhě,he is the first author of the paper
3096,点单,diǎn dān,Order,5,,,,,,,,,,他正在点单,tā zhèng zài diǎn dān,he is placing an order
3097,定期,dìng qí,periodically;at regular intervals,5,2,一定,certain,期,period of time,,,,,我定期检查身体,Wǒ dìngqī jiǎnchá shēntǐ,I have regular health checkups
3098,顶绳,dǐng shéng,top-rope climbing,5,3,顶部,top,绳子,rope,,,,,刚开始攀岩的人可以先试试顶绳。,gāng kāi shǐ pān yán de rén kě yǐ xiān shì shi dǐng shéng.,People who are new to climbing can try top-rope climbing first.
3099,定罪,dìng zuì,to convict,5,2,决定,decide,犯罪,crime,,,,,陪审团最终决定定罪。,péi shěn tuán zuì zhōng jué dìng dìng zuì。,The jury decided to convict.
3100,冻结,dòng jié,to freeze (assets),5,3,冻,to freeze,结,knot,,,,,账户被冻结了,zhàng hù bèi dòng jié le,the account was frozen
3101,懂事,dǒng shì,sensible,5,3,懂,to understand,事,matter,,,,,小女孩非常懂事,xiǎo nǚ hái fēi cháng dǒng shì,the little girl is very sensible
3102,逗号,dòu hào,comma,5,2,逗,tease,号,mark,,,,,句子里缺少一个逗号,jùzi lǐ quēshǎo yī gè dòuhào,the sentence is missing a comma
3103,堕胎,duò tāi,to have an abortion,5,,,,,,,,,,她决定去做堕胎,tā jué dìng qù zuò duò tāi,she decided to have an abortion
3104,多种包装,duō zhǒng bāo zhuāng,variety pack,5,3,多,many,种,type,包装,package,,,狗粮有多种包装选择,gǒuliáng yǒu duōzhǒng bāozhuāng xuǎnzé,Dog food comes in various packaging options
3105,额度,é dù,quota;limit,5,4,额外,extra,度,degree,,,,,信用卡额度提高了。,xìn yòng kǎ é dù tí gāo le,The credit limit increased.
3106,鳄鱼,è yú,crocodile,5,,-,,,,,,,,鳄鱼生活在热带地区。,è yú shēng huó zài rè dài dì qū.,crocodiles live in tropical regions.
3107,二胎,èr tāi,second child,5,4,二,two,胎儿,fetus,,,,,现在很多家庭选择生二胎。,xiàn zài hěn duō jiā tíng xuǎn zé shēng èr tāi.,Many families now choose to have a second child.
3108,二氧化碳,èr yǎng huà tàn,carbon dioxide,5,2,二,two,氧气,oxygen,变化,change,碳,carbon,汽车和工厂都会排放二氧化碳。,qì chē hé gōng chǎng dōu huì pái fàng èr yǎng huà tàn.,Cars and factories both emit carbon dioxide.
3109,二战,èr zhàn,World War II,5,2,二,two,战,war,,,,,二战结束于1945年,Èr zhàn jiéshù yú 1945 nián,World War II ended in 1945
3110,发车,fā chē,departure,5,3,发,to send out,车,car,,,,,火车五点发车,huǒ chē wǔ diǎn fā chē,the train departs at five
3111,法庭,fǎ tíng,courtroom,5,2,法律,law,庭,courtyard;main hall,,,,,案件将在法庭审理。,àn jiàn jiāng zài fǎ tíng shěn lǐ.,The case will be heard in court.
3112,翻白眼,fān bái yǎn,roll eyes,5,3,翻,turn over,白,white,眼睛,eye,,,她听了以后直翻白眼。,tā tīng le yǐ hòu zhí fān bái yǎn。,She rolled her eyes after hearing it.
3113,反复,fǎn fù,repeatedly,5,4,反,anti,回复,reply,,,,,这个问题被反复讨论。,zhège wèntí bèi fǎnfù tǎolùn,This issue was discussed repeatedly.
3114,反向旅游,fǎn xiàng lǚ yóu,reverse tourism,5,3,反对,oppose,方向,direction,旅游,travel,,,最近很多人喜欢反向旅游。,zuì jìn hěn duō rén xǐ huān fǎn xiàng lǚ yóu。,Recently many people like reverse tourism.
3115,房地产开发,fáng dì chǎn kāi fā,real estate development,5,3,房地产,real estate,开发,development,,,,,这片区域正在进行房地产开发,Zhè piàn qūyù zhèngzài jìnxíng fángdìchǎn kāifā,This area is under real estate development
3116,房奴,fáng nú,mortgage slave,5,4,房子,house,奴隶,slave,,,,,很多年轻人成了房奴。,hěn duō nián qīng rén chéng le fáng nú。,Many young people became mortgage slaves.
3117,非处方药,fēi chǔ fāng yào,over-the-counter medicine,5,2,非,not,处方,medical prescription,药,medicine,,,感冒药是一种非处方药,Gǎnmào yào shì yī zhǒng fēichǔfāng yào,Cold medicine is an over-the-counter drug
3118,非要,fēi yào,insist on,5,2,非常,very,要求,require,,,,,他非要自己开车去。,tā fēi yào zì jǐ kāi chē qù。,He insisted on driving himself.
3119,分布,fēn bù,distribution (stats),5,3,分,to divide,布,cloth,,,,,人口在不同地区有分布,Rénkǒu zài bùtóng dìqū yǒu fēnbù,Population is distributed across different areas
3120,愤怒,fèn nù,anger,5,,-,,,,,,,,他的语气中带着愤怒。,tā de yǔ qì zhōng dài zhe fèn nù.,there was anger in his tone.
3121,服从,fú cóng,obedient;obey,5,3,服务,service,从来,always,,,,,士兵必须服从命令。,shìbīng bìxū fú cóng mìnglìng.,Soldiers must obey orders.
3122,副驾驶,fù jià shǐ,front passenger seat,5,3,副,secondary,驾驶,drive,,,,,你坐副驾驶吧，我来开车。,"nǐ zuò fù jià shǐ ba, wǒ lái kāi chē.",You sit in the front passenger seat; I'll drive.
3123,复诊,fù zhěn,follow-up medical visit,5,3,回复,to reply,诊所,clinic,,,,,医生让我两周以后回来复诊。,yī shēng ràng wǒ liǎng zhōu yǐ hòu huí lái fù zhěn.,The doctor told me to come back for a follow-up in two weeks.
3124,感叹号,gǎn tàn hào,exclamation mark,5,3,感,to feel,叹,to sigh,号,mark,,,他说话总喜欢用感叹号,tā shuōhuà zǒng xǐhuān yòng gǎntànhào,he always likes to use exclamation marks when speaking
3125,干燥,gān zào,dry;arid,5,,-,,,,,,,,冬天的空气很干燥。,dōng tiān de kōng qì hěn gān zào.,The air is very dry in winter.
3126,高尔夫,gāo ěr fū,golf,5,,-,,,,,,,,他周末去打高尔夫球。,tā zhōu mò qù dǎ gāo ěr fū qiú.,he plays golf on weekends.
3127,高管,gāo guǎn,senior executive,5,3,高,high,管理,manage,,,,,他是一家公司的高管。,tā shì yì jiā gōng sī de gāo guǎn,He is an executive at a company.
3128,个人信息,gè rén xìn xī,personal information,5,,,,,,,,,,请保护好你的个人信息,qǐng bǎo hù hǎo nǐ de gè rén xìn xī,please protect your personal information
3129,个体商店,gè tǐ shāng diàn,individually-owned shop,5,4,个人,individual,身体,body,商店,shop,,,这条街上有很多个体商店。,zhè tiáo jiē shàng yǒu hěn duō gè tǐ shāng diàn.,There are many independently owned shops on this street.
3130,个性,gè xìng,personality;individuality,5,2,个人,individual,性,nature,,,,,她很有个性,tā hěn yǒu gè xìng,she has a strong personality
3131,公共场合秀恩爱,gōng gòng chǎng hé xiù ēn 'ài,PDA;public displays of affection,5,,,,,,,,,,他们在公共场合秀恩爱让人尴尬,tā men zài gōng gòng chǎng hé xiù ēn ài ràng rén gān gà,They showed affection in public which made people uncomfortable
3132,共和党,gòng hé dǎng,republican party,5,,,,,,,,,,他关注美国共和党的政策,Tā guānzhù Měiguó Gònghédǎng de zhèngcè,He follows the policies of the Republican Party
3133,工具箱,gōng jù xiāng,toolbox,5,4,工具,tool,箱,box,,,,,工具箱放在门口。,gōng jù xiāng fàng zài mén kǒu。,The toolbox is by the door.
3134,公立医院,gōng lì yī yuàn,public hospitals,5,,,,,,,,,,他在公立医院工作,tā zài gōng lì yī yuàn gōng zuò,he works in a public hospital
3135,供需,gōng xū,supply and demand,5,2,提供,to supply,需要,to need,,,,,市场的价格取决于供需,shì chǎng de jià gé qǔ jué yú gōng xū,the market price depends on supply and demand
3136,公证,gōng zhèng,notarization,5,1,公,public,证明,proof,,,,,这份文件需要公证才能生效。,zhè fèn wén jiàn xū yào gōng zhèng cái néng shēng xiào。,This document needs notarization to take effect.
3137,购买,gòu mǎi,(go) buy,5,,,,,,,,,,你可以在这里购买书籍,nǐ kě yǐ zài zhè lǐ gòu mǎi shū jí,you can buy books here
3138,沟通,gōu tōng,communication,5,,,,,,,,,,良好的沟通能减少误会。,liánghǎo de gōu tōng néng jiǎnshǎo wùhuì.,Good communication can reduce misunderstandings.
3139,姑父,gū fù,uncle;father’s sister's husband,5,3,姑姑,father’s sister,父亲,father,,,,,姑父性格很稳重,gū fù xìng gé hěn wěn zhòng,My uncle by marriage is very steady
3140,固体,gù tǐ,solid (state),5,4,固执,stubborn,体,body,,,,,冰是水的固体形态,bīng shì shuǐ de gùtǐ xíngtài,ice is the solid form of water
3141,顾问,gù wèn,advisor;consultant,5,3,照顾,to take care of,问,ask,,,,,他担任公司的顾问。,tā dān rèn gōng sī de gù wèn。,He serves as a company advisor.
3142,鼓掌,gǔ zhǎng,to applaud,5,2,鼓,drum,掌,palm,,,,,表演结束后大家热烈鼓掌,biǎo yǎn jié shù hòu dà jiā rè liè gǔ zhǎng,everyone applauded warmly after the performance
3143,骨折,gǔ zhé,bone fracture,5,2,骨头,bone,折扣,discount,,,,,他摔倒以后发现手腕骨折了。,tā shuāi dǎo yǐ hòu fā xiàn shǒu wàn gǔ zhé le.,"After falling, he found out that his wrist was fractured."
3144,关停,guān tíng,to shut down,5,4,关,close,停,stop,,,,,这家工厂已经关停了。,zhè jiā gōng chǎng yǐ jīng guān tíng le。,This factory has already been shut down.
3145,光棍节,guāng gùn jié,Singles Day,5,,,,,,,,,,光棍节是单身人的节日,guāng gùn jié shì dān shēn rén de jié rì,singles day is a holiday for single people
3146,龟壳,guī ké,koopa shell,5,3,龟,turtle,壳,shell,,,,,你发射了一个龟壳,nǐ fā shè le yī gè guī ké,you launched a shell
3147,闺蜜,guī mì,bestie,5,4,闺女,maiden;unmarried daughter,蜜,honey,,,,,她和闺蜜无话不谈。,tā hé guīmì wú huà bù tán,She shares everything with her best friend.
3148,归属感,guī shǔ gǎn,sense of belonging,5,4,回归,to return to,属于,to belong to,感觉,feeling,,,她在团队中找到了归属感。,tā zài tuánduì zhōng zhǎodào le guī shǔ gǎn.,She found a sense of belonging in the team.
3149,柜台,guì tái,counter,5,3,柜子,cabinet,台,platform,,,,,请到服务柜台咨询。,qǐng dào fú wù guì tái zī xún.,please ask at the service counter.
3150,过时了,guò shí le,outdated,5,,,,,,,,,,这种衣服已经过时了,zhè zhǒng yī fú yǐ jīng guò shí le,this kind of clothing is already out of fashion
3151,海报,hǎi bào,poster,5,2,海,sea,报,report,,,,,墙上贴着一张海报,qiáng shàng tiē zhe yī zhāng hǎi bào,there is a poster on the wall
3152,海后,hǎi hòu,playgirl,5,3,海,sea,皇后,empress,,,,,大家都说她是海后。,dà jiā dōu shuō tā shì hǎi hòu.,Everyone says she's a female player.
3153,航空,háng kōng,aviation,5,2,导航,naviation,天空,sky,,,,,我在一家航空公司工作,wǒ zài yī jiā háng kōng gōng sī gōng zuò,i work in an airline company
3154,耗材,hào cái,consumable supplies,5,4,消耗,to use up;consume,材料,material,,,,,打印机耗材需要定期更换。,Dǎyìnjī hàocái xūyào dìngqī gēnghuàn.,Printer consumables need regular replacement.
3155,核磁共振,hé cí gòng zhèn,MRI,5,3,核,nuclear,磁铁,magnet,共鸣,resonance,振动,vibrate,医生建议我做一个核磁共振检查。,yī shēng jiàn yì wǒ zuò yí gè hé cí gòng zhèn jiǎn chá.,The doctor recommended that I get an MRI.
3156,合身,hé shēn,to fit;suit well,5,2,合适,suitable,身体,body,,,,,这件衣服很合身,zhè jiàn yī fú hěn hé shēn,This piece of clothing fits very well
3157,黑名单,hēi míng dān,blacklist,5,4,黑,black,名,name,单,list,,,这个号码被拉进黑名单了,Zhège hàomǎ bèi lā jìn hēi míngdān le,This number is on the blacklist
3158,洪水,hóng shuǐ,flood,5,,-,,,,,,,,昨晚的暴雨让河边出现了洪水,zuó wǎn de bào yǔ ràng hé biān chū xiàn le hóng shuǐ,The heavy rain last night caused a flood by the river
3159,画饼,huà bǐng,make empty promises,5,2,画,draw,饼,pie,,,,,老板天天给我们画饼却从不加工资,lǎobǎn tiāntiān gěi wǒmen huàbǐng què cóng bù jiā gōngzī,the boss keeps making empty promises but never raises our salary
3160,华夫,huá fū,waffle,5,4,华,Chinese,夫,man,,,,,早餐有华夫饼,zǎo cān yǒu huá fū bǐng,there are waffles for breakfast
3161,滑滑梯,huá huá tī,slide; go down a slide,5,2,滑,slip,滑,slip,梯,ladder,,,孩子们在公园里玩滑滑梯。,hái zi men zài gōng yuán lǐ wán huá huá tī.,The children are playing on the slide in the park.
3162,滑稽,huá jī,ironic,5,,,,,,,,,,这个故事很滑稽,Zhège gùshì hěn huájī,This story is very funny
3163,华侨,huá qiáo,overseas Chinese citizen,5,4,中华,China,侨,emigrant,,,,,他是一位华侨商人。,Tā shì yí wèi Huáqiáo shāngrén.,He is an overseas Chinese businessman.
3164,花心,huā xīn,flirtatious;unfaithful,5,2,花,flower,心,heart,,,,,他说他很花心,tā shuō tā hěn huā xīn,he said he is unfaithful
3165,黄牛,huáng niú,cattle;scalper,5,2,黄,yellow,牛,cow,,,,,票被黄牛炒得很贵,Piào bèi huángniú chǎo de hěn guì,Scalpers made the tickets very expensive
3166,贿赂,huì lù,bribe;to bribe,5,,,,,,,,,,他因收受贿赂被捕,tā yīn shōu shòu huì lù bèi bǔ,he was arrested for taking bribes
3167,婚前协议,hūn qián xié yì,prenup,5,3,结婚,marry,前,before,协议,agreement,,,他们签了婚前协议。,tā men qiān le hūn qián xié yì。,They signed a prenup.
3168,火星,huǒ xīng,Mars,5,2,火,fire,星,star,,,,,科学家计划探索火星。,kē xué jiā jì huà tàn suǒ huǒ xīng.,scientists plan to explore mars.
3169,饥荒,jī huāng,famine,5,2,饥饿,starving,荒地,wasteland,,,,,历史上曾发生过严重的饥荒。,lì shǐ shàng céng fā shēng guò yán zhòng de jī huāng,Serious famines occurred in history.
3170,极简主义,jí jiǎn zhǔ yì,minimalism,5,1,极,extremely,简,simple,主义,ideology,,,他喜欢极简主义的风格,Tā xǐhuān jíjiǎn zhǔyì de fēnggé,He likes minimalist style
3171,饥渴,jī kě,horny,5,2,饥饿,hunger,渴,thirsty,,,,,他最近很饥渴。,Tā zuìjìn hěn jī kě.,He’s been really horny lately.
3172,寂寞,jì mò,lonesome;lonely,5,,,,,,,,,,她一个人在家感到很寂寞,Tā yīgè rén zài jiā gǎndào hěn jìmò,She felt lonely at home alone
3173,机器学习,jī qì xué xí,machine learning,5,,,,,,,,,,机器学习能帮助我们预测结果,jī qì xué xí néng bāng zhù wǒ men yù cè jié guǒ,machine learning can help us predict outcomes
3174,寄生虫,jì shēng chóng,parasite,5,4,邮寄,to mail,生活,life,昆虫,insect,,,这种寄生虫会危害健康。,zhè zhǒng jì shēng chóng huì wēi hài jiàn kāng.,this parasite can harm health.
3175,集装箱,jí zhuāng xiāng,cargo container,5,3,聚集,to gather,安装,to install,箱,box,,,两只马从集装箱里被运到农场,liǎng zhī mǎ cóng jízhuāngxiāng lǐ bèi yùn dào nóngchǎng,Two horses were transported from a shipping container to the farm
3176,甲虫,jiǎ chóng,beetle,5,2,指甲,fingernail,昆虫,insect,,,,,甲虫的外壳很硬。,jiǎ chóng de wài ké hěn yìng.,beetles have hard shells.
3177,家教,jiā jiào,tutor,5,2,家,home,教育,education,,,,,他周末兼职做家教。,tā zhōu mò jiān zhí zuò jiā jiào,He works part-time as a tutor on weekends.
3178,家居服,jiā jū fú,loungewear,5,2,家,home,居住,to live,衣服,clothes,,,周末我只想穿家居服在家休息。,zhōu mò wǒ zhǐ xiǎng chuān jiā jū fú zài jiā xiū xí.,On weekends I just want to wear loungewear and relax at home.
3179,家属,jiā shǔ,family member,5,3,家庭,family,属于,belong to,,,,,请通知患者家属。,qǐng tōng zhī huàn zhě jiā shǔ.,Please notify the patient's family.
3180,家庭主妇,jiā tíng zhǔ fù,housewife,5,2,家庭,family,主,master,妇,woman,,,她是一名家庭主妇,tā shì yī míng jiā tíng zhǔ fù,she is a housewife
3181,价值观,jià zhí guān,values,5,,,,,,,,,,每个人的价值观不同,měi gè rén de jià zhí guān bù tóng,everyone has different values
3182,剪掉,jiǎn diào,cut off,5,4,剪刀,scissors,掉,lose;fall,,,,,把多余的部分剪掉。,bǎ duō yú de bù fèn jiǎn diào。,Cut off the excess part.
3183,监管,jiān guǎn,regulation,5,3,监督,supervise,管理,manage,,,,,政府加强了市场监管。,zhèng fǔ jiā qiáng le shì chǎng jiān guǎn.,The government strengthened market supervision.
3184,降温,jiàng wēn,cool down,5,4,降低,reduce,温度,temperature,,,,,天气开始降温了。,tiān qì kāi shǐ jiàng wēn le,The weather is cooling down.
3185,郊狼,jiāo láng,coyote,5,1,郊区,suburb,狼,wolf,,,,,我们看到一只郊狼,Wǒmen kàndào yī zhī jiāoláng,We saw a coyote
3186,节俭,jié jiǎn,frugal,5,,-,,,,,,,,他生活很节俭。,tā shēng huó hěn jié jiǎn。,He lives frugally.
3187,芥末,jiè mò,mustard,5,,-,,,,,,,,我喜欢汉堡里加芥末。,wǒ xǐ huān hàn bǎo lǐ jiā jiè mò.,I like to add mustard to my burger.
3188,结扎,jié zhā,sterilization;vasectomy,5,4,结,knot,扎,to prick;run needle into,,,,,他做了结扎手术。,tā zuò le jié zhā shǒu shù,He had sterilization surgery.
3189,金发碧眼,jīn fà bì yǎn,blonde hair blue eyes,5,4,金,gold,头发,hair,碧,dark green jade,眼睛,eye,她是个金发碧眼的女孩。,tā shì gè jīn fà bì yǎn de nǚ hái。,She has blonde hair and blue eyes.
3190,今年上半年,jīn nián shàng bàn nián,first half of this year,5,,,,,,,,,,今年上半年农场里出生了很多小牛,jinnián shàngbànnián nóngchǎng lǐ chūshēng le hěnduō xiǎoniú,Many calves were born on the farm in the first half of the year
3191,紧迫,jǐn pò,pressing;urgent,5,3,紧张,nervous,强迫,to compel,,,,,时间紧迫，我们得加快进度。,shí jiān jǐn pò，wǒ men děi jiā kuài jìn dù。,Time is urgent; we must speed up.
3192,金融风控,jīn róng fēng kòng,financial risk control,5,4,金融,finance,风险,risk,控制,control,,,他做金融风控。,tā zuò jīn róng fēng kòng,He works in financial risk control.
3193,紧身裤,jǐn shēn kù,tights;tight pants,5,2,紧,tight,身,body,裤,pants,,,她穿了一条紧身裤,tā chuān le yī tiáo jǐn shēn kù,she wore a pair of tight pants
3194,金正恩,jīn zhèng ēn,Kim Jong-un,5,3,金,metal,正,correct,感恩,grateful,,,新闻中提到了金正恩。,xīn wén zhōng tí dào le jīn zhèng ēn,Kim Jong-un was mentioned in the news.
3195,精彩,jīng​ cǎi,wonderful;marvelous,5,3,精神,spirit,彩虹,rainbow,,,,,比赛非常精彩,bǐsài fēicháng jīngcǎi,the match was wonderful
3196,竞价,jìng jià,bidding,5,1,竞争,competition,价格,price,,,,,他们在拍卖会上激烈竞价,Tāmen zài pāimài huì shàng jīliè jìngjià,They bid fiercely at the auction
3197,竞赛,jìng sài,competition;race;match,5,5,竞争,to compete,比赛,match,,,,,他参加了数学竞赛。,tā cān jiā le shù xué jìng sài,He joined a math competition.
3198,精神状态,jīng shén zhuàng tài,mental state,5,4,精神,mental,状态,state,,,,,他的精神状态很好,tā de jīng shén zhuàng tài hěn hǎo,his mental state is good
3199,纠结了,jiū jié le,feeling torn;conflicted,5,4,纠正,to correct,结,knot,了,change of state,,,我又开始纠结了。,wǒ yòu kāi shǐ jiū jié le。,I’m conflicted again.
3200,舅妈,jiù mā,aunt;mother’s brother’s wife,5,3,舅舅,mother’s brother,妈,mom,,,,,舅妈总是热情招待我们,jiù mā zǒng shì rè qíng zhāo dài wǒ men,My aunt always treats us warmly
3201,酒窝,jiǔ wō,dimple,5,4,酒,alcohol,窝,nest;cave;hiding place,,,,,她的笑容里有酒窝,tā de xiào róng lǐ yǒu jiǔ wō,she has dimples when she smiles
3202,拒付,jù fù,chargeback,5,3,拒绝,refuse,支付,pay,,,,,客户拒付账单。,kè hù jù fù zhàng dān,The client refused to pay.
3203,句号,jù hào,period (punctuation),5,1,句,sentence,号,mark,,,,,句子要加句号,jù zi yào jiā jù hào,sentences need a period
3204,聚集,jù jí,to gather,5,,-,,,,,,,,人群在广场上聚集。,rén qún zài guǎng chǎng shàng jù jí.,people gathered in the square.
3205,绝望,jué wàng,despair; hopeless,5,3,拒绝,to refuse,希望,hope,,,,,找了很久还是找不到工作，他开始感到绝望。,"zhǎo le hěn jiǔ hái shì zhǎo bú dào gōng zuò, tā kāi shǐ gǎn dào jué wàng.","After searching for a long time and still not finding a job, he began to feel hopeless."
3206,咖啡的风味,kā fēi de fēng wèi,Coffee flavor,5,,,,,,,,,,这杯咖啡的风味很好,Zhè bēi kāfēi de fēngwèi hěn hǎo,This cup of coffee tastes great
3207,咖啡生产地,kā fēi shēng chǎn dì,Coffee producing areas,5,,,,,,,,,,巴西是咖啡生产地,Bāxī shì kāfēi shēngchǎn dì,Brazil is a coffee producing region
3208,开口,kāi kǒu,to speak;start talking;open mouth,5,2,开,open,口,mouth,,,,,他终于开口说话了,Tā zhōngyú kāikǒu shuōhuà le,He finally started speaking
3209,开胃菜,kāi wèi cài,appetizer,5,1,开,open,胃,stomach,菜,dish,,,服务员端上了开胃菜,fú wù yuán duān shàng le kāi wèi cài,the waiter served appetizers
3210,看个人,kàn gè rén,depends on the individual,5,,,,,,,,,,要不要参加得看个人,Yào bú yào cānjiā děi kàn gèrén,Whether to join depends on the person
3211,看重,kàn zhòng,to value;care about,5,2,看,to look,重,heavy,,,,,他很看重这次机会,tā hěn kàn zhòng zhè cì jī huì,he values this opportunity a lot
3212,康复,kāng fù,rehabilitation,5,1,健康,health,恢复,to recover,,,,,康复医学科帮助病人恢复功能,kāng fù yī xué kē bāng zhù bìng rén huī fù gōng néng,The rehabilitation medicine department helps patients regain function
3213,抗美援朝,kàng měi yuán cháo,War to Resist US Aggression and Aid Korea,5,3,反抗,resist,美国,America,援助,aid,朝鲜,North Korea,爷爷经历过抗美援朝时期。,yé ye jīng lì guò kàng měi yuán cháo shí qī,Grandpa lived through the Korean War period.
3214,抗议活动,kàng yì huó dòng,protest,5,2,抵抗,resist,议会,Parliament,活动,activity,,,市中心举行了抗议活动。,shì zhōng xīn jǔ xíng le kàng yì huó dòng.,A protest was held downtown.
3215,刻薄,kè bó,mean;harsh,5,3,刻,carve,微薄,meager,,,,,他说话有点刻薄。,tā shuō huà yǒu diǎn kè bó.,he speaks a bit harshly.
3216,科尔,kē ěr,Cole,5,,,,,,,,,,科尔是他们的朋友,Kē’ěr shì tāmen de péngyǒu,Cole is their friend
3217,可怕,kě pà,horrible,5,2,可,can,害怕,afraid,,,,,那场事故真是太可怕了,nà chǎng shì gù zhēn shì tài kě pà le,that accident was really terrible
3218,可信,kě xìn,reliable (reputation),5,2,可,can,相信,to believe,,,,,这个消息很可信,Zhège xiāoxi hěn kěxìn,This information is very reliable
3219,可行,kě xíng,feasible,5,2,可,can,行,OK,,,,,这个计划在目前看来是可行的,zhè gè jì huà zài mù qián kàn lái shì kě xíng de,this plan seems feasible at the moment
3220,可选项,kě xuǎn xiàng,optional,5,2,可,can,选项,options,,,,,这些是可选项不是必选项,zhè xiē shì kě xuǎn xiàng bú shì bì xuǎn xiàng,these are optional not mandatory
3221,坑,kēng,pit,5,,,,,,,,,,小心前面的坑,xiǎo xīn qián miàn de kēng,Watch out for the pit ahead
3222,口腔,kǒu qiāng,oral cavity,5,3,口,mouth,腔,body cavity,,,,,他去医院检查口腔健康,tā qù yī yuàn jiǎn chá kǒu qiāng jiàn kāng,he went to the hospital for an oral health check
3223,库巴兵,kù bā bīng,Koopa Troopa,5,,,,,,,,,,库巴兵为你加油,kù bā bīng wèi nǐ jiā yóu,Koopa Troopa is cheering for you
3224,狂笑,kuáng xiào,laugh wildly,5,4,疯狂,crazy,笑,laugh,,,,,他听完笑话后狂笑不止。,tā tīng wán xiào huà hòu kuáng xiào bù zhǐ.,he laughed wildly after hearing the joke.
3225,拉美,lā měi,Latin America,5,4,拉,pull,美洲,America,,,,,拉美国家之间的合作越来越紧密。,lā měi guó jiā zhī jiān de hé zuò yuè lái yuè jǐn mì。,Cooperation among Latin American countries is growing stronger。
3226,烂尾娃,làn wěi wá,child whose development or upbringing is seen as having stalled (internet slang),5,4,烂,rotten,尾巴,tail,娃娃,doll;child,,,“烂尾娃”是近年来出现的网络说法。,làn wěi wá shì jìn nián lái chū xiàn de wǎng luò shuō fǎ.,Lànwěiwá is an internet expression that has appeared in recent years.
3227,老友,lǎo yǒu,old friend,5,4,老,old,友,friend,,,,,他们是多年的老友,tā men shì duō nián de lǎo yǒu,they are old friends for many years
3228,冷淡,lěng dàn,cold;indifferent,5,4,冷,cold,淡,light;watery;insipid,,,,,他的态度有点冷淡。,tā de tài dù yǒu diǎn lěng dàn,His attitude is a bit cold.
3229,冷门,lěng mén,unpopular (place),5,3,冷,cold,门,door,,,,,这部电影题材有点冷门,zhè bù diàn yǐng tí cái yǒu diǎn lěng mén,The topic of this movie is a bit niche
3230,冷笑,lěng xiào,sneer,5,1,冷,cold,笑,laugh,,,,,他冷笑了一声，没有说话。,tā lěng xiào le yì shēng ， méi yǒu shuō huà.,he sneered and said nothing.
3231,恋人,liàn rén,partner;lover,5,3,恋爱,in love,人,person,,,,,他们是多年的恋人。,tāmen shì duōnián de liànrén,They have been lovers for many years.
3232,林荫道,lín yīn dào,tree-lined avenue,5,4,森林,forest,树荫,tree shade,道,road,,,我们在林荫道上散步。,wǒ men zài lín yīn dào shàng sàn bù.,We walked along the tree-lined avenue.
3233,铃铛,líng dāng,small bell,5,3,铃,bell,铛,clang,,,,,风一吹铃铛就响,fēng yì chuī língdāng jiù xiǎng,The bell rings in the wind
3234,零件,líng jiàn,part;component,5,2,零,zero,件,item of clothing,,,,,机器坏了需要更换零件,jī qì huài le xū yào gēng huàn líng jiàn,the machine needs parts replaced
3235,零钱,líng qián,small change;change,5,1,零,zero,钱,money,,,,,我包里有一些零钱,wǒ bāo lǐ yǒu yī xiē líng qián,I have some change in my bag
3236,流动性,liú dòng xìng,liquidity,5,2,流动,flow,性,nature,,,,,市场流动性明显下降。,shì chǎng liú dòng xìng míng xiǎn xià jiàng。,Market liquidity dropped noticeably.
3237,搂抱,lǒu bào,cuddle,5,,,,,,,,,,小猫喜欢被主人搂抱,xiǎo māo xǐ huān bèi zhǔ rén lǒu bào,the kitten likes being cuddled by its owner
3238,楼房,lóu fáng,building (multi-story),5,4,楼,building,房子,house,,,,,这里新盖了很多楼房。,zhè lǐ xīn gài le hěn duō lóu fáng,Many new buildings have been built here.
3239,鹿肉,lù ròu,venison,5,2,鹿,deer,肉,meat,,,,,这家餐厅有鹿肉菜。,zhè jiā cān tīng yǒu lù ròu cài.,This restaurant serves venison.
3240,滤纸,lǜ zhǐ,filter paper,5,4,过滤,to filter,纸,paper,,,,,冲咖啡需要滤纸。,chōng kā fēi xū yào lǜ zhǐ.,You need filter paper to brew coffee.
3241,罗莎塔娜,luó shā tǎ nà,Rosalina,5,,,,,,,,,,罗莎塔娜用魔法帮助了你,luó shā tǎ nà yòng mó fǎ bāng zhù le nǐ,Rosalina helped you with her magic
3242,妈宝男,mā bǎo nán,mama's boy,5,,,,,,,,,,她不想找妈宝男谈恋爱,tā bù xiǎng zhǎo mā bǎo nán tán liàn ài,She doesn’t want to date a mama’s boy
3243,马虎,mǎ hǔ,careless;sloppy,5,3,马,horse,虎,tiger,,,,,做事情不能太马虎,Zuò shìqíng bùnéng tài mǎhu,You can’t be careless when doing things
3244,马里奥赛车,mǎ lǐ ào sài chē,mario kart,5,4,马里奥,Mario,比赛,match;race,车,vehicle,,,他们在玩马里奥赛车,Tāmen zài wán Mǎlǐ’ào Sàichē,They are playing Mario Kart
3245,买家的评价,mǎi jiā de píng jià,buyer's reviews,5,,,,,,,,,,买家的评价很好,Mǎijiā de píngjià hěn hǎo,The buyer's review is very good
3246,满月,mǎn yuè,full moon,5,3,满,full,月,moon,,,,,今晚的满月特别圆。,jīn wǎn de mǎn yuè tè bié yuán.,Tonight’s full moon is especially round.
3247,冒号,mào hào,colon,5,3,感冒,to catch a cold,号,mark,,,,,请在这里加一个冒号,qǐng zài zhè lǐ jiā yí gè mào hào,please add a colon here
3248,毛爷爷,máo yé yé,Grandpa Mao,5,,,,,,,,,,他的钱包里有几张毛爷爷,Tā de qiánbāo lǐ yǒu jǐ zhāng Máo Yéye,He has a few RMB notes in his wallet
3249,煤矿,méi kuàng,coal mine,5,4,煤炭,coal,矿山,mine,,,,,这个城市曾经因煤矿而繁荣,zhè gè chéng shì céng jīng yīn méi kuàng ér fán róng,This city once prospered because of coal mines
3250,美人计,měi rén jì,honey pot (trap),5,2,美,beautiful,人,person,计划,plan,,,他中了美人计,tā zhòng le měi rén jì,he fell for the honey trap
3251,秘书,mì shū,secretary,5,2,秘密,secret,书,book,,,,,秘书帮我安排了会议,mì shū bāng wǒ ān pái le huì yì,the secretary arranged the meeting for me
3252,面包车,miàn bāo chē,van;shuttle bus,5,2,面包,bread,车,vehicle,,,,,他们开着一辆面包车送货。,tā men kāi zhe yí liàng miàn bāo chē sòng huò.,They deliver goods in a van.
3253,面罩,miàn zhào,face covering,5,4,面,face,口罩,mask,,,,,工作人员戴着透明面罩。,gōng zuò rén yuán dài zhe tòu míng miàn zhào.,The staff were wearing transparent face shields.
3254,棉质衬衫,mián zhì chèn shān,cotton shirt,5,4,棉布,cotton,质量,quality,衬衫,shirt,,,我喜欢穿棉质衬衫,wǒ xǐ huān chuān mián zhì chèn shān,I like to wear cotton shirts
3255,秒回,miǎo huí,instant reply,5,2,秒,second,回答,answer;reply,,,,,她总是消息秒回,Tā zǒngshì xiāoxī miǎohuí,She always replies instantly
3256,民主党,mín zhǔ dǎng,democratic party,5,,,,,,,,,,她在研究美国民主党的历史,Tā zài yánjiū Měiguó Mínzhǔdǎng de lìshǐ,She is studying the history of the Democratic Party
3257,民族主义,mín zú zhǔ yì,nationalism,5,4,民族,nationality,主义,ideology,,,,,民族主义情绪上升。,mín zú zhǔ yì qíng xù shàng shēng,Nationalist sentiment is rising.
3258,鸣笛,míng dí,to honk;hoot,5,4,鸣,bird cry,笛,bamboo floot,,,,,市区内禁止随意鸣笛。,shì qū nèi jìn zhǐ suí yì míng dí.,honking is prohibited in urban areas.
3259,馍,mó,flatbread;small steamed bread,5,,,,,,,,,,他买了一个热腾腾的馍,tā mǎi le yí gè rè téng téng de mó,He bought a steaming hot flatbread
3260,摩擦,mó cā,friction,5,2,摩,rub,擦,wipe,,,,,两国之间因为贸易问题产生了摩擦,liǎng guó zhī jiān yīn wèi mào yì wèn tí chǎn shēng le mó cā,Friction arose between the two countries due to trade issues
3261,磨豆机,mó dòu jī,coffee grinder,5,4,磨,grind,豆子,bean,机器,machine,,,我买了一台磨豆机。,wǒ mǎi le yì tái mó dòu jī.,I bought a coffee grinder.
3262,摩天楼,mó tiān lóu,skyscraper,5,3,摩,to rub,天空,sky,大楼,building,,,那座摩天楼高得看不见顶,nà zuò mó tiān lóu gāo de kàn bú jiàn dǐng,That skyscraper is so tall you can’t see the top
3263,难熬,nán áo,hard to endure,5,4,困难,difficult,熬夜,stay up late,,,,,这几天特别难熬。,zhè jǐ tiān tè bié nán áo.,These past few days have been hard to get through.
3264,难懂,nán dǒng,difficult to understand,5,,,,,,,,,,这本书的内容太难懂了,zhè běn shū de nèiróng tài nándǒng le,The content of this book is too hard to understand
3265,南卡州,nán kǎ zhōu,South Carolina,5,,,,,,,,,,我在南卡州看海,Wǒ zài Nánkǎ zhōu kàn hǎi,I go to the beach in South Carolina
3266,难忘,nán wàng,unforgettable,5,2,难,difficult,忘,forget,,,,,那是一次难忘的经历,nà shì yī cì nán wàng de jīng lì,that was an unforgettable experience
3267,脑力,nǎo lì,mental effort,5,4,大脑,brain,力量,strength;power,,,,,这项工作很费脑力。,zhè xiàng gōng zuò hěn fèi nǎo lì。,This job requires a lot of mental effort.
3268,尿道,niào dào,urethra,5,1,尿,urine,道,path,,,,,他的尿道有点发炎,Tā de niàodào yǒudiǎn fāyán,His urethra is a bit inflamed
3269,柠檬精,níng méng jīng,jealous person,5,2,柠檬,lemon,精神,spirit,,,,,看别人旅游我只能酸酸地当个柠檬精,kàn biérén lǚyóu wǒ zhǐ néng suānsuān de dāng gè níngméng jīng,watching others travel I can only be jealous like a lemon spirit
3270,啪啪啪,pā pā pā,bang,5,,,,,,,,,,他们昨晚啪啪啪了,tāmen zuówǎn pāpā pā le,they had sex last night
3271,泡泡玛特,pào pào mǎ tè,Pop Mart,5,5,泡泡,bubbles,玛,ma,特,special,,,泡泡玛特的盲盒很受年轻人欢迎,pào pào mǎ tè de máng hé hěn shòu nián qīng rén huān yíng,Pop Mart blind boxes are very popular among young people
3272,跑题,pǎo tí,to digress (from topic),5,4,跑,run,话题,topic,,,,,你刚才有点跑题了。,Nǐ gāngcái yǒudiǎn pǎotí le.,You went a bit off topic just now.
3273,跑腿,pǎo tuǐ,run errands,5,3,跑,run,腿,leg,,,,,我请他帮我跑腿买咖啡。,wǒ qǐng tā bāng wǒ pǎo tuǐ mǎi kā fēi.,I asked him to run an errand and buy coffee for me.
3274,赔偿,péi cháng,compensation,5,,-,,,,,,,,公司将依法赔偿。,gōng sī jiāng yī fǎ péi cháng。,The company will compensate according to law.
3275,配音,pèi yīn,dubbing,5,1,匹配,match,声音,voice,,,,,这部动画的配音很出色。,zhè bù dòng huà de pèi yīn hěn chū sè.,the dubbing of this animation is excellent.
3276,屁股蛋子,pì gu dàn zi,butt cheeks,5,,,,,,,,,,他摔倒了屁股蛋子很疼,tā shuāidǎo le pìgu dànzi hěn téng,he fell and his butt cheek hurt
3277,骗局,piàn jú,scam,5,,,,,,,,,,这个抽奖是骗局,Zhège chōujiǎng shì piànjú,This raffle is a scam
3278,瓢虫,piáo chóng,ladybug,5,4,瓢,ladle made from dried gourd,昆虫,insect,,,,,孩子们喜欢红色的瓢虫。,hái zi men xǐ huān hóng sè de piáo chóng.,children like red ladybugs.
3279,屏保,píng bǎo,screensaver,5,2,屏幕,screen,保护,protect,,,,,他的电脑屏保是一张风景照,tā de diàn nǎo píng bǎo shì yì zhāng fēng jǐng zhào,His computer screensaver is a landscape photo
3280,瓶颈,píng jǐng,bottleneck,5,3,瓶子,bottle,颈部,neck,,,,,团队的进度遇到了瓶颈,tuán duì de jìn dù yù dào le píng jǐng,The team’s progress has hit a bottleneck
3281,祈祷,qí dǎo,pray,5,,,,,,,,,,他们一起祈祷和平,tāmen yīqǐ qídǎo hépíng,They prayed for peace together
3282,歧视,qí shì,discrimination,5,3,分歧,differences,电视,TV,,,,,我们应该反对任何歧视,Wǒmen yīnggāi fǎnduì rènhé qíshì,We should oppose any discrimination
3283,气体,qì tǐ,gas (state),5,4,气,air,体,body,,,,,气体没有固定的形状,qìtǐ méiyǒu gùdìng de xíngzhuàng,gases have no fixed shape
3284,起义,qǐ yì,rebellion;uprising;revolt,5,2,起来,stand up,主义,ideology,,,,,历史上发生过许多农民起义,lì shǐ shàng fā shēng guò xǔ duō nóng mín qǐ yì,there were many peasant uprisings in history
3285,欺诈检测,qī zhà jiǎn cè,fraud detection,5,,,,,,,,,,银行使用欺诈检测保护账户安全,Yínháng shǐyòng qīzhà jiǎncè bǎohù zhànghù ānquán,Banks use fraud detection to protect accounts
3286,欺诈预防,qī zhà yù fáng,fraud prevention,5,,,,,,,,,,银行重视欺诈预防,yín háng zhòng shì qī zhà yù fáng,Banks focus on fraud prevention
3287,前端工程师,qián duān gōng chéng shī,front end engineer,5,,,,,,,,,,前端工程师做了一个网页介绍动物救助中心,qiánduān gōngchéngshī zuò le yí ge wǎngyè jièshaò dòngwù jiùzhù zhōngxīn,The frontend engineer made a webpage introducing the animal rescue center
3288,强暴,qiáng bào,rape,5,2,强,strong,暴力,violence,,,,,她报警说自己遭到强暴,tā bào jǐng shuō zì jǐ zāo dào qiáng bào,she reported to the police that she was assaulted
3289,悄悄话,qiāo qiāo huà,whisperings; private conversation,5,3,悄悄,quietly,说话,speak,,,,,她在我耳边说了几句悄悄话。,tā zài wǒ ěr biān shuō le jǐ jù qiāo qiāo huà.,She whispered a few words in my ear.
3290,青春痘,qīng chūn dòu,acne,5,1,青春,youth,痘,pimple,,,,,青春痘很常见,qīng chūn dòu hěn cháng jiàn,acne is very common
3291,清华大学,qīng huá dà xué,tsinghua university,5,3,清楚,clear,华,China,大学,university,,,清华大学以理工闻名。,qīng huá dà xué yǐ lǐ gōng wén míng.,tsinghua is famous for engineering.
3292,球迷,qiú mí,football fans,5,,,,,,,,,,球迷们为球队加油,qiú mí men wèi qiú duì jiā yóu,the fans are cheering for the team
3293,秋千,qiū qiān,swing,5,3,秋天,autumn,千,thousand,,,,,小女孩坐在秋千上玩。,xiǎo nǚ hái zuò zài qiū qiān shàng wán.,The little girl is playing on the swing.
3294,区块链,qū kuài liàn,Blockchain,5,7,区块,block;segment,链,chain,,,,,区块链技术被广泛讨论。,qū kuài liàn jì shù bèi guǎng fàn tǎo lùn.,blockchain technology is widely discussed.
3295,去哪儿,qù nǎ er,Chinese Expedia,5,3,去,to go,哪儿,where,,,,,他们在去哪儿上买了去北京的机票,tāmen zài qùnǎr shàng mǎile qù Běijīng de jīpiào,They bought plane tickets to Beijing on Qunar
3296,蛐蛐,qū qu,cricket;mocking someone behind their back,5,,-,,,,,,,,他们又在背后蛐蛐别人。,tā men yòu zài bèi hòu qū qu bié rén.,They're gossiping about someone again.
3297,全面,quán ​miàn,thorough;all-around,5,2,全,all,方面,aspect,,,,,这次检查非常全面,zhè cì jiǎn chá fēi cháng quán miàn,this inspection is very comprehensive
3298,绕开,rào kāi,to go around;bypass,5,4,绕道,detour,开车,drive car,,,,,我们决定绕开堵车路段。,Wǒmen juédìng rào kāi dǔchē lùduàn.,We decided to bypass the traffic jam.
3299,绕口令,rào kǒu lìng,tongue twisters,5,3,绕,to wind;go around,口,mouth,令,to order,,,他说绕口令说得很快,Tā shuō ràokǒulìng shuō de hěn kuài,He says tongue twisters very fast
3300,热气球,rè qì qiú,hot air balloon,5,3,热,hot,气球,balloon,,,,,我们坐热气球看日出。,wǒ men zuò rè qì qiú kàn rì chū.,we watched the sunrise from a hot air balloon.
3301,热情,rè qíng,enthusiastic,5,2,热,hot,感情,feeling,,,,,他对工作很热情。,tā duì gōng zuò hěn rè qíng,He is enthusiastic about work.
3302,热衷于,rè zhōng yú,passionate about;keen on,5,4,热,hot,衷心,heartfelt,关于,about,,,他热衷于运动。,tā rè zhōng yú yùn dòng。,He is keen on sports.
3303,认命,rèn mìng,accept your fate,5,,,,,,,,,,他觉得努力也没用只能认命,tā jué de nǔ lì yě méi yòng zhǐ néng rèn mìng,He felt effort was useless and could only accept fate
3304,人形机器人,rén xíng jī qì rén,humanoid robot,5,3,人,person,形式,form;shape,机器人,robot,,,公司展示了最新的人形机器人。,gōng sī zhǎn shì le zuì xīn de rén xíng jī qì rén。,The company demonstrated its latest humanoid robot.
3305,肉麻,ròu má,corny;cringey,5,3,肉,meat,麻,hemp,,,,,他们在公共场合说的情话太肉麻了,tāmen zài gōnggòng chǎnghé shuō de qínghuà tài ròumá le,Their sweet talk in public was too cheesy
3306,入味,rù wèi,to absorb flavor; flavorful,5,3,进入,enter,味道,flavor,,,,,这个菜多煮一会儿会更入味。,zhè ge cài duō zhǔ yí huìr huì gèng rù wèi.,This dish will absorb more flavor if you cook it a little longer.
3307,软糖,ruǎn táng,soft candy,5,,软,soft,糖,candy,,,,,孩子们喜欢吃软糖,hái zi men xǐ huān chī ruǎn táng,children like to eat gummy candy
3308,三位数,sān wèi shù,three digit number,5,3,三,three,位置,position,数字,number,,,他的工资已经是三位数美元了。,tā de gōng zī yǐ jīng shì sān wèi shù měi yuán le。,His salary is already three digits in dollars.
3309,丧偶,sàng 'ǒu,widowed,5,,,,,,,,,,她在年轻时丧偶,tā zài nián qīng shí sàng ǒu,she was widowed when young
3310,扫码枪,sǎo mǎ qiāng,barcode scanner,5,3,扫码,scan code,枪,gun,,,,,收银员用扫码枪扫商品。,shōu yín yuán yòng sǎo mǎ qiāng sǎo shāng pǐn,The cashier scans items with a barcode scanner.
3311,刹车,shā chē,to brake;a brake,5,,-,,,,,,,,前面有车，快刹车。,qián miàn yǒu chē ， kuài shā chē.,"there’s a car ahead, brake quickly."
3312,晒娃,shài wá,show off one's children online,5,2,晒,to expose to sun,娃娃,doll/child,,,,,她喜欢在朋友圈晒娃。,tā xǐ huān zài péng yǒu quān shài wá.,She likes posting about her kids online.
3313,上旬,shàng xún,start of the month,5,2,上,upper,旬,ten-day period,,,,,活动安排在三月上旬,Huódòng ānpái zài sānyuè shàngxún,The event is scheduled for early March
3314,社会福利,shè huì fú lì,social welfare,5,4,社会,society,福利,welfare,,,,,政府提供社会福利。,zhèng fǔ tí gōng shè huì fú lì。,The government provides welfare.
3315,射了,shè le,to shoot;cum,5,,,,,,,,,,猎人射了那只野兔,lièrén shè le nà zhī yětù,The hunter shot the wild rabbit
3316,深爱,shēn ài,affectionate,5,2,深,deep,爱,love,,,,,他深爱着家人,tā shēn ài zhe jiārén,he deeply loves his family
3317,深度学习,shēn dù xué xí,deep learning,5,,,,,,,,,,深度学习模型常用于图像识别,shēn dù xué xí mó xíng cháng yòng yú tú xiàng shí bié,deep learning models are often used for image recognition
3318,身份验证,shēn fèn yàn zhèng,identity verification,5,,,,,,,,,,登录需要身份验证,dēng lù xū yào shēn fèn yàn zhèng,Login requires identity verification
3319,声母,shēng mǔ,initial consonant,5,4,声音,voice,母,mother,,,,,汉语拼音有声母和韵母。,Hànyǔ pīnyīn yǒu shēngmǔ hé yùnmǔ.,Chinese pinyin has initials and finals.
3320,升温,shēng wēn,warm up,5,4,上升,rise,温度,temperature,,,,,气氛逐渐升温。,qì fēn zhú jiàn shēng wēn,The atmosphere is heating up.
3321,十八线城市,shí bā xiàn chéng shì,tier-18 city,5,4,十八,eighteen,线,line,城市,city,,,他来自一个十八线城市。,tā lái zì yí gè shí bā xiàn chéng shì。,He comes from a very small city.
3322,识别,shì bié,to distinguish;discern,5,2,认识,to know,别,separate,,,,,软件可以识别文字,ruǎn jiàn kě yǐ shí bié wén zì,the software can recognize text
3323,试管,shì guǎn,test tube;IVF,5,2,试,test,管,pipe,,,,,医生把样本放进试管,Yīshēng bǎ yàngběn fàng jìn shìguǎn,The doctor put the sample into a test tube
3324,实习生,shí xí shēng,intern,5,2,实,real,练习,to practice,学生,student,,,公司这周来了三个新的实习生。,gōng sī zhè zhōu lái le sān gè xīn de shí xí shēng.,Three new interns joined the company this week.
3325,事先,shì xiān,in advance;beforehand,5,3,事,matter,先,first,,,,,请事先通知我,Qǐng shìxiān tōngzhī wǒ,Please inform me in advance
3326,始终,shǐ zhōng,all along;throughout;always,5,2,开始,beginning,终于,finally,,,,,他始终相信自己的选择,Tā shǐzhōng xiāngxìn zìjǐ de xuǎnzé,He always believed in his choice
3327,受苦,shòu kǔ,to suffer,5,2,受,to receive,痛苦,pain,,,,,他在战争中受苦,tā zài zhàn zhēng zhōng shòu kǔ,he suffered in the war
3328,守门员,shǒu mén yuán,goalkeeper,5,1,防守,defend,门,gate,员,member,,,他小时候一直当足球队的守门员。,tā xiǎo shí hou yì zhí dāng zú qiú duì de shǒu mén yuán.,He was the goalkeeper on his soccer team as a child.
3329,收起来,shōu qǐ lái,put away,5,3,收,to receive,起来,the beginning and continuation of an action,,,,,把玩具收起来,bǎ wánjù shōu qǐlái,put the toys away
3330,收音机,shōu yīn jī,radio,5,1,收,receive,音乐,voice,机,machine,,,爷爷喜欢用收音机听新闻,yé ye xǐ huān yòng shōu yīn jī tīng xīn wén,grandpa likes listening to news on the radio
3331,赎回,shú huí,redeem;redemption,5,,-,,,,,,,,投资者开始赎回基金。,tóu zī zhě kāi shǐ shú huí jī jīn。,Investors began redeeming funds.
3332,暑假,shǔ jià,summer vacation,5,,,,,,,,,,我们放暑假了,wǒ men fàng shǔ jià le,we are on summer vacation
3333,数据集,shù jù jí,dataset,5,4,数据,data,集,a set;collection,,,,,我们下载了新的数据集,Wǒmen xiàzǎi le xīn de shùjù jí,We downloaded a new dataset
3334,数据清洗,shù jù qīng xǐ,data cleaning,5,,,,,,,,,,在分析前必须进行数据清洗,zài fēn xī qián bì xū jìn xíng shù jù qīng xǐ,data cleaning must be done before analysis
3335,熟人,shú rén,acquaintance,5,2,眼熟,familiar looking,人,person,,,,,这里我没有熟人,zhèlǐ wǒ méiyǒu shúrén,I do not know anyone here
3336,耍酷,shuǎ kù,Playing cool,5,,,,,,,,,,他喜欢在同学面前耍酷,tā xǐ huān zài tóng xué miàn qián shuǎ kù,he likes to act cool in front of classmates
3337,双重标准,shuāng chóng biāo zhǔn,double standards,5,3,双重,double,标准,standard,,,,,他被指责有双重标准,Tā bèi zhǐzé yǒu shuāngchóng biāozhǔn,He is accused of having double standards
3338,双重验证,shuāng chóng yàn zhèng,two factor authentication,5,,,,,,,,,,请启用双重验证来保护账户,qǐng qǐ yòng shuāng chóng yàn zhèng lái bǎo hù zhàng hù,please enable two factor authentication to protect your account
3339,双十二,shuāng shí èr,Double 12 shopping festival,5,,,,,,,,,,双十二也有很多折扣,shuāng shí èr yě yǒu hěn duō zhé kòu,there are also many discounts on double twelve
3340,双性恋,shuāng xìng liàn,bisexual,5,2,双,pair,性别,gender,恋爱,love,,,她公开说自己是双性恋,tā gōngkāi shuō zìjǐ shì shuāng xìng liàn,She publicly said she is bisexual
3341,水坑,shuǐ kēng,puddle,5,2,水,water,坑,pit,,,,,雨后路上有很多水坑,Yǔ hòu lù shàng yǒu hěn duō shuǐkēng,There are many puddles on the road after the rain
3342,说唱,shuō chàng,rap,5,2,说,speak,唱,sing,,,,,他说唱唱得很好,tā shuō chàng chàng de hěn hǎo,he raps very well
3343,硕士,shuò shì,master's degree,5,,,,,,,,,,他正在国外读硕士,tā zhèng zài guó wài dú shuò shì,He is studying for a master’s degree abroad
3344,斯科特,sī kē tè,Scott,5,,,,,,,,,,斯科特正在学习中文,Sīkētè zhèngzài xuéxí Zhōngwén,Scott is learning Chinese
3345,松手,sōng shǒu,to let go,5,2,放松,to loosen,手,hand,,,,,请松手,qǐng sōng shǒu,please let go
3346,苏联,sū lián,Soviet Union,5,4,江苏,"""su"" phonetic",联盟,alliance,,,,,苏联已经解体了。,sū lián yǐ jīng jiě tǐ le,The Soviet Union has already dissolved.
3347,孙中山,sūn zhōng shān,Sun Yat-sen,5,3,孙子,grandson,中,middle,山,mountain,,,孙中山是中国历史上的重要人物。,sūn zhōng shān shì zhōng guó lì shǐ shàng de zhòng yào rén wù.,Sun Yat-sen is an important figure in Chinese history.
3348,碳排放,tàn pái fàng,carbon emission,5,4,碳素,carbon,排放,emission,,,,,减少碳排放是全球的共同目标,jiǎn shǎo tàn pái fàng shì quán qiú de gòng tóng mù biāo,Reducing carbon emissions is a global goal
3349,堂弟,táng dì,younger male cousin (father's brother's child),5,3,堂,hall,弟弟,younger brother,,,,,堂弟很喜欢篮球,táng dì hěn xǐ huan lán qiú,My younger male cousin loves basketball
3350,堂姐,táng jiě,older female cousin (father's brother's child),5,3,堂,hall,姐姐,older sister,,,,,堂姐在北京工作,táng jiě zài běi jīng gōng zuò,My older female cousin works in Beijing
3351,堂妹,táng mèi,younger female cousin (father's brother's child),5,3,堂,hall,妹妹,younger sister,,,,,堂妹很活泼开朗,táng mèi hěn huó pō kāi lǎng,My younger female cousin is cheerful
3352,特例,tè lì,special case;exception,5,4,特,special,例子,example,,,,,这只是一个特例,zhè zhǐ shì yī gè tè lì,this is just a special case
3353,特斯拉,tè sī lā,Tesla,5,,,,,,,,,,他买了一辆特斯拉,tā mǎi le yī liàng tè sī lā,he bought a tesla
3354,疼爱,téng 'ài,to love dearly,5,2,疼,ache,爱,love,,,,,父母很疼爱孩子,fù mǔ hěn téng ài hái zi,parents love their children dearly
3355,体检,tǐ jiǎn,physical examination,5,3,体,body,检查,examination,,,,,我明天要去医院做体检,wǒ míng tiān yào qù yī yuàn zuò tǐ jiǎn,i will go to the hospital for a physical exam tomorrow
3356,体温计,tǐ wēn jì,(body) thermometer,5,2,身体,body,温度,temperature,计算,to calculate,,,他用体温计量体温。,tā yòng tǐ wēn jì liáng tǐ wēn.,he measured his temperature with a thermometer.
3357,天鹅,tiān 'é,swan,5,1,天,sky,鹅,goose,,,,,湖里有几只白天鹅,hú lǐ yǒu jǐ zhī bái tiān é,there are several white swans in the lake
3358,甜点,tián diǎn,dessert,5,2,甜,sweet,点,point,,,,,我最爱巧克力甜点,wǒ zuì ài qiǎo kè lì tián diǎn,i love chocolate desserts
3359,填空,tián kòng,fill in the blank,5,4,填写,fill in,空,empty,,,,,请根据课文内容填空。,qǐng gēn jù kè wén nèi róng tián kòng.,Please fill in the blanks according to the text.
3360,天幕,tiān mù,canopy tent,5,3,天空,sky,屏幕,screen,,,,,露营时我们搭了一个天幕。,lù yíng shí wǒ men dā le yí gè tiān mù.,We set up a canopy while camping.
3361,甜品店,tián pǐn diàn,Dessert Shop,5,,,,,,,,,,我们去甜品店吃蛋糕吧,wǒ men qù tián pǐn diàn chī dàn gāo ba,let's go to the dessert shop to eat cake
3362,天然,tiān rán,natural,5,2,天,today,当然,of course,,,,,这些矿泉水是天然的,zhè xiē kuàng quán shuǐ shì tiān rán de,this mineral water is natural
3363,天台,tiān tái,rooftop,5,4,天空,sky,台,platform,,,,,我们在天台聊天。,wǒ men zài tiān tái liáo tiān。,We chatted on the rooftop.
3364,天文,tiān wén,astronomy,5,1,天,sky,文,arts,,,,,我喜欢天文,Wǒ xǐhuān tiānwén,I like astronomy
3365,跳槽,tiào cáo,job hopping,5,4,跳,jump,槽,trough,,,,,他决定明年跳槽,tā jué dìng míng nián tiào cáo,he decided to change jobs next year
3366,停车标志,tíng chē biāo zhì,stop sign;parking sign,5,3,停,stop,车,vehicle,标志,sign,,,请注意路边的停车标志。,qǐng zhù yì lù biān de tíng chē biāo zhì.,please pay attention to stop signs.
3367,通风,tōng fēng,to ventilate,5,2,通,pass through,风,wind,,,,,房间要经常通风,fángjiān yào jīngcháng tōngfēng,the room needs to be ventilated often
3368,头皮屑,tóu pí xiè,dandruff,5,1,头,head,皮,skin,面包屑,breadcrumbs,,,他经常有很多头皮屑,tā jīngcháng yǒu hěn duō tóupíxiè,He often has a lot of dandruff
3369,偷笑,tōu xiào,chuckle;snicker,5,1,偷偷,secretly,笑,laugh,,,,,她在一旁偷偷地偷笑。,tā zài yì páng tōu tōu de tōu xiào.,she snickered quietly to the side.
3370,投影仪,tóu yǐng yí,projector,5,2,投掷,to cast;hurl;throw,电影,movie,仪器,instrument;apparatus,,,教室里有一个投影仪。,jiào shì lǐ yǒu yī gè tóu yǐng yí.,There is a projector in the classroom.
3371,涂鸦,tú yā,graffiti,5,2,涂,to smear,鸦,crow,,,,,墙上有很多涂鸦,qiáng shàng yǒu hěn duō tú yā,there is a lot of graffiti on the wall
3372,推广,tuī guǎng,promotion;to spread,5,3,推,push,广告,to advertise,,,,,公司正在推广新产品,gōng sī zhèng zài tuī guǎng xīn chǎn pǐn,the company is promoting a new product
3373,托儿所,tuō ér suǒ,childcare center;nursery,5,2,委托,entrust,儿童,child,场所,place,,,孩子被送到托儿所。,hái zi bèi sòng dào tuō ér suǒ。,The child was sent to nursery.
3374,瓦里奥,wǎ lǐ ào,Wario,5,,,,,,,,,,瓦里奥抢走了别人的星星,wǎ lǐ ào qiǎng zǒu le bié rén de xīng xīng,Wario stole someone else’s star
3375,瓦路易吉,wǎ lù yì jí,Waluigi,5,,,,,,,,,,瓦路易吉赢得了小游戏,wǎ lù yì jí yíng dé le xiǎo yóu xì,Waluigi won the mini game
3376,崴脚,wǎi jiǎo,to sprain one's ankle,5,4,崴,sprain,脚,foot,,,,,我下楼梯的时候不小心崴脚了。,wǒ xià lóu tī de shí hou bù xiǎo xīn wǎi jiǎo le.,I accidentally sprained my ankle while going down the stairs.
3377,王八蛋,wáng bā dàn,bastard;jerk,5,4,王,king,八,eight,蛋,egg,,,别叫别人王八蛋。,bié jiào bié rén wáng bā dàn.,Don't call people bastards.
3378,未婚,wèi hūn,unmarried,5,3,未,not yet,婚,marriage,,,,,她还未婚,tā hái wèi hūn,she is still unmarried
3379,卫洗丽,wèi xǐ lì,bidet,5,2,卫生,hygiene,洗,to wash,美丽,beauty,,,动物园厕所装了卫洗丽方便游客看熊猫时使用,dòngwùyuán cèsuǒ zhuāng le wèixǐlì fāngbiàn yóukè kàn xióngmāo shí shǐyòng,The zoo restroom installed a bidet so visitors could use it while seeing pandas
3380,文档,wén dàng,document,5,5,文件,document,档案,file,,,,,我把所有资料整理到了一个文档里。,wǒ bǎ suǒ yǒu zī liào zhěng lǐ dào le yí ge wén dàng lǐ.,I organized all the materials into one document.
3381,问号,wèn hào,question mark,5,2,问,ask,号,mark,,,,,他脸上写满了问号,tā liǎn shàng xiě mǎn le wènhào,his face was full of confusion
3382,文具,wén jù,stationary,5,1,文,writing,具,tool,,,,,我买了新的文具,wǒ mǎi le xīn de wén jù,i bought new stationery
3383,屋里,wū li,indoor,5,4,屋,room,里,inside,,,,,屋里很暖和,wū lǐ hěn nuǎnhuo,it is warm inside the room
3384,误判,wù pàn,misjudge,5,3,错误,error,判断,judge,,,,,裁判承认出现误判。,cái pàn chéng rèn chū xiàn wù pàn。,The referee admitted a misjudgment.
3385,戏法,xì fǎ,magic trick,5,3,游戏,game,法律,law,,,,,魔术师表演了一个戏法。,mó shù shī biǎo yǎn le yí gè xì fǎ,The magician performed a magic trick.
3386,喜好,xǐ hào,preference,5,3,喜欢,to like,法,good,,,,,每个人都有不同的喜好,Měi gèrén dōu yǒu bùtóng de xǐhào,Everyone has different preferences
3387,细菌感染,xì jūn gǎn rǎn,bacterial infection,5,4,细菌,bacteria,感染,infection,,,,,医生说这是细菌感染引起的。,yīshēng shuō zhè shì xìjūn gǎnrǎn yǐnqǐ de,The doctor said it was caused by a bacterial infection.
3388,喜乐,xǐ lè,joy,5,3,喜欢,to like,快乐,happy,,,,,愿你每天都充满喜乐,Yuàn nǐ měitiān dōu chōngmǎn xǐlè,May you be filled with joy every day
3389,洗漱用品,xǐ shù yòng pǐn,toiletries,5,2,洗,wash,漱,gargle,用品,supplies,,,酒店提供洗漱用品,jiǔ diàn tí gōng xǐ shù yòng pǐn,the hotel provides toiletries
3390,瑕疵,xiá cī,flaw;defect;blemish,5,,-,,,,,,,,这件商品有一点瑕疵。,zhè jiàn shāng pǐn yǒu yì diǎn xiá cī.,This product has a small flaw.
3391,先进,xiān jìn,advanced (technology);to advance,5,2,先,first,进入,to enter,,,,,他们采用了先进的技术,tāmen cǎiyòng le xiānjìn de jìshù,they adopted advanced technology
3392,线条小狗,xiàn tiáo xiǎo gǒu,Line Friends dog character,5,4,线条,line,小狗,puppy,,,,,这个表情包是线条小狗。,zhè gè biǎoqíngbāo shì xiàntiáo xiǎogǒu,This sticker is the Line dog character.
3393,线下认识,xiàn xià rèn shí,meet in real life,5,,,,,,,,,,我们线下认识了朋友,Wǒmen xiànxià rènshi le péngyǒu,We met friends offline
3394,闲鱼,xián yú,Chinese eBay,5,4,空闲,idle,鱼,fish,,,,,他在闲鱼上卖掉了旧耳机,tā zài xiányú shàng màidiào le jiù ěrjī,He sold his old headphones on Xianyu
3395,橡皮,xiàng pí,eraser,5,3,橡胶,rubber,皮,skin,,,,,橡皮可以擦掉错误。,xiàng pí kě yǐ cā diào cuò wù.,erasers remove mistakes.
3396,小库巴,xiǎo kù bā,Bowser Jr,5,,,,,,,,,,小库巴帮助了库巴,xiǎo kù bā bāng zhù le kù bā,Bowser Jr helped Bowser
3397,小气鬼,xiǎo qì guǐ,cheapskate,5,1,小,small,生气,angry,鬼,ghost,,,他是个小气鬼,tā shì gè xiǎo qì guǐ,he is a cheapskate
3398,小游戏,xiǎo yóu xì,mini game,5,,,,,,,,,,每回合结束后有一个小游戏,měi huí hé jié shù hòu yǒu yī gè xiǎo yóu xì,a mini game appears after each turn
3399,小资,xiǎo zī,bougie,5,2,小,small,资本,capital,,,,,这家咖啡馆很有小资情调。,zhè jiā kā fēi guǎn hěn yǒu xiǎo zī qíng diào.,this café has a very urban chic vibe.
3400,鞋垫,xié diàn,insole,5,1,鞋,shoe,垫子,mat,,,,,新鞋里最好放上鞋垫,xīn xié lǐ zuìhǎo fàng shàng xiédiàn,It is best to put insoles in new shoes
3401,心电图,xīn diàn tú,electrocardiogram;ECG,5,1,心,heart,电,electricity,图,diagram,,,医生让我做心电图,yī shēng ràng wǒ zuò xīn diàn tú,the doctor asked me to take an ECG
3402,新冠,xīn guàn,COVID-19,5,4,新,new,王冠,crown,,,,,新冠病毒改变了全世界,xīn guàn bìng dú gǎi biàn le quán shì jiè,COVID-19 changed the whole world
3403,心流,xīn liú,flow state,5,4,心情,mood,流动,flow,,,,,写代码的时候，我很容易进入心流状态。,"xiě dài mǎ de shí hou, wǒ hěn róng yì jìn rù xīn liú zhuàng tài.",I easily enter a flow state when I'm coding.
3404,新泽西,xīn zé xī,New Jersey,5,,,,,,,,,,他父母住在新泽西,Tā fùmǔ zhù zài Xīnzéxī,His parents live in New Jersey
3405,行房,xíng fáng,have intercourse,5,4,行,to walk,房间,room,,,,,古代常用行房来指夫妻生活,gǔdài cháng yòng xíngfáng lái zhǐ fūqī shēnghuó,in ancient times the word xingfang was used to describe marital relations
3406,幸亏,xìng kuī,fortunately,5,4,幸运,fortunate,多亏,thanks to,,,,,幸亏你提醒我了。,xìng kuī nǐ tí xǐng wǒ le.,Fortunately you reminded me.
3407,星链,xīng liàn,Starlink,5,3,星星,star,链接,link (website),,,,,他家用的是星链网络。,tā jiā yòng de shì xīng liàn wǎng luò。,His home uses Starlink internet.
3408,星球大战,xīng qiú dà zhàn,Star Wars,5,4,星球,celestial body,大战,war,,,,,星球大战拥有庞大的粉丝群。,xīng qiú dà zhàn yōng yǒu páng dà de fěn sī qún.,star wars has a huge fan base.
3409,需求,xū qiú,needs,5,2,需要,to need,要求,requirement,,,,,市场需求很大,shì chǎng xū qiú hěn dà,the market demand is large
3410,虚伪,xū wěi,hypocritical,5,,,,,,,,,,我不喜欢虚伪的人,wǒ bù xǐ huān xū wěi de rén,I do not like hypocritical people
3411,宣泄,xuān xiè,to vent; release emotions,5,4,宣传,publicize,泄漏,leak,,,,,运动是他宣泄压力的一种方式。,yùn dòng shì tā xuān xiè yā lì de yì zhǒng fāng shì.,Exercise is one way he releases stress.
3412,研发,yán fā,come up with;R&D,5,3,研究,research,开发,develop,,,,,公司投入很多资金用于研发。,gōng sī tóu rù hěn duō zī jīn yòng yú yán fā。,The company invests a lot in R&D.
3413,厌烦,yàn fán,to be sick of,5,2,讨厌,to hate,麻烦,to bother,,,,,我对这种事很厌烦,wǒ duì zhè zhòng shì hěn yànfán,I am tired of this kind of thing
3414,谚语,yàn yǔ,proverb,5,,,,,,,,,,这是一句古老的谚语,zhè shì yī jù gǔ lǎo de yàn yǔ,this is an old proverb
3415,养生,yǎng shēng,health preservation,5,3,营养,nutrition,生活,life,,,,,现在年轻人也开始讲究养生了,xiàn zài nián qīng rén yě kāi shǐ jiǎng jiù yǎng shēng le,Even young people now care about health preservation
3416,液体,yè tǐ,liquid (state),5,4,液,liquid,体,body,,,,,水是一种常见的液体,shuǐ shì yī zhǒng chángjiàn de yètǐ,water is a common liquid
3417,业余时间,yè yú shí jiān,spare time,5,2,业余,amateur,时间,time,,,,,我业余时间学习英语,wǒ yè yú shí jiān xué xí yīng yǔ,i study English in my spare time
3418,仪表盘,yí biǎo pán,dashboard,5,2,仪表,meter,盘,plate,,,,,驾驶员看着仪表盘,jià shǐ yuán kàn zhe yí biǎo pán,The driver looked at the dashboard
3419,遗传,yí chuán,heredity,5,3,遗产,heritage,传,to pass on,,,,,这个病可能会遗传,zhège bìng kěnéng huì yíchuán,this disease may be hereditary
3420,一对三,yī duì sān,1 versus 3 game,5,,,,,,,,,,这个小游戏是一对三,zhè gè xiǎo yóu xì shì yī duì sān,this mini game is 1 versus 3
3421,伊朗,yī lǎng,Iran,5,,,,,,,,,,他计划去伊朗旅行,tā jì huà qù yī lǎng lǚ xíng,he plans to travel to iran
3422,依偎,yī wēi,snuggle,5,,,,,,,,,,她依偎在他的怀里,tā yī wēi zài tā de huái lǐ,she snuggled in his arms
3423,一战,yī zhàn,World War I,5,2,一,one,战,war,,,,,我们学习了一战,Wǒmen xuéxí le yī zhàn,We studied World War I
3424,阴凉,yīn liáng,shady and cool,5,4,阴天,cloudy,凉快,cool,,,,,我们去阴凉的地方休息。,wǒ men qù yīn liáng de dì fang xiū xi。,Let's rest somewhere shady and cool.
3425,樱花,yīng huā,cherry blossom,5,4,樱桃,cherry,花,flower,,,,,樱花季吸引很多游客。,yīng huā jì xī yǐn hěn duō yóu kè.,cherry blossom season attracts many tourists.
3426,应聘者,yìng pìn zhě,(job) applicant,5,3,应聘,to apply,者,one who,,,,,公司面试了很多应聘者,gōngsī miànshì le hěnduō yìngpìnzhě,the company interviewed many applicants
3427,营销,yíng xiāo,marketing,5,3,经营,to run (business),销售,to sell,,,,,这家公司营销做得很好。,zhè jiā gōngsī yíng xiāo zuò de hěn hǎo.,This company does great marketing.
3428,有机的食物,yǒu jī de shí wù,organic food,5,4,有,to have,机,machine,的,of,食物,food,越来越多人选择有机的食物。,yuèláiyuè duō rén xuǎnzé yǒujī de shíwù,More people are choosing organic food.
3429,油烟,yóu yān,cooking fumes,5,2,油,oil,烟,smoke,,,,,厨房油烟很重。,chú fáng yóu yān hěn zhòng,The kitchen has heavy fumes.
3430,有意义,yǒu yì yì,meaningful,5,,,,,,,,,,这次经历对我来说很有意义,zhè cì jīnglì duì wǒ lái shuō hěn yǒu yìyì,This experience was very meaningful to me
3431,优越感,yōu yuè gǎn,sense of superiority,5,4,优秀,excellent,越来越,more and more,感觉,feeling,,,有些人总有优越感。,Yǒuxiē rén zǒng yǒu yōuyuègǎn.,Some people always have a sense of superiority.
3432,油炸圈饼,yóu zhá quān bǐng,donut;doughnut,5,2,油,oil,炸,fry,圈,circle,饼,cake,早餐我买了油炸圈饼,zǎo cān wǒ mǎi le yóu zhá quān bǐng,I bought donuts for breakfast
3433,鱼网,yú wǎng,fishing net,5,4,鱼,fish,网,net,,,,,渔民用鱼网捕鱼。,yú mín yòng yú wǎng bǔ yú.,fishermen catch fish with nets.
3434,元旦节,yuán dàn jié,New Year's Day,5,,,,,,,,,,我们一起庆祝元旦节,wǒ men yī qǐ qìng zhù yuán dàn jié,we celebrate new years day together
3435,圆形,yuán xíng,round shape,5,,,,,,,,,,桌子是圆形的,zhuō zi shì yuán xíng de,the table is round
3436,晕船,yùn chuán,seasick,5,2,头晕,dizzy,船,boat,,,,,我一坐船就晕船,wǒ yī zuò chuán jiù yūn chuán,i get seasick whenever i take a boat
3437,晕机,yùn jī,airsickness,5,2,头晕,dizzy,飞机,airplane,,,,,我飞行时会晕机,wǒ fēi xíng shí huì yūn jī,i get airsick when flying
3438,韵母,yùn mǔ,final vowel,5,4,押韵,rhyme,母,mother,,,,,先学好韵母再练发音。,Xiān xuéhǎo yùnmǔ zài liàn fāyīn.,Learn the finals first then practice pronunciation.
3439,运营,yùn yíng,operations; to operate,5,4,运动,to move,经营,to do business;run,,,,,他负责公司的运营。,tā fù zé gōng sī de yùn yíng。,He is responsible for the company's operations.
3440,债券,zhài quàn,bond,5,2,债务,debt,证券,certificate,,,,,他投资了政府债券。,tā tóu zī le zhèng fǔ zhài quàn。,He invested in government bonds.
3441,兆瓦,zhào wǎ,megawatt,5,3,兆,trillion,瓦,watt,,,,,这座电站的发电能力达到五百兆瓦。,zhè zuò diàn zhàn de fā diàn néng lì dá dào wǔ bǎi zhào wǎ.,The power plant has a generating capacity of 500 megawatts.
3442,折叠自行车,zhé dié zì xíng chē,folding bicycle,5,3,折叠,fold,自行车,bicycle,,,,,折叠自行车方便带上地铁。,zhé dié zì xíng chē fāng biàn dài shàng dì tiě.,A folding bike is convenient to take on the subway.
3443,正态分布,zhèng tài fēn bù,normal distribution,5,,,,,,,,,,人的身高大多符合正态分布,rén de shēn gāo dà duō fú hé zhèng tài fēn bù,human height mostly follows a normal distribution
3444,正弦波,zhèng xián bō,sine wave,5,2,正,straight;correct,弦,string,波,wave,,,这条曲线是正弦波,Zhè tiáo qūxiàn shì zhèngxián bō,This curve is a sine wave
3445,挣扎,zhēng zhá,to struggle,5,,,,,,,,,,他在水里拼命挣扎,Tā zài shuǐ lǐ pīnmìng zhēngzhá,He struggled desperately in the water
3446,政治正确,zhèng zhì zhèng què,political correctness,5,,,,,,,,,,他说话非常注意政治正确,tā shuōhuà fēicháng zhùyì zhèngzhì zhèngquè,He is very careful to be politically correct when speaking
3447,芝麻信用,zhī ma xìn yòng,Sesame Credit,5,4,芝麻,sesame,信用,credit,,,,,芝麻信用分数提高了。,zhī ma xìn yòng fēn shù tí gāo le.,My Sesame Credit score increased.
3448,指南针,zhǐ nán zhēn,compass,5,1,指,finger,南,south,针,needle,,,指南针指向北方,zhǐ nán zhēn zhǐ xiàng běi fāng,the compass points north
3449,直梯,zhí tī,elevator,5,2,直,straight,梯子,ladder,,,,,我们乘直梯上楼,wǒmen chéng zhítī shàng lóu,We took the elevator upstairs
3450,智障,zhì zhàng,mental disability;retard,5,2,智慧,wisdom,障碍,obstacle,,,,,他的话让人觉得有点智障,Tā de huà ràng rén juéde yǒudiǎn zhìzhàng,What he said sounded a bit foolish
3451,钟点房,zhōng diǎn fáng,hourly hotel,5,4,钟,clock,点,point,房间,room,,,他们订了钟点房休息。,tā men dìng le zhōng diǎn fáng xiū xí。,They booked an hourly room.
3452,重口味,zhòng kǒu wèi,strong flavor;too much,5,,,,,,,,,,他吃东西比较重口味,Tā chī dōngxi bǐjiào zhòng kǒuwèi,He likes strong flavors
3453,中年油腻大叔,zhōng nián yóu nì dà shū,middle-aged greasy uncle,5,,,,,,,,,,那个中年油腻大叔很吵,Nàgè zhōngnián yóunì dàshū hěn chǎo,That middle aged greasy man is noisy
3454,中通,zhōng tōng,ZTO Express,5,4,中,middle,通过,pass through,,,,,中通的速度还可以。,zhōng tōng de sù dù hái kě yǐ。,ZTO is fairly fast.
3455,中位数,zhōng wèi shù,median,5,1,中,middle,位,position,数,number,,,工资的中位数比均值更能代表水平,gōng zī de zhōng wèi shù bǐ jūn zhí gèng néng dài biǎo shuǐ píng,the median salary represents the level better than the mean
3456,众议院,zhòng yì yuàn,House of Representatives,5,2,观众,audience,会议,meeting,法院,court,,,法案已在众议院通过。,fǎ àn yǐ zài zhòng yì yuàn tōng guò。,The bill passed the House.
3457,中央电视台,Zhōngyāng diànshìtái,CCTV;Chinese central tv,5,,,,,,,,,,新闻在中央电视台播出。,xīnwén zài zhōngyāng diànshìtái bōchū.,The news was broadcast on CCTV.
3458,皱皱的,zhòu zhòu de,wrinkled,5,,-,,,,,,,,这件衬衫有点皱皱的。,zhè jiàn chèn shān yǒu diǎn zhòu zhòu de.,This shirt looks a bit wrinkled.
3459,主角,zhǔ jué,protagonist,5,1,主要,main,角色,role,,,,,她是这部剧的主角。,tā shì zhè bù jù de zhǔ jué。,She is the protagonist of the show.
3460,主题公园,zhǔ tí gōng yuán,theme park,5,4,主题,theme,公园,park,,,,,这个主题公园周末人特别多。,zhè ge zhǔ tí gōng yuán zhōu mò rén tè bié duō.,This theme park is especially crowded on weekends.
3461,主语,zhǔ yǔ,subject (part of speech),5,1,主,master,语,language,,,,,句子的主语是“我”,jù zi de zhǔ yǔ shì wǒ,the subject of the sentence is “I”
3462,抓痒,zhuā yǎng,scratch an itch,5,4,抓,grab;scratch,痒,itch,,,,,蚊子咬了他不停地抓痒。,wénzi yǎo le tā bùtíng de zhuā yǎng,He kept scratching because of mosquito bites.
3463,椎间盘,zhuī jiān pán,intervertebral disc,5,2,椎骨,vertebra,之间,between,盘,plate,,,医生说他的椎间盘有磨损,yī shēng shuō tā de zhuī jiān pán yǒu mó sǔn,The doctor said his intervertebral disc is worn
3464,椎间盘突出,zhuī jiān pán tū chū,disc herniation,5,2,椎间盘,intervertebral disc,突出,to protrude,,,,,他因为椎间盘突出要做理疗,tā yīn wèi zhuī jiān pán tū chū yào zuò lǐ liáo,He needs physical therapy because of a disc herniation
3465,准确率,zhǔn què lǜ,accuracy,5,4,准确,accurate,率,rate,,,,,这个模型的准确率超过了百分之九十,zhè gè mó xíng de zhǔn què lǜ chāo guò le bǎi fēn zhī jiǔ shí,the accuracy of this model is over ninety percent
3466,自查,zì chá,self-examination;self-check,5,4,自己,self,检查,check,,,,,公司要求自查问题。,gōng sī yāo qiú zì chá wèn tí,The company requires self-checks.
3467,自动售卖机,zì dòng shòu mài jī,vending machine,5,3,自动,automatic,售卖,sell,机器,machine,,,学校里有自动售卖机。,xué xiào lǐ yǒu zì dòng shòu mài jī.,There is a vending machine at school.
3468,字节跳动,zì jié tiào dòng,ByteDance,5,4,字节,byte,跳动,to throb;jump about,,,,,字节跳动开发了很多热门应用。,zì jié tiào dòng kāi fā le hěn duō rè mén yìng yòng。,ByteDance has developed many popular apps.
3469,自卫,zì wèi,self-defense,5,3,自,self,卫生,hygiene,,,,,遇到危险要懂得自卫,Yùdào wēixiǎn yào dǒngdé zìwèi,You should know how to defend yourself in danger
3470,自助,zì zhù,self-service,5,3,自己,self,帮助,help,,,,,今晚我们吃自助。,jīn wǎn wǒ men chī zì zhù,We’re having buffet tonight.
3471,资助,zī zhù,to subsidize,5,2,投资,investment,帮助,help,,,,,学校资助了贫困学生。,xué xiào zī zhù le pín kùn xué shēng,The school supported poor students financially.
3472,租金,zū jīn,rent (amount),5,3,租,rent,资金,funds,,,,,这套房子的租金很高,zhè tào fáng zi de zū jīn hěn gāo,the rent for this house is high
3473,租赁合同,zū lìn hé tóng,lease;rental contract,5,3,租赁,to rent,合同,contract,,,,,我们已经签了租赁合同,Wǒmen yǐjīng qiān le zūlìn hétóng,We have signed the lease
3474,最后一名,zuì hòu yī míng,last place,5,,,,,,,,,,他掉到了最后一名,tā diào dào le zuì hòu yī míng,he fell to last place
3475,坐牢,zuò láo,go to jail,5,3,坐,sit,牢房,jail cell,,,,,他因为诈骗坐牢了。,tā yīn wèi zhà piàn zuò láo le,He went to prison for fraud.
3476,作用,zuò yòng,function;effect,5,3,工作,to work,使用,to use,,,,,这种药的作用很快,zhè zhǒng yào de zuò yòng hěn kuài,this medicine works quickly
3477,作者,zuò zhě,author,5,,,,,,,,,,这本书的作者很低调,zhè běn shū de zuò zhě hěn dī diào,the author of this book is very low key
3478,阿司匹林,ā sī pǐ lín,aspirin,6,,-,,,,,,,,医生让他吃阿司匹林。,yī shēng ràng tā chī ā sī pǐ lín.,the doctor told him to take aspirin.
3479,爱护,ài hù,to cherish;to take care of;to treasure,6,2,爱,love,保护,protect,,,,,我们要爱护环境,wǒ men yào ài hù huán jìng,we must protect the environment
3480,暧昧对象,ài mèi duì xiàng,ambiguous relationship;situationship,6,,,,,,,,,,她和暧昧对象聊天,tā hé ài mèi duì xiàng liáo tiān,she is chatting with her ambiguous partner
3481,艾滋病,ài zī bìng,AIDS,6,,,,,,,,,,我们应该了解艾滋病并减少偏见,wǒ men yīng gāi liǎo jiě ài zī bìng bìng jiǎn shǎo piān jiàn,We should understand AIDS and reduce prejudice
3482,暗淡,àn dàn,dim,6,,,,,,,,,,灯光很暗淡,dēng guāng hěn àn dàn,the light is dim
3483,暗地里,àn dì lǐ,secretly,6,3,暗,dark,地,land,里,interior,,,他暗地里帮助了朋友,tā àndìlǐ bāngzhù le péngyǒu,he secretly helped his friend
3484,暗恋,àn liàn,secret crush,6,4,暗,secret;dark,恋爱,in love,,,,,他一直暗恋她。,tā yī zhí àn liàn tā,He has a crush on her.
3485,按摩椅,àn mó yǐ,massage chair,6,4,按摩,massage,椅子,chair,,,,,商场里有免费的按摩椅。,shāng chǎng lǐ yǒu miǎn fèi de àn mó yǐ,There are free massage chairs in the mall.
3486,安心,ān xīn,peace of mind;at ease; relieved,6,2,安,safe,心,heart,,,,,听到好消息我终于安心了,tīng dào hǎo xiāo xī wǒ zhōng yú ān xīn le,after hearing the good news I finally felt relieved
3487,奥巴马,ào bā mǎ,Barack Obama,6,,-,,,,,,,,奥巴马曾任美国总统。,ào bā mǎ céng rèn měi guó zǒng tǒng.,obama once served as us president.
3488,奥德赛时期,ào dé sài shí qī,Odyssey period,6,4,奥德赛,Odyssey,时期,period,,,,,这是奥德赛时期的故事。,zhè shì ào dé sài shí qī de gù shì,This is a story from the Odyssey period.
3489,拗口,ào kǒu,hard to pronounce;awkward sounding,6,4,执拗,stubborn,口语,spoken language,,,,,这个词有点拗口。,zhè ge cí yǒu diǎn ào kǒu.,This word is hard to pronounce.
3490,奥利奥,ào lì ào,oreo,6,,-,,,,,,,,我最爱吃奥利奥饼干。,wǒ zuì ài chī ào lì ào bǐng gān.,oreo cookies are my favorite.
3491,傲慢,ào màn,arrogant,6,3,骄傲,pride,慢,slow,,,,,他态度很傲慢,Tā tàidù hěn àomàn,He has an arrogant attitude
3492,奥特曼,ào tè màn,Ultraman,6,6,奥地利,Austria,特,special,曼谷,Bangkok,,,奥特曼是我童年的英雄,ào tè màn shì wǒ tóng nián de yīng xióng,Ultraman was my childhood hero
3493,澳元,ào yuán,Australian dollar,6,4,澳洲,Australia,元,dollar,,,,,澳大利亚的货币是澳元。,ào dà lì yà de huò bì shì ào yuán.,Australia's currency is the Australian dollar.
3494,B超,b chāo,ultrasound scan,6,,-,,,,,,,,医生建议她做个B超。,yī shēng jiàn yì tā zuò gè b chāo,The doctor suggested she get an ultrasound scan.
3495,八大菜系,bā dà cài xì,eight major cuisines,6,4,八,eight,大,big,菜,dish,系列,series,中国有八大菜系。,zhōng guó yǒu bā dà cài xì。,China has eight major cuisines.
3496,八达岭,bā dá lǐng,Popular section of the Great Wall near Beijing,6,4,八,eight,到达,arrive,山岭,mountain ridge,,,八达岭是最热门的长城段。,bā dá lǐng shì zuì rè mén de cháng chéng duàn,Badaling is the most popular Great Wall section.
3497,巴基斯坦,bā jī sī tǎn,Pakistan,6,,,,,,,,,,她的朋友来自巴基斯坦,tā de péng yǒu lái zì bā jī sī tǎn,her friend is from pakistan
3498,芭蕾舞,bā lěi wǔ,ballet,6,,-,,,,,,,,她从小学习芭蕾舞。,tā cóng xiǎo xué xí bā lěi wǔ.,she has studied ballet since childhood.
3499,拜登,bài dēng,Biden,6,,,,,,,,,,拜登是美国总统,bài dēng shì měi guó zǒng tǒng,Biden is the president of the United States
3500,白俄罗斯,bái é luó sī,Belarus,6,2,白,white,俄罗斯,Russia,,,,,他计划去白俄罗斯留学。,tā jì huà qù bái é luó sī liú xué.,He plans to study in Belarus.
3501,百货商店,bǎi huò shāng diàn,department store,6,2,百,hundred,货,goods,商店,store,,,我在百货商店买了很多东西,wǒ zài bǎi huò shāng diàn mǎi le hěn duō dōng xi,I bought many things in the department store
3502,百科全书,bǎi kē quán shū,encyclopedia,6,2,百,hundred,科目,subject,全,complete,书,book,百科全书信息全面。,bǎi kē quán shū xìn xī quán miàn.,encyclopedias contain comprehensive information.
3503,摆拍,bǎi pāi,staged photo,6,4,摆脱,to break away from,拍照,take photo,,,,,很多网红视频都是摆拍的。,hěn duō wǎng hóng shì pín dōu shì bǎi pāi de,Many influencer videos are staged.
3504,柏树,bǎi shù,cypress,6,,-,,,,,,,,柏树象征长寿。,bǎi shù xiàng zhēng cháng shòu.,cypress trees symbolize longevity.
3505,白左,bái zuǒ,white leftists,6,4,白,white,左,left,,,,,有人用“白左”来批评他们。,yǒu rén yòng “bái zuǒ” lái pī píng tā men,Some people use “baizuo” to criticize them.
3506,绊倒,bàn dào,to trip;stumble,6,,,,,,,,,,他被石头绊倒了,tā bèi shí tou bàn dǎo le,he tripped over a stone
3507,办理,bàn lǐ,to handle (paperwork),6,4,办,to do,管理,supervise,,,,,去窗口办理业务。,qù chuāng kǒu bàn lǐ yè wù,Go to the counter to handle it.
3508,板栗,bǎn lì,chestnut,6,,-,,,,,,,,糖炒板栗很香。,táng chǎo bǎn lì hěn xiāng.,roasted chestnuts smell great.
3509,般配,bān pèi,well-matched,6,4,一般,so-so,配合,matching,,,,,他们看起来很般配,tā men kàn qǐ lái hěn bān pèi,They look like a good match
3510,板球,bǎn qiú,cricket,6,1,木板,board;plank,球,ball,,,,,印度很多人喜欢板球。,yìn dù hěn duō rén xǐ huān bǎn qiú.,Many people in India like cricket.
3511,版权,bǎn quán,copyright,6,2,版本,version,权利,rights,,,,,这本书受版权保护。,zhè běn shū shòu bǎn quán bǎo hù。,This book is protected by copyright.
3512,半透明,bàn tòu míng,translucent;semi transparent,6,2,半,half,透明,transparent,,,,,窗帘是半透明的,chuāng lián shì bàn tòu míng de,The curtain is semi transparent
3513,班味儿,bān wèi er,office odor;spending too much time at work,6,4,班,work shift,味儿,flavor,,,,,一进宿舍全是班味儿,bān wèi er yī jìn sù shè quán shì bān wèi er,as soon as I entered the dorm it smelled like class vibe
3514,绑架,bǎng jià,kidnapping,6,3,绑定,binding,架,rack,,,,,警方成功解救了绑架案的受害者。,jǐng fāng chéng gōng jiě jiù le bǎng jià àn de shòu hài zhě.,the police successfully rescued the kidnapping victim.
3515,报仇,bào chóu,revenge,6,,,,,,,,,,他发誓要为朋友报仇,tā fā shì yào wèi péng yǒu bào chóu,he swore to avenge his friend
3516,报到,bào dào,to register;check in,6,2,报,report,到,to arrive,,,,,新生要先去学校报到,xīn shēng yào xiān qù xué xiào bào dào,new students must register at the school first
3517,报复,bào fù,revenge,6,2,报告,report,回复,reply,,,,,他选择放下而不是报复。,tā xuǎnzé fàngxià ér bùshì bàofù,He chose to let go instead of taking revenge.
3518,宝贵,bǎo guì,valuable;precious;to value,6,3,宝,treasure,贵,expensive,,,,,时间是最宝贵的财富,shíjiān shì zuì bǎoguì de cáifù,time is the most precious wealth
3519,保洁员,bǎo jié yuán,cleaning staff,6,4,保护,protect,清洁,clean,员工,staff,,,保洁员每天都会打扫走廊。,bǎo jié yuán měi tiān dōu huì dǎ sǎo zǒu láng。,The cleaner cleans the hallway every day.
3520,宝可梦,bǎo kě mèng,Pokémon,6,2,宝宝,baby,可,can,梦想,dream,,,他小时候很喜欢玩宝可梦。,tā xiǎo shí hou hěn xǐ huān wán bǎo kě mèng.,He loved playing Pokémon when he was young.
3521,保留,bǎo liú,to keep; to retain; to hold back,6,3,保护,protect,留,to stay,,,,,他仍然保留着旧习惯,tā réng rán bǎo liú zhe jiù xí guàn,he still keeps his old habits
3522,宝马,bǎo mǎ,BMW,6,4,宝贝,treasure,马,horse,,,,,他终于买到了自己想要的宝马,tā zhōng yú mǎi dào le zì jǐ xiǎng yào de bǎo mǎ,He finally bought the BMW he wanted
3523,抱养,bào yǎng,to adopt (a child),6,3,怀抱,to hug,养,raise,,,,,她是被抱养长大的,tā shì bèi bào yǎng zhǎng dà de,She was adopted and raised
3524,暴躁,bào zào,irritable,6,,,,,,,,,,他脾气很暴躁,tā pí qì hěn bào zào,he has a bad temper
3525,包装纸,bāo zhuāng zhǐ,wrapping paper,6,3,包装,packaging,纸,paper,,,,,礼物用红色包装纸包好,lǐwù yòng hóngsè bāozhuāng zhǐ bāo hǎo,The gift is wrapped in red paper
3526,北半球,běi bàn qiú,Northern Hemisphere,6,2,北,north,半,half,地球,Earth,,,中国位于北半球。,zhōng guó wèi yú běi bàn qiú.,China is in the Northern Hemisphere.
3527,北冰洋,běi bīng yáng,arctic ocean,6,2,北,north,冰,ice,洋,ocean,,,北冰洋气温很低。,běi bīng yáng qì wēn hěn dī.,the arctic ocean is very cold.
3528,背部,bèi bù,back (body part),6,4,背,back,部分,part,,,,,最近我的背部有点疼。,Zuìjìn wǒ de bèibù yǒudiǎn téng.,My back has been hurting recently.
3529,被动,bèi dòng,passive,6,2,被,by,动,move,,,,,他做事总是很被动,tā zuò shì zǒng shì hěn bèi dòng,He is always very passive in doing things
3530,被告,bèi gào,defendant,6,2,被,"passive ""by""",告诉,tell,,,,,被告否认了所有指控。,bèi gào fǒu rèn le suǒ yǒu zhǐ kòng。,The defendant denied all the accusations.
3531,北极,běi jí,Arctic,6,1,北,north,极端,extreme end,,,,,北极气候十分寒冷。,běi jí qì hòu shí fēn hán lěng。,The Arctic climate is extremely cold.
3532,北欧,běi ōu,Northern Europe,6,,,,,,,,,,他打算去北欧旅游,tā dǎ suàn qù běi ōu lǚ yóu,He plans to travel to Northern Europe
3533,背叛者,bèi pàn zhě,traitor,6,5,背叛,to betray,者,one who,,,,,背叛者最终被抓住了,bèi pàn zhě zuì zhōng bèi zhuā zhù le,The traitor was eventually caught
3534,被套,bèi tào,duvet cover,6,3,被子,quilt,套,cover,,,,,我买了新的被套。,wǒ mǎi le xīn de bèi tào,I bought a new duvet cover.
3535,毕竟,bì jìng,after all,6,3,毕业,graduate,竟然,unexpectedly,,,,,他毕竟是你的朋友要体谅他。,tā bì jìng shì nǐ de péngyǒu yào tǐliàng tā.,After all he is your friend so be understanding.
3536,笔顺,bǐ shùn,stroke order,6,4,笔,pen,顺序,order;sequence,,,,,写汉字要注意笔顺。,Xiě Hànzì yào zhùyì bǐshùn.,Pay attention to stroke order when writing Chinese characters.
3537,比熊,bǐ xióng,bichon,6,2,比较,compare,熊,bear,,,,,比熊的毛很蓬松。,bǐ xióng de máo hěn péng sōng.,bichons have fluffy fur.
3538,必选项,bì xuǎn xiàng,mandatory,6,3,必须,must,选项,options,,,,,这个科目是必选项,zhè ge kē mù shì bì xuǎn xiàng,this subject is a compulsory option
3539,鼻音,bí yīn,nasal sound,6,4,鼻子,nose,声音,sound,,,,,他的中文鼻音很重。,tā de zhōng wén bí yīn hěn zhòng,His Chinese has a strong nasal sound.
3540,辨别,biàn bié,discern;distinguish,6,,,,,,,,,,很难辨别真伪,hěn nán biàn bié zhēn wěi,it is hard to distinguish real from fake
3541,蝙蝠侠,biān fú xiá,Batman,6,4,蝙蝠,bat,侠,knight;hero,,,,,蝙蝠侠是黑暗风格的超级英雄。,biān fú xiá shì hēi àn fēng gé de chāo jí yīng xióng.,batman is a dark-style superhero.
3542,边境牧羊犬,biān jìng mù yáng quǎn,border collie,6,3,边境,frontier,牧羊,shepherd,犬,dog,,,边境牧羊犬智商很高。,biān jìng mù yáng quǎn zhì shāng hěn gāo.,border collies are very intelligent.
3543,辩论,biàn lùn,debate;argument,6,2,辩护,to defend,讨论,to discuss,,,,,他们就这个话题展开了辩论,tā men jiù zhè gè huà tí zhǎn kāi le biàn lùn,they held a debate on this topic
3544,辩论会,biàn lùn huì,a debate,6,3,辩论,argument,会议,meeting,,,,,学校下周将举行一场辩论会,xué xiào xià zhōu jiāng jǔ xíng yī chǎng biàn lùn huì,the school will hold a debate next week
3545,便秘,biàn mì,constipated,6,2,大便,to poop,秘密,secret,,,,,最近吃得太少我有点便秘。,zuìjìn chī de tài shǎo wǒ yǒu diǎn biàn mì.,I’ve been eating too little recently and got a bit constipated.
3546,变通,biàn tōng,to be flexible;accommodating,6,3,变化,change,普通,common,,,,,遇到问题要学会变通。,yù dào wèn tí yào xué huì biàn tōng.,You should learn to adapt when facing problems.
3547,变现,biàn xiàn,monetize,6,2,变成,to change into,现金,cash,,,,,他想把流量变现。,tā xiǎng bǎ liú liàng biàn xiàn,He wants to monetize his traffic.
3548,贬义,biǎn yì,derogatory;negative connotation,6,2,贬低,belittle,意义,meaning,,,,,“老美”有时带点贬义。,“lǎo měi” yǒu shí dài diǎn biǎn yì。,“Lao Mei” sometimes has a derogatory meaning.
3549,表白,biǎo bái,confession,6,2,表现,to show,白,white,,,,,他鼓起勇气向她表白,tā gǔ qǐ yǒng qì xiàng tā biǎo bái,he gathered courage to confess to her
3550,标记,biāo jì,to mark (on map),6,2,目标,target,记,to record,,,,,请在地图上标记出来,qǐng zài dì tú shàng biāo jì chū lái,please mark it on the map
3551,表面,biǎo miàn,superficial;surface,6,3,表现,to show,面,face,,,,,表面看起来很平静,biǎo miàn kàn qǐ lái hěn píng jìng,on the surface it looks calm
3552,标识牌,biāo shí pái,signage;signboard,6,,,,,,,,,,门口有一个标识牌,mén kǒu yǒu yī gè biāo shí pái,there is a signboard at the entrance
3553,蹩脚,bié jiǎo,broken (language),6,4,蹩,to limp,脚,foot,,,,,他的英语很蹩脚。,tā de yīng yǔ hěn bié jiǎo,His English is poor.
3554,别扭,biè niu,uncomfortable,6,3,别,don't,扭曲,to twist,,,,,他们之间的气氛有点别扭,Tāmen zhījiān de qìfēn yǒudiǎn bièniu,The atmosphere between them is a bit awkward
3555,别墅,bié shù,villa,6,,-,,,,,,,,那栋别墅很豪华。,nà dòng bié shù hěn háo huá,That villa is luxurious.
3556,濒危物种,bīn wēi wù zhǒng,endangered species,6,3,濒临,on the verge of,危险,danger,物种,species,,,大熊猫是濒危物种。,dà xióng māo shì bīn wēi wù zhǒng.,giant pandas are an endangered species.
3557,冰雹,bīng báo,hail,6,,-,,,,,,,,昨天下了一场冰雹。,zuó tiān xià le yī chǎng bīng báo.,It hailed yesterday.
3558,并发症,bìng fā zhèng,complication,6,3,并且,and,发生,happen,症状,symptom,,,手术后出现了并发症。,shǒu shù hòu chū xiàn le bìng fā zhèng,Complications appeared after the surgery.
3559,病情,bìng qíng,condition;state (of an illness),6,2,病,illness,情况,circumstances,,,,,医生说病情已经稳定,yī shēng shuō bìng qíng yǐ jīng wěn dìng,the doctor said the condition is stable
3560,波动,bō dòng,fluctuation,6,1,波,wave,动,move,,,,,最近的物价波动很大。,zuìjìn de wùjià bōdòng hěn dà.,Prices have fluctuated greatly recently.
3561,博美,bó měi,pomeranian,6,2,博士,PhD,美丽,beautiful,,,,,博美体型小巧。,bó měi tǐ xíng xiǎo qiǎo.,pomeranians are small in size.
3562,伯尼 桑德斯,bó ní sāng dé sī,Bernie Sanders,6,,,,,,,,,,伯尼桑德斯是一位政治家,bó ní sāng dé sī shì yī wèi zhèng zhì jiā,Bernie Sanders is a politician
3563,布达拉宫,bù dá lā gōng,"Potala Palace (Lhasa, Tibet), historic Tibetan palace and monastery",6,5,布,cloth,达,arrive at,拉,pull,宫殿,palace,布达拉宫是拉萨的地标。,bù dá lā gōng shì lā sà de dì biāo,The Potala Palace is a landmark of Lhasa.
3564,不好说,bù hǎo shuō,hard to say,6,,,,,,,,,,明天的天气不好说,míng tiān de tiān qì bù hǎo shuō,it is hard to say what the weather will be tomorrow
3565,不利,bù lì,unfavorable;disadvantageous,6,3,不,not,顺利,smoothly,,,,,这种天气对农作物生长不利,zhè zhǒng tiān qì duì nóng zuò wù shēng zhǎng bú lì,this weather is unfavorable for crops
3566,不满,bù mǎn,dissatisfied,6,,,,,,,,,,他对结果表示不满,tā duì jié guǒ biǎo shì bù mǎn,he expressed dissatisfaction with the result
3567,哺乳动物,bǔ rǔ dòng wù,mammal,6,1,哺乳,breast feeding,动物,animal,,,,,人类是哺乳动物。,rén lèi shì bǔ rǔ dòng wù.,humans are mammals.
3568,不稳定的,bù wěn dìng de,unstable,6,,,,,,,,,,局势很不稳定,jú shì hěn bù wěn dìng,the situation is unstable
3569,补习班,bǔ xí bān,cram school,6,3,补偿,to compensate,学习,to study,班,class,,,他晚上要去补习班,tā wǎn shàng yào qù bǔ xí bān,he has to go to cram school tonight
3570,不信教,bù xìn jiào,nonreligious,6,3,不,not,相信,belive,宗教,religion,,,他不信教,Tā bù xìnjiào,He is not religious
3571,不孕不育,bù yùn bù yù,infertility,6,,,,,,,,,,医院帮助不孕不育夫妇,yīyuàn bāngzhù bùyùn bùyù fūfù,the hospital helps infertile couples
3572,不正确,bù zhèng què,incorrect,6,5,不,not,正确,correct,,,,,你的答案不正确,nǐ de dá àn bù zhèng què,your answer is incorrect
3573,补助,bǔ zhù,subsidy,6,2,补偿,to compensate,帮助,to help,,,,,他得到了政府补助,tā dédàole zhèngfǔ bǔzhù,He received government subsidies
3574,不自觉地,bù zì jué de,unconsciously,6,3,不,not,自,self,觉得,to think,地,particle,他不自觉地笑了,tā bù zì jué de xiào le,he laughed unconsciously
3575,彩带,cǎi dài,ribbon,6,2,彩虹,rainbow,带,belt,,,,,彩带让礼物更好看,cǎidài ràng lǐwù gèng hǎokàn,Ribbons make gifts prettier
3576,彩灯,cǎi dēng,string lights,6,3,彩虹,rainbow,灯,lamp,,,,,街道上挂满彩灯,jiēdào shàng guà mǎn cǎidēng,The streets are full of lights
3577,彩虹糖,cǎi hóng táng,Skittles,6,2,彩虹,rainbow,糖果,candy,,,,,我喜欢吃彩虹糖。,wǒ xǐ huān chī cǎi hóng táng,I like eating Skittles.
3578,财经,cái jīng,finance and economics,6,4,财政,finance,经济,economy,,,,,他每天看财经新闻。,tā měi tiān kàn cái jīng xīn wén。,He watches financial news daily.
3579,踩雷,cǎi léi,step on a landmine; make a blunder,6,3,踩,step on,地雷,landmine,,,,,这次投资算是踩雷了。,zhè cì tóu zī suàn shì cǎi léi le。,This investment turned out to be a blunder.
3580,菜鸟,cài niǎo,rookie,6,4,菜,vegetable,鸟,bird,,,,,我刚来公司还是个菜鸟,cài niǎo wǒ gāng lái gōng sī hái shì gè cài niǎo,I just joined the company I am still a rookie
3581,财政部,cái zhèng bù,treasury;ministry of finance,6,3,财政,finance,政府,government,部门,department,,,财政部发布了新数据。,cái zhèng bù fā bù le xīn shù jù。,The Treasury released new data.
3582,参赛,cān sài,to compete,6,2,参加,to participate,比赛,match,,,,,她打算参赛跑步比赛,tā dǎ suàn cān sài pǎo bù bǐ sài,she plans to participate in the running competition
3583,仓储式超市,cāng chǔ shì chāo shì,warehouse supermarket,6,3,仓库,warehouse,储备,a reserve,方式,style;method,超市,supermarket,我们周末去仓储式超市买东西。,wǒ men zhōu mò qù cāng chǔ shì chāo shì mǎi dōng xi.,We went to a warehouse supermarket over the weekend.
3584,仓鼠,cāng shǔ,hamster,6,2,仓,barn,鼠,rat,,,,,她养了一只可爱的仓鼠,tā yǎng le yī zhī kě ài de cāng shǔ,she has a cute hamster
3585,草绿,cǎo lǜ,grass green,6,4,草,grass,绿色,green,,,,,草绿色很有活力,cǎo lǜ sè hěn yǒu huó lì,Grass green feels lively
3586,蹭腿,cèng tuǐ,to rub against legs,6,,,,,,,,,,猫喜欢蹭我的腿。,māo xǐ huān cèng wǒ de tuǐ.,The cat likes rubbing against my legs.
3587,茶包,chá bāo,tea bag,6,4,茶,tea,包,bag,,,,,我泡了一包茶包。,wǒ pào le yì bāo chá bāo.,I brewed a tea bag.
3588,插话,chā huà,to interrupt (speaking);interruption,6,2,插入,to insert,话,speech,,,,,鹦鹉总是爱插话,yīngwǔ zǒngshì ài chāhuà,Parrots always like to interrupt
3589,茶几,chá jī,coffee table,6,3,茶,tea,几,small table,,,,,茶几上放着一本杂志,chá jī shàng fàng zhe yī běn zá zhì,there’s a magazine on the coffee table
3590,插件,chā jiàn,plug-in (software),6,3,插头,plug,软件,software,,,,,安装这个插件更方便。,ān zhuāng zhè gè chā jiàn gèng fāng biàn,Install this plugin for convenience.
3591,插排,chā pái,power strip,6,1,插头,plug,排,row,,,,,我买了一个新的插排,wǒ mǎi le yí gè xīn de chā pái,I bought a new power strip
3592,柴犬,chái quǎn,shiba inu,6,2,柴,firewood,犬,dog,,,,,柴犬表情很可爱。,chái quǎn biǎo qíng hěn kě ài.,shiba inus have cute expressions.
3593,长达,cháng dá,to extend as long as,6,4,长,long,达到,to reach,,,,,会议长达三个小时。,huì yì cháng dá sān gè xiǎo shí,The meeting lasted three hours.
3594,场面,chǎng miàn,scene,6,3,场,open space,面,side,,,,,婚礼现场的场面非常热闹,hūn lǐ xiàn chǎng de chǎng miàn fēi cháng rè nào,the scene at the wedding was very lively
3595,唱片,chàng piàn,record; vinyl,6,2,唱歌,sing,片,slice,,,,,这张唱片已经绝版了。,zhè zhāng chàngpiàn yǐjīng juébǎn le.,This record is already out of print.
3596,超级英雄,chāo jí yīng xióng,superhero,6,4,超级,super,英雄,hero,,,,,孩子们都喜欢超级英雄电影。,hái zi men dōu xǐ huān chāo jí yīng xióng diàn yǐng.,kids all love superhero movies.
3597,吵闹,chǎo nào,noisy,6,4,to quarrel;argue,argue,热闹,lively,,,,,楼上的小孩太吵闹了。,lóu shàng de xiǎo hái tài chǎo nào le,The children upstairs are too noisy.
3598,超声波,chāo shēng bō,ultrasound,6,3,超,super;ultra-,声,sound,波,wave,,,超声医学科为患者做B超检查,chāo shēng yī xué kē wèi huàn zhě zuò B chāo jiǎn chá,The ultrasound department performs B-ultrasound exams
3599,朝向,cháo xiàng,Orientation;toward,6,,,,,,,,,,房子朝向南边,fáng zi cháo xiàng nán biān,the house faces south
3600,炒鱿鱼,chăo yóu yú,fire someone;get fired;to sack,6,2,炒,to fry,鱿鱼,squid,,,,,他昨天被老板炒鱿鱼了,tā zuó tiān bèi lǎo bǎn chǎo yóu yú le,he was fired by the boss yesterday
3601,超重,chāo zhòng,overweight,6,2,超,super,重,heavy,,,,,行李超重了,xíng lǐ chāo zhòng le,the luggage is overweight
3602,车间,chē jiān,workshop,6,2,车,vehicle,房间,room,,,,,车间里传来机器的轰鸣声,chē jiān lǐ chuán lái jī qì de hōng míng shēng,the workshop was filled with the roar of machines
3603,车轮战,chē lún zhàn,rotation battle;winner stays and loser gets replaced,6,3,车轮,wheel,轮流,take turns,战斗,battle,,,他们采用车轮战消耗对手。,tā men cǎi yòng chē lún zhàn xiāo hào duì shǒu,They used rotation tactics to wear down the opponent.
3604,惩罚,chéng fá,punish;penalty,6,,,,,,,,,,作弊会受到惩罚,zuò bì huì shòu dào chéng fá,cheating will be punished
3605,成功率,chéng gōng lǜ,success rate,6,,,,,,,,,,手术的成功率很高,shǒu shù de chéng gōng lǜ hěn gāo,the success rate of the surgery is high
3606,成果,chéng guǒ,achievement,6,2,成功,success,结果,result,,,,,这些研究成果已经投入应用。,zhè xiē yán jiū chéng guǒ yǐ jīng tóu rù yìng yòng.,these research achievements have been put into use.
3607,成就感,chéng jiù gǎn,sense of accomplishment,6,3,成就,achievement,感觉,feeling,,,,,完成任务让我有成就感,wán chéng rèn wu ràng wǒ yǒu chéng jiù gǎn,Finishing the task gives me a sense of achievement
3608,承诺,chéng nuò,promise,6,,,,,,,,,,他说话算数总是信守承诺。,tā shuōhuà suànshù zǒng shì xìnshǒu chéng nuò.,He keeps his word and always honors his promises.
3609,澄清,chéng qīng,to clarify,6,,-,,,,,,,,他公开澄清事实。,tā gōng kāi chéng qīng shì shí,He clarified the facts publicly.
3610,城市化,chéng shì huà,urbanization,6,3,城市,city,变化,change,,,,,城市化发展很快。,chéng shì huà fā zhǎn hěn kuài.,Urbanization has progressed rapidly.
3611,城乡结合部,chéng xiāng jié hé bù,suburbs;urban-rural fringe,6,3,城市,city,乡村,countryside,结合,combine,部,part,他住在城乡结合部。,tā zhù zài chéng xiāng jié hé bù,He lives in the urban-rural fringe.
3612,尺寸,chǐ cùn,size;dimensions;measurements,6,4,尺子,ruler,寸,inch,,,,,买衣服前最好先确认尺寸。,mǎi yī fu qián zuì hǎo xiān què rèn chǐ cùn.,It is best to confirm the size before buying clothes.
3613,吃到饱,chī dào bǎo,all you can eat,6,3,吃,eat,到,up to,饱,full,,,这家餐厅是吃到饱的,zhè jiā cān tīng shì chī dào bǎo de,this restaurant is all you can eat
3614,吃光,chī guāng,to eat up,6,,,,,,,,,,孩子们把蛋糕吃光了,hái zi men bǎ dàn gāo chī guāng le,The kids ate up all the cake
3615,吃货,chī huò,foodie,6,,吃,to eat,货,goods,,,,,她是个大吃货,chī huò tā shì gè dà chī huò,she is a big foodie
3616,持家,chí jiā,housekeeping,6,3,保持,to maintain,家,house,,,,,她很会持家,tā hěn huì chí jiā,she is good at managing the household
3617,吃胖,chī pàng,to gain weight from eating,6,,,,,,,,,,我最近吃胖了不少,wǒ zuì jìn chī pàng le bù shǎo,I’ve gained quite a bit of weight lately
3618,宠爱,chǒng ài,pamper;to dote on,6,2,宠物,pet,爱,love,,,,,父母很宠爱孩子,fùmǔ hěn chǒngài háizi,parents dote on their children
3619,冲动,chōng dòng,impulse;urge;to have an urge,6,2,冲突,conflict,动,move,,,,,他一时冲动买了很多东西,tā yīshí chōngdòng mǎi le hěnduō dōngxī,he bought many things on impulse
3620,重庆小面,Chóngqìng xiǎo miàn,Chongqing Noodles (very numbing spicy),6,,,,,,,,,,重庆小面特别辣,chóngqìng xiǎo miàn tèbié là,Chongqing noodles are especially spicy
3621,臭虫,chòu chóng,bedbug,6,3,臭,smelly,虫子,insect,,,,,臭虫让人睡不好觉。,chòu chóng ràng rén shuì bù hǎo jiào.,bedbugs make it hard to sleep.
3622,出入境,chū rù jìng,entry and exit (border),6,4,出口,exit,入口,entrance,边境,frontier,,,出入境手续很复杂。,chū rù jìng shǒu xù hěn fù zá,Immigration procedures are complex.
3623,出生率,chū shēng lǜ,birth rate,6,,,,,,,,,,出生率逐渐下降,chū shēng lǜ zhú jiàn xià jiàng,the birth rate is gradually decreasing
3624,触手,chù shǒu,tentacle,6,3,接触,to touch;contact,手,hand,,,,,章鱼有很多触手。,zhāng yú yǒu hěn duō chù shǒu,An octopus has many tentacles.
3625,出台,chū tái,to launch;release,6,2,出,to go out,台,stage,,,,,政府出台了新政策,zhèngfǔ chūtái le xīn zhèngcè,the government introduced a new policy
3626,除夕,chú xī,Chinese New Year's Eve,6,4,除了,except,前夕,eve,,,,,除夕晚上全家团圆。,chú xī wǎn shàng quán jiā tuán yuán.,The whole family reunites on New Year's Eve.
3627,除以,chú yǐ,divided by,6,5,除了,besides,所以,therefore,,,,,十除以二等于五。,shí chú yǐ èr děng yú wǔ,Ten divided by two equals five.
3628,出院,chū yuàn,discharge from hospital,6,2,出,to go out,医院,hospital,,,,,他今天出院了,tā jīn tiān chū yuàn le,he was discharged from the hospital today
3629,传单,chuán dān,flyer;pamphlet,6,3,传播,to spread,单,bill;list,,,,,有人在街上发传单,yǒu rén zài jiē shàng fā chuán dān,Someone is handing out flyers on the street
3630,传奇,chuán qí,legend;legendary,6,2,传统,tradition,奇怪,strange,,,,,他的经历很传奇。,tā de jīng lì hěn chuán qí.,His experience is legendary.
3631,传染病,chuán rǎn bìng,infectious disease;contagious disease,6,3,传,to spread,感染,infection,病,disease,,,这种传染病很危险,zhè zhǒng chuán rǎn bìng hěn wēi xiǎn,this infectious disease is dangerous
3632,传说,chuán shuō,legend;folklore,6,2,传统,tradition,说,speak,,,,,村里流传着一个传说,cūn lǐ liú chuán zhe yī gè chuán shuō,there is a legend in the village
3633,传统的人,chuán tǒng de rén,traditional people,6,,,,,,,,,,他是个很传统的人,tā shì gè hěn chuán tǒng de rén,he is a very traditional person
3634,传销,chuán xiāo,pyramid scheme;MLM,6,3,传,to pass on,销售,sale,,,,,他们被骗进了传销组织,tā men bèi piàn jìn le chuán xiāo zǔ zhī,they were tricked into a pyramid scheme
3635,穿越,chuān yuè,to time-travel,6,4,穿衣服,get dressed,越时空,transcend time and space,,,,,这部小说讲的是穿越故事。,zhè bù xiǎo shuō jiǎng de shì chuān yuè gù shì,This novel is about time travel.
3636,穿脏,chuān zāng,to get dirty from wearing,6,,,,,,,,,,你怎么还穿这件脏衣服,nǐ zěn me hái chuān zhè jiàn zāng yī fú,Why are you still wearing this dirty shirt
3637,创伤,chuāng shāng,trauma,6,2,创造,to create,伤害,harm,,,,,这场事故给他留下了心理创伤,zhè chǎng shì gù gěi tā liú xià le xīn lǐ chuāng shāng,The accident left him with psychological trauma
3638,创造力,chuàng zào lì,creativity,6,,,,,,,,,,艺术需要创造力,yì shù xū yào chuàng zào lì,art requires creativity
3639,创造性,chuàng zào xìng,creativity,6,,,,,,,,,,这项工作需要创造性,zhè xiàng gōng zuò xū yào chuàng zào xìng,this job requires creativity
3640,垂直,chuí zhí,vertical,6,2,下垂,to droop,直,straight,,,,,这堵墙几乎是垂直的,zhè dǔ qiáng jī hū shì chuí zhí de,this wall is almost vertical
3641,唇膏,chún gāo,lip balm,6,3,嘴唇,lip,膏,paste,,,,,她包里总是带着一支唇膏。,tā bāo lǐ zǒng shì dài zhe yì zhī chún gāo.,she always carries a lip balm in her bag.
3642,辞掉,cí diào,quit,6,4,辞职,to resign,掉,to drop,,,,,他辞掉了工作,tā cí diào le gōng zuò,he quit his job
3643,词汇库,cí huì kù,vocabulary bank,6,3,词汇,vocabulary,仓库,warehouse,,,,,我在整理词汇库。,wǒ zài zhěng lǐ cí huì kù,I’m organizing a vocabulary database.
3644,词性,cí xìng,part of speech,6,2,词,word,性格,character/personality,,,,,请标出每个词的词性。,qǐng biāo chū měi gè cí de cí xìng。,Please mark the part of speech of each word.
3645,丛林,cóng lín,jungle,6,3,丛,bush;thicket;shrub,森林,forest,,,,,他们在丛林里探险,tā men zài cóng lín lǐ tàn xiǎn,they are exploring in the jungle
3646,粗门,cū mén,event organizing mini-app,6,4,粗,rough,门,door,,,,,这个老房子的粗门看起来很有年代感。,zhè ge lǎo fáng zi de cū mén kàn qǐ lái hěn yǒu nián dài gǎn.,The rough door of this old house looks very old-fashioned.
3647,脆饼,Cuì bǐng,crackers (omelette),6,,,,,,,,,,奶奶做的脆饼很香,nǎinai zuò de cuìbǐng hěn xiāng,the crispy cookies grandma made smell wonderful
3648,催眠,cuī mián,hypnosis,6,2,催,to urge,睡眠,sleep,,,,,他被催眠师轻易催眠了,Tā bèi cuīmiánshī qīngyì cuīmián le,He was easily hypnotized by the hypnotist
3649,脆藕干张卷,Cuì ǒu gàn zhāng juǎn,crispy dried lotus root roll,6,,,,,,,,,,我尝了脆藕干张卷味道很特别,wǒ cháng le cuì ǒu gān zhāng juǎn wèidào hěn tèbié,I tried the crispy lotus root roll and it tasted special
3650,存够,cún gòu,to save enough money,6,,,,,,,,,,我还没存够钱去旅行,wǒ hái méi cún gòu qián qù lǚ xíng,I haven’t saved enough money to travel
3651,大白毛子,dà bái máo zǐ,big white hairy people;Russians,6,,,,,,,,,,那个大白毛子很强,Dà bái máozi hěn qiáng,That big strong guy is impressive
3652,大不列颠,dà bù liè diān,Great Britain,6,5,大,big,不列颠,Britain,,,,,大不列颠是欧洲的一个岛国,dà bù liè diān shì ōu zhōu de yī gè dǎo guó,Great Britain is an island nation in Europe
3653,大丹犬,dà dān quǎn,Great Dane,6,3,大,big,丹麦,Denmark,犬,dog,,,大丹犬虽然体型很大，但通常性格很温和。,"dà dān quǎn suī rán tǐ xíng hěn dà, dàn tōng cháng xìng gé hěn wēn hé.","Although Great Danes are very large, they are usually gentle."
3654,大二,dà èr,sophomore (college),6,2,大学,college,二,two,,,,,我今年是大二学生,wǒ jīn nián shì dà èr xué shēng,i am a sophomore this year
3655,打飞机,dǎ fēi jī,masturbation,6,4,打,to hit,飞机,plane,,,,,他在开玩笑说打飞机,tā zài kāiwánxiào shuō dǎ fēijī,he was joking about masturbation
3656,大纲,dà gāng,outline,6,,-,,,,,,,,先写一个大纲再动笔。,xiān xiě yī gè dà gāng zài dòng bǐ,Write an outline first.
3657,大号,dà hào,number two;poop;tuba,6,,大,big,号,number,,,,,他早上习惯先上个大号。,tā zǎoshang xíguàn xiān shàng gè dàhào,He usually goes number two in the morning.
3658,大奖赛,dà jiǎng sài,grand prix,6,2,大,big,奖,award,比赛,match,,,参加大奖赛赢得奖杯,cān jiā dà jiǎng sài yíng dé jiǎng bēi,join the grand prix to win the trophy
3659,达美航空,dá měi háng kōng,Delta Airlines,6,3,到达,arrive,美,beautiful,航空,aviation,,,达美航空提供优质服务。,dá měi háng kōng tí gōng yōu zhì fú wù.,Delta Airlines provides quality service.
3660,大盘,dà pán,overall market,6,4,大,big,盘子,plate,,,,,今天大盘整体下跌。,jīn tiān dà pán zhěng tǐ xià diē。,The overall market fell today.
3661,大气层,dà qì céng,atmosphere,6,3,大,big,气,air,层,layer;floor,,,地球被大气层保护着,dì qiú bèi dà qì céng bǎo hù zhe,The Earth is protected by its atmosphere
3662,大三,dà sān,junior (college),6,2,大学,college,三,three,,,,,她现在是大三,tā xiàn zài shì dà sān,she is a junior now
3663,大四,dà sì,senior (college),6,2,大学,college,四,four,,,,,大四的学生很忙,dà sì de xué shēng hěn máng,senior students are very busy
3664,大西洋,dà xī yáng,atlantic ocean,6,2,大,big,西,west,洋,ocean,,,大西洋连接多大洲。,dà xī yáng lián jiē duō dà zhōu.,the atlantic connects many continents.
3665,答应,dā yìng,to promise;answer;respond,6,3,答应,to answer,应该,should,,,,,他答应帮我完成作业,tā dāying bāng wǒ wánchéng zuòyè,he promised to help me finish my homework
3666,大昭寺,dà zhāo sì,"Jokhang Temple (Lhasa, Tibet), sacred Tibetan Buddhist temple",6,5,大小,big,昭,bright,寺庙,temple,,,大昭寺对藏传佛教意义重大。,dà zhāo sì duì zàng chuán fó jiào yì yì zhòng dà,Jokhang Temple is very important to Tibetan Buddhism.
3667,待办事项清单,dài bàn shì xiàng qīng dān,to-do list,6,4,期待,to await,办法,means,事项,matter;item,清单,list,我每天早上都会写待办事项清单,wǒ měi tiān zǎo shang dōu huì xiě dài bàn shì xiàng qīng dān,I write a to-do list every morning
3668,带动,dài dòng,to drive;spur,6,3,带来,to bring,动,move,,,,,新政策带动了经济发展,xīn zhèng cè dài dòng le jīng jì fā zhǎn,the new policy has driven economic growth
3669,代沟,dài gōu,generation gap,6,3,代,generation,沟,ditch,,,,,他们之间的代沟越来越明显。,tā men zhī jiān de dài gōu yuè lái yuè míng xiǎn.,the generation gap between them is becoming more obvious.
3670,代驾,dài jià,designated driver service,6,4,代表,representative,驾驶,drive,,,,,喝酒后最好叫代驾。,hē jiǔ hòu zuì hǎo jiào dài jià.,It's best to use a designated driver after drinking.
3671,带路,dài lù,to lead the way,6,3,带,to carry,路,road,,,,,请你带路到餐厅,Qǐng nǐ dàilù dào cāntīng,Please lead the way to the restaurant
3672,蛋包,dàn bāo,egg pouch,6,,,,,,,,,,他开玩笑叫蛋蛋为蛋包,tā kāiwánxiào jiào dàndàn wéi dànbāo,he jokingly called his balls egg bags
3673,胆大,dǎn dà,bold,6,2,胆量,guts,大,big,,,,,他胆大敢闯。,tā dǎn dà gǎn chuǎng。,He’s bold and daring.
3674,单调,dān diào,monotonous,6,2,单,single,调,tune,,,,,生活有点单调,shēng huó yǒu diǎn dān diào,life is a bit monotonous
3675,蛋酒,dàn jiǔ,eggnog,6,2,蛋,egg,酒,alcohol,,,,,节日期间会喝蛋酒,jiérì qījiān huì hē dànjiǔ,Eggnog is drunk during holidays
3676,单口喜剧,dān kǒu xǐ jù,stand-up comedy,6,3,单,single,口,mouth,喜剧,comedy,,,他是一位非常有才华的单口喜剧演员,tā shì yí wèi fēi cháng yǒu cái huá de dān kǒu xǐ jù yǎn yuán,He is a very talented stand-up comedian
3677,单行道,dān xíng dào,one-way street,6,4,单身,single,行,to walk,道,road,,,前面是单行道。,qián miàn shì dān xíng dào.,the road ahead is one-way.
3678,淡妆,dàn zhuāng,light makeup,6,4,淡,weak;bland,化妆,makeup,,,,,她今天化了淡妆。,tā jīn tiān huà le dàn zhuāng.,She is wearing light makeup today.
3679,当季,dāng jì,in season,6,4,当,just at;right,季节,season,,,,,当季的水果通常更便宜。,dāng jì de shuǐ guǒ tōng cháng gèng pián yi.,Fruit in season is usually cheaper.
3680,挡住,dǎng zhù,to block,6,,,,,,,,,,他用身体挡住了门,tā yòng shēn tǐ dǎng zhù le mén,He blocked the door with his body
3681,稻城亚丁,dào chéng yà dīng,"Daocheng Yading (Sichuan), natural reserve with alpine scenery",6,4,稻田,rice paddy,城市,city,亚丁,Aden,,,稻城亚丁被称为最后的净土。,dào chéng yà dīng bèi chēng wéi zuì hòu de jìng tǔ,Daocheng Yading is called the last pure land.
3682,导弹,dǎo dàn,missile,6,2,指导,to guide,弹,bullet,,,,,那枚导弹成功命中了目标。,nà méi dǎo dàn chéng gōng mìng zhòng le mù biāo。,The missile successfully hit its target。
3683,倒满,dào mǎn,to pour until full,6,,,,,,,,,,请帮我倒满这杯茶,qǐng bāng wǒ dào mǎn zhè bēi chá,Please fill this cup with tea
3684,导入,dǎo rù,to import (digital file),6,4,导致,to lead to,进入,enter,,,,,把数据导入系统。,bǎ shù jù dǎo rù xì tǒng,Import the data into the system.
3685,倒爷,dǎo yé,speculator;reseller,6,4,倒下,to collapse;topple over,爷爷,grandfather,,,,,他靠倒爷生意赚钱。,tā kào dǎo yé shēng yì zhuàn qián.,He makes money by reselling goods.
3686,德国牧羊犬,dé guó mù yáng quǎn,german shepherd,6,4,德国,Germany,牧羊,shepherd,犬,dog,,,德国牧羊犬常被训练成警犬。,dé guó mù yáng quǎn cháng bèi xùn liàn chéng jǐng quǎn.,german shepherds are often trained as police dogs.
3687,得知,dé zhī,to find out;learn,6,3,得到,to get,知道,to know,,,,,我得知他要出国留学,wǒ dé zhī tā yào chū guó liú xué,I learned that he is going abroad to study
3688,灯管,dēng guǎn,Light bulbs,6,,,,,,,,,,-,-,-
3689,灯光,dēng guāng,lighting,6,2,灯,lamp,光,light,,,,,宴会厅的灯光很温暖,yàn huì tīng de dēng guāng hěn wēn nuǎn,the lighting in the banquet hall is warm
3690,等于,děng yú,equals,6,5,等等,et cetera,关于,pertaining to,,,,,二加二等于四,èr jiā èr děng yú sì,two plus two equals four
3691,涤纶,dí lún,polyester,6,,,,,,,,,,这条裤子是涤纶做的,zhè tiáo kù zi shì dí lún zuò de,these pants are made of polyester
3692,地平线,dì píng xiàn,horizon,6,2,地,land,平,flat,线,line,,,太阳慢慢从地平线上升起,tài yáng màn màn cóng dì píng xiàn shàng shēng qǐ,The sun slowly rises from the horizon
3693,低生育率,dī shēngyù lǜ,low birth rate,6,,,,,,,,,,这个国家面临低生育率问题,zhè gè guó jiā miàn lín dī shēng yù lǜ wèn tí,this country faces a low birth rate problem
3694,低头族,dī tóu zú,head down tribe,6,,,,,,,,,,地铁上有很多低头族,dì tiě shàng yǒu hěn duō dī tóu zú,There are many phone addicts on the subway
3695,弟媳,dì xí,sister-in-law (younger brother’s wife),6,,,,,,,,,,弟媳待人很温柔,dì xí dài rén hěn wēn róu,My younger brother’s wife is very gentle
3696,底线,dǐ xiàn,bottom line,6,4,底部,bottom,线,line,,,,,做人要有底线。,zuò rén yào yǒu dǐ xiàn。,One should have a bottom line.
3697,敌意,dí yì,hostility,6,,,,,,,,,,他说话没有任何敌意,tā shuō huà méi yǒu rèn hé dí yì,He spoke without any hostility
3698,电动工具,diàn dòng gōng jù,power tool,6,4,电动,electric,工具,tool,,,,,他用电动工具修家具。,tā yòng diàn dòng gōng jù xiū jiā jù.,he uses power tools to fix furniture.
3699,电流,diàn liú,(electric) current,6,2,电,electricity,流,to flow,,,,,电流很危险,diàn liú hěn wēi xiǎn,electric current is dangerous
3700,店名,diàn míng,store name,6,4,店,store,名,name,,,,,这家店的店名很特别,zhè jiā diàn de diàn míng hěn tè bié,the name of this shop is very special
3701,点燃,diǎn rán,ignite,6,4,点,point,燃料,fuel,,,,,这次演讲点燃了大家的热情。,zhè cì yǎn jiǎng diǎn rán le dà jiā de rè qíng.,the speech ignited everyone’s enthusiasm.
3702,电源,diàn yuán,power supply,6,2,电,electric,源,source,,,,,我找不到手机的电源线,wǒ zhǎo bú dào shǒu jī de diàn yuán xiàn,I can't find the phone's power cable
3703,电熨斗,diàn yùn dǒu,electric iron,6,5,电,electric,熨烫,to iron,铁斗,metal head,,,他用电熨斗烫衣服,tā yòng diàn yùn dǒu tàng yī fú,He uses an electric iron to press clothes
3704,电子锁,diàn zǐ suǒ,electronic lock,6,4,电子,electric,锁,lock,,,,,我家装了电子锁。,wǒ jiā zhuāng le diàn zǐ suǒ.,My home has an electronic lock.
3705,电钻,diàn zuàn,electric drill,6,3,电,electric,钻头,drill,,,,,工人用电钻打孔。,gōng rén yòng diàn zuàn dǎ kǒng.,The worker uses an electric drill to make a hole.
3706,掉毛,diào máo,shedding,6,1,掉,to fall,毛,hair,,,,,春天猫容易掉毛。,chūn tiān māo róng yì diào máo.,Cats shed easily in spring.
3707,爹味,diē wèi,condescending dad like tone;dad vibe,6,4,爹,dad,味道,flavor,,,,,他说话总带点爹味。,tā shuōhuà zǒng dài diǎn diē wèi,He often speaks in a condescending way.
3708,订婚,dìng hūn,to get engaged,6,2,预订,place an order,结婚,to get married,,,,,他们上个月订婚了,tā men shàng gè yuè dìng hūn le,They got engaged last month
3709,订金,dìng jīn,deposit,6,2,预订,to place an order,资金,funds,,,,,他交了一千元订金,tā jiāo le yī qiān yuán dìng jīn,he paid a deposit of one thousand yuan
3710,定制,dìng zhì,customize;custom made,6,3,一定,surely,控制,control,,,,,这件衣服是定制的,zhè jiàn yī fú shì dìng zhì de,this piece of clothing is custom made
3711,钉子户,dīng zi hù,holdout,6,3,钉子,nail,户口,household,,,,,他成了最后一个钉子户。,tā chéng le zuì hòu yī gè dīng zi hù,He became the last holdout resident.
3712,东波,dōng bō,Dongbo,6,5,东,east,波浪,wave,,,,,东波今天没来上班。,dōng bō jīn tiān méi lái shàng bān,Dongbo didn’t come to work today.
3713,东海,dōng hǎi,east china sea,6,4,东,east,海,sea,,,,,东海渔业发达。,dōng hǎi yú yè fā dá.,fishing is developed in the east china sea.
3714,东海岸,dōng hǎi àn,East Coast,6,4,东,east,海岸,seacoast,,,,,他在美国东海岸生活多年。,tā zài měiguó dōng hǎi àn shēnghuó duōnián,He has lived on the US East Coast for many years.
3715,动画片,dòng huà piàn,cartoon (for children),6,3,动,move,画,painting;drawing,照片,picture,,,孩子们正在看动画片。,hái zi men zhèng zài kàn dòng huà piàn,The children are watching cartoons.
3716,洞见,dòng jiàn,insight,6,1,洞,hole,见,see,,,,,他的文章很有洞见。,Tā de wénzhāng hěn yǒu dòngjiàn.,His article contains valuable insights.
3717,动漫,dòng màn,anime and comics,6,4,动画片,cartoon,漫画,caricature;manga,,,,,他从小就喜欢动漫。,tā cóng xiǎo jiù xǐ huan dòng màn,He has liked anime and comics since childhood.
3718,董事会,dǒng shì huì,board of directors,6,4,董事,board member,会议,meeting,,,,,董事会通过了新计划。,dǒng shì huì tōng guò le xīn jì huà,The board approved the new plan.
3719,动作片,dòng zuò piàn,action movie,6,2,动作,movement;action,影片,film,,,,,我喜欢看动作片,Wǒ xǐhuān kàn dòngzuò piān,I like watching action movies
3720,东莞,Dōngguǎn,Dongguan,6,6,东,east,莞地,(uncommon),,,,,东莞是制造业重镇,Dōngguǎn shì zhì zào yè zhòng zhèn,Dongguan is a manufacturing hub
3721,逗猫棒,dòu māo bàng,cat teaser wand,6,,,,,,,,,,猫喜欢追逗猫棒。,māo xǐ huān zhuī dòu māo bàng.,Cats like to chase the teaser wand.
3722,斗牛犬,dòu niú quǎn,bulldog,6,3,斗争,fight,公牛,bull,犬,dog,,,斗牛犬看起来很憨厚。,dòu niú quǎn kàn qǐ lái hěn hān hòu.,bulldogs look very stout.
3723,读对,dú duì,to pronounce correctly,6,,,,,,,,,,你把这个词读对了,nǐ bǎ zhè gè cí dú duì le,You read this word correctly
3724,毒品泛滥,dú pǐn fàn làn,drug abuse,6,,,,,,,,,,这个地区毒品泛滥,zhè gè dì qū dú pǐn fàn làn,this area has rampant drug abuse
3725,赌厅,dǔ tīng,casino,6,1,赌,gamble,厅,hall,,,,,他们去了赌厅,tā men qù le dǔ tīng,they went to the casino hall
3726,读者,dú zhě,reader,6,,,,,,,,,,读者都很喜欢这篇文章,dú zhě dōu hěn xǐ huān zhè piān wén zhāng,readers all like this article
3727,独子,dú zǐ,only son,6,3,独,alone,儿子,son,,,,,他是家里的独子,tā shì jiā lǐ de dú zǐ,he is the only son in the family
3728,断绝,duàn jué,to break off,6,4,断,to sever,绝对,absolute,,,,,他们断绝了联系。,tā men duàn jué le lián xì,They severed contact.
3729,短缺,duǎn quē,shortage,6,3,短,short,缺,lack,,,,,水资源出现短缺,shuǐ zī yuán chū xiàn duǎn quē,there is a shortage of water resources
3730,段子,duàn zi,joke;sketch,6,,,,,,,,,,他讲的段子特别好笑,tā jiǎng de duàn zi tè bié hǎo xiào,the jokes he tells are really funny
3731,对战,duì zhàn,to do battle,6,3,面对,to confront,战争,war,,,,,现在开始对战小游戏,xiàn zài kāi shǐ duì zhàn xiǎo yóu xì,a battle mini game starts now
3732,队长,duì zhǎng,team captain,6,4,队,team,长官,senior official,,,,,队长带领队员出发,duì zhǎng dài lǐng duì yuán chū fā,The captain led the team out
3733,多巴胺,duō bā àn,dopamine,6,,-,,,,,,,,运动能提高多巴胺水平。,yùn dòng néng tí gāo duō bā àn shuǐ píng,Exercise boosts dopamine levels.
3734,多次,duō cì,repeatedly;many times,6,2,多,many,次,times,,,,,他多次提出这个问题,tā duō cì tí chū zhè ge wèn tí,he raised this question many times
3735,多动症,duō dòng zhèng,ADHD,6,1,多,more,动,move,症,disease,,,孩子有多动症需要特别关注。,háizi yǒu duō dòng zhèng xūyào tèbié guānzhù.,The child has ADHD and needs special attention.
3736,躲猫猫,duǒ māo māo,hide-and-seek,6,2,躲藏,to go into hiding,猫猫,cat,,,,,孩子们在玩躲猫猫。,hái zi men zài wán duǒ māo māo,The children are playing hide-and-seek.
3737,多维,duō wéi,multidimensional,6,3,多,many,维,dimension,,,,,我们需要一个多维的分析方法,wǒ men xū yào yí gè duō wéi de fēn xī fāng fǎ,We need a multidimensional method of analysis
3738,多因素认证,duō yīn sù rèn zhèng,multi-factor authentication,6,,,,,,,,,,公司推行多因素认证更安全,Gōngsī tuīxíng duō yīnsù rènzhèng gèng ānquán,The company implements multi factor authentication for better security
3739,多余的枕头,duō yú de zhěn tou,extra pillows,6,,,,,,,,,,床上有多余的枕头,chuáng shàng yǒu duō yú de zhěn tóu,there are extra pillows on the bed
3740,恩爱,ēn ài,deeply in love (couple),6,4,感恩,grateful,爱,love,,,,,他们夫妻很恩爱。,tā men fū qī hěn ēn ài,The couple is very affectionate.
3741,耳鼻喉科,ěr bí hóu kē,otorhinolaryngology;ENT,6,4,耳,ear,鼻子,nose,喉咙,throat,科,department,耳鼻喉科每天都有很多患者来看病,ěr bí hóu kē měi tiān dōu yǒu hěn duō huàn zhě lái kàn bìng,The ENT department receives many patients every day
3742,儿化音,ér huà yīn,erhua pronunciation in Beijing,6,4,儿,er,化,to make into;-ize,声音,voice,,,北京话里儿化音很多。,běi jīng huà lǐ ér huà yīn hěn duō.,Beijing dialect contains a lot of erhua sounds.
3743,儿科,ér kē,pediatrics,6,2,儿童,child,科,department,,,,,儿科医生特别有耐心。,ér kē yī shēng tè bié yǒu nài xīn。,Pediatricians are especially patient。
3744,2009年大衰退,èr líng líng jiǔ nián dà shuāi tuì,2009 Great Recession,6,4,2009年,year 2009,大,big,衰退,recession;decline,,,2009年大衰退影响深远。,èr líng líng jiǔ nián dà shuāi tuì yǐng xiǎng shēn yuǎn。,The 2009 Great Recession had deep impacts.
3745,二手烟,èr shǒu yān,secondhand smoke,6,4,二手,secondhand,烟,smoke,,,,,二手烟对身体危害很大,èr shǒu yān duì shēn tǐ wēi hài hěn dà,Secondhand smoke is very harmful to health
3746,儿媳,ér xí,daughter-in-law,6,,,,,,,,,,我儿媳很孝顺,wǒ ér xí hěn xiào shùn,My daughter-in-law is very filial
3747,二作,èr zuò,second author,6,3,二,two,作者,author,,,,,这本书是他的二作,zhè běn shū shì tā de èr zuò,this is his second work
3748,法案,fǎ àn,bill;act,6,2,法,law,案件,case,,,,,新法案正在审议中。,xīn fǎ àn zhèng zài shěn yì zhōng。,The new bill is under review.
3749,发动机,fā dòng jī,engine,6,3,发,to emit,动,move,机,machine,,,发动机发出奇怪的声音,fā dòng jī fā chū qí guài de shēng yīn,The engine made a strange noise
3750,发福,fā fú,gain weight,6,2,发现,to discover,幸福,happiness,,,,,他退休后开始发福,tā tuì xiū hòu kāi shǐ fā fú,he started to gain weight after retirement
3751,发霉,fā méi,to get moldy,6,4,发,to emit,霉,mold;mildew,,,,,面包放久了会发霉,miàn bāo fàng jiǔ le huì fā méi,Bread will mold if left too long
3752,发射,fā shè,launch,6,4,发,to emit,射,to shoot,,,,,火箭成功发射了,huǒ jiàn chéng gōng fā shè le,The rocket was successfully launched
3753,发帖人,fā tiě rén,poster (online),6,4,发布,to post,帖子,post,人,person,,,发帖人后来删除了帖子。,fā tiě rén hòu lái shān chú le tiě zi.,The poster later deleted the post.
3754,发言人,fā yán rén,spokesperson,6,2,发,to send out,言,speech,人,person,,,政府发言人发表了正式声明,zhèng fǔ fā yán rén fā biǎo le zhèng shì shēng míng,The government spokesperson made an official statement
3755,反常识,fǎn cháng shí,counterintuitive,6,2,反,anti,常见,common,知识,knowledge,,,这个结论有些反常识。,Zhège jiélùn yǒuxiē fǎn chángshí.,This conclusion is somewhat counterintuitive.
3756,帆船,fān chuán,sailboat,6,2,帆布,canvas,船,boat,,,,,帆船靠风前进。,fān chuán kào fēng qián jìn.,sailboats move by wind.
3757,贩毒,fàn dú,drug trafficking,6,3,贩子,dealer;trafficker,毒品,drugs,,,,,贩毒是严重犯罪。,fàn dú shì yán zhòng fàn zuì.,drug trafficking is a serious crime.
3758,翻肚皮,fān dù pí,to roll over (show belly),6,3,翻过来,to flip over,肚皮,belly,,,,,猫翻肚皮要你摸。,māo fān dù pí yào nǐ mō.,The cat rolls over to ask for belly rubs.
3759,反感,fǎn gǎn,to dislike,6,3,反对,to oppose,感,to feel,,,,,我对这种行为很反感,wǒ duì zhè zhǒng xíng wéi hěn fǎn gǎn,I feel disgusted by this behavior
3760,返工,fǎn gōng,to return to work,6,4,返回,return,工作,work,,,,,这部分需要返工。,zhè bù fèn xū yào fǎn gōng,This part needs rework.
3761,饭量,fàn liàng,appetite;food capacity,6,4,饭,rice;food,容量,capacity,,,,,他的饭量很大。,tā de fàn liàng hěn dà,He eats a lot.
3762,烦躁,fán zào,irritable,6,,,,,,,,,,他因为等太久而烦躁,tā yīn wèi děng tài jiǔ ér fán zào,he got annoyed because he waited too long
3763,反正,fǎn zhèng,anyway,6,3,反应,reaction,正常,regular,,,,,"反正我也没什么事, 就去吧","fǎn zhèng wǒ yě méi shén me shì, jiù qù ba","anyway I have nothing to do, so I’ll go"
3764,饭桌,fàn zhuō,dining table,6,2,饭,meal,桌,table,,,,,饭桌上有很多菜,fàn zhuō shàng yǒu hěn duō cài,there are many dishes on the dining table
3765,方打包盒,fāng dǎbāo hé,square packaging box,6,,,,,,,,,,服务员拿来一个方打包盒,fúwùyuán nálái yī gè fāng dǎbāo hé,the waiter brought a square takeaway box
3766,放射,fàng shè,to radiate,6,4,放,to put,辐射,radiation,,,,,这种设备会产生放射,zhè zhǒng shè bèi huì chǎn shēng fàng shè,This device emits radiation
3767,方向盘,fāng xiàng pán,steering wheel,6,2,方向,direction;orientation,盘,plate,,,,,他双手握着方向盘。,tā shuāng shǒu wò zhe fāng xiàng pán.,he held the steering wheel with both hands.
3768,非典,fēi diǎn,SARS,6,4,非,not,典型,typical,,,,,二〇〇三年非典疫情影响了很多人的生活。,èr líng líng sān nián fēi diǎn yì qíng yǐng xiǎng le hěn duō rén de shēng huó.,The SARS outbreak in 2003 affected many people's lives.
3769,非凡,fēi fán,extraordinary,6,2,非,not,平凡,commonplace,,,,,她有着非凡的才华,tā yǒu zhe fēi fán de cái huá,She has extraordinary talent
3770,非机动车道,fēi jī dòng chē dào,non-motorized vehicle lane,6,4,非,not,机动的,motorized,车,vehicle,车道,lane,自行车应走非机动车道。,Zìxíngchē yīng zǒu fēi jīdòngchēdào.,Bicycles should use the non motor vehicle lane.
3771,非理性,fēi lǐ xìng,irrational,6,4,非,not,理由,reason,性,nature,,,他在愤怒时很非理性。,tā zài fèn nù shí hěn fēi lǐ xìng,He becomes irrational when angry.
3772,肥料,féi liào,fertilizer,6,2,肥,fat,料,material,,,,,这种肥料对植物很好,Zhè zhǒng féiliào duì zhíwù hěn hǎo,This fertilizer is good for plants
3773,肥胖,féi pàng,obese;obesity,6,4,肥,fat,胖子,fatty,,,,,肥胖会影响健康,féi pàng huì yǐng xiǎng jiàn kāng,obesity can affect health
3774,分界线,fēn jiè xiàn,demarcation line,6,4,分别,distinguish,边界,boundary,线,line,,,这条河是两地的分界线。,Zhè tiáo hé shì liǎng dì de fēnjièxiàn.,This river is the boundary line between the two areas.
3775,风车,fēng chē,windmill,6,3,风,wind,车,vehicle,,,,,山顶上有一排白色的风车。,shān dǐng shàng yǒu yī pái bái sè de fēng chē.,There is a row of white windmills on the hilltop.
3776,风口期,fēng kǒu qī,window of opportunity,6,4,风险,risk,口,opening,期,period of time,,,直播行业正处于风口期。,zhí bō háng yè zhèng chǔ yú fēng kǒu qī,The livestreaming industry is in a boom period.
3777,丰田,fēng tián,Toyota,6,3,丰富,abundant,油田,oil field,,,,,丰田的车很省油,fēng tián de chē hěn shěng yóu,Toyota cars are very fuel efficient
3778,风投,fēng tóu,venture capital,6,2,风险,risk,投资,invest,,,,,这家公司拿到了风投。,zhè jiā gōng sī ná dào le fēng tóu,The company received venture capital funding.
3779,风味系列,fēng wèi xì liè,Flavored (product) series,6,,,,,,,,,,这款冰淇淋是风味系列,zhè kuǎn bīng qí lín shì fēng wèi xì liè,this ice cream is from the flavor series
3780,风险控制,fēng xiǎn kòng zhì,risk control,6,,,,,,,,,,公司有风险控制机制,gōng sī yǒu fēng xiǎn kòng zhì jī zhì,The company has risk control mechanisms
3781,风向标,fēng xiàng biāo,wind vane;indicator,6,3,风,wind,方向,direction,标志,sign,,,科技股被视为市场风向标。,kē jì gǔ bèi shì wéi shì chǎng fēng xiàng biāo。,Tech stocks are seen as market indicators.
3782,风筝,fēng zhēng,kite,6,,,,,,,,,,今天风大正适合去公园放风筝,jīn tiān fēng dà zhèng shì hé qù gōng yuán fàng fēng zhēng,The wind is strong today perfect for flying kites in the park
3783,佛系,fó xì,very laid back,6,4,佛,Buddha,关系,relationship,,,,,他现在完全是佛系生活,fó xì tā xiàn zài wán quán shì fó xì shēng huó,he is totally living a chill let it be lifestyle now
3784,佛山,Fóshān,Foshan,6,2,佛,Buddha,山,mountain,,,,,佛山是中国武术的重要发源地,Fóshān shì zhōng guó wǔ shù de zhòng yào fā yuán dì,Foshan is an important birthplace of Chinese martial arts
3785,妇产科,fù chǎn kē,obstetrics and gynecology;OBGYN,6,3,妇女,woman,生产,to give birth,,,,,妇产科照顾孕妇和新生儿,fù chǎn kē zhào gù yùn fù hé xīn shēng ér,The obstetrics department cares for pregnant women and newborns
3786,福尔摩斯,fú ěr mó sī,sherlock holmes,6,,-,,,,,,,,福尔摩斯以推理闻名。,fú ěr mó sī yǐ tuī lǐ wén míng.,sherlock holmes is famous for deduction.
3787,复古,fù gǔ,retro,6,2,重复,to repeat,古代,ancient times,,,,,她今天穿了一身复古风的衣服。,tā jīn tiān chuān le yì shēn fù gǔ fēng de yī fu.,She’s wearing a retro outfit today.
3788,副驾驶位,fù jià shǐ wèi,front passenger seat,6,4,副,secondary,驾驶,to drive,位置,position,,,他坐在副驾驶位上。,tā zuò zài fù jià shǐ wèi shàng.,He sat in the front passenger seat.
3789,赋能,fù néng,empower,6,3,天赋,talent;gift,能力,ability,,,,,新技术为传统产业赋能。,xīn jì shù wèi chuán tǒng chǎn yè fù néng.,new technology empowers traditional industries.
3790,负能量,fù néng liàng,negative energy,6,4,负面,negative,能量,energy,,,,,别总是散发负能量,fù néng liàng bié zǒng shì sàn fā fù néng liàng,stop always spreading negative vibes
3791,肤浅,fū qiǎn,superficial,6,2,皮肤,skin,浅,shallow,,,,,他的理解太肤浅了。,tā de lǐ jiě tài fū qiǎn le,His understanding is too superficial.
3792,肤色,fū sè,skin tone;complexion,6,4,皮肤,skin,颜色,color,,,,,这款粉底有多种肤色,zhè kuǎn fěn dǐ yǒu duō zhǒng fū sè,This foundation has many skin tones
3793,辐射,fú shè,radiation;to radiate,6,4,辐,spoke (of a wheel),注射,injection,,,,,手机的辐射其实很小,shǒu jī de fú shè qí shí hěn xiǎo,The radiation from phones is actually very low
3794,复数,fù shù,plural,6,2,重复,repeat,数,number,,,,,英语中名词有单数和复数形式。,yīng yǔ zhōng míng cí yǒu dān shù hé fù shù xíng shì.,"In English, nouns have singular and plural forms."
3795,负相关,fù xiāng guān,negative correlation,6,4,负担,burden,相关,correlation,,,,,温度和用电量负相关,wēn dù hé yòng diàn liàng fù xiāng guān,temperature and electricity use are negatively correlated
3796,福星,fú xīng,lucky star,6,4,幸福,fortune;happiness,星星,star,,,,,她被认为是公司的福星。,tā bèi rènwéi shì gōngsī de fúxīng,She is seen as the company lucky charm.
3797,复印机,fù yìn jī,photocopier;copy machine,6,2,重复,to repeat,印,to print,机,machine,,,复印机坏了,fù yìn jī huài le,the photocopier is broken
3798,浮游生物,fú yóu shēng wù,Plankton,6,,,,,,,,,,海里有很多浮游生物,Hǎi lǐ yǒu hěn duō fúyóu shēngwù,There are many planktons in the sea
3799,改编,gǎi biān,adaptation;to adapt;reorganize;rearrange,6,2,改,to change,编辑,to edit,,,,,这部电影改编自小说,zhè bù diànyǐng gǎibiān zì xiǎoshuō,this movie was adapted from a novel
3800,干脆,gān cuì,straightforward,6,3,干,dry,脆,crisp,,,,,既然迟到了就干脆别去,jìrán chídào le jiù gāncuì bié qù,since you are late you might as well not go
3801,干货,gān huò,useful info;practical tips,6,4,干,dry,货,goods,,,,,这篇文章全是干货。,zhè piān wén zhāng quán shì gān huò。,This article is full of useful info.
3802,赶紧,gǎn jǐn,hurry up;hurriedly,6,,,,,,,,,,你赶紧过来,nǐ gǎn jǐn guò lái,you come here quickly
3803,橄榄绿,gǎn lǎn lǜ,olive green,6,4,橄榄,olive,绿色,green,,,,,橄榄绿外套很实用,gǎn lǎn lǜ wài tào hěn shí yòng,Olive green jackets are practical
3804,感冒灵,gǎn mào líng,cold medicine,6,3,感冒,cold,灵魂,soul,,,,,感冒了可以喝感冒灵。,gǎn mào le kě yǐ hē gǎn mào líng.,you can take ganmaoling when you have a cold.
3805,干涉,gān shè,interfere,6,4,干,dry,涉及,involve,,,,,请不要干涉我的决定,qǐng bú yào gān shè wǒ de jué dìng,Please do not interfere with my decisions
3806,干洗,gān xǐ,dry clean,6,2,干,dry,洗,wash,,,,,这件衣服只能干洗。,Zhè jiàn yīfu zhǐ néng gānxǐ.,This garment can only be dry cleaned.
3807,港币,gǎng bì,Hong Kong dollar,6,3,香港,Hong Kong,货币,currency,,,,,我在银行换了些港币,wǒ zài yín háng huàn le xiē gǎng bì,I exchanged some Hong Kong dollars at the bank
3808,港珠澳大桥,gǎng zhū ào dà qiáo,hong kong–zhuhai–macau bridge,6,4,香港,Hong Kong,珠海,Zhuhai,澳门,Macau,大桥,big bridge,港珠澳大桥连接三地。,gǎng zhū ào dà qiáo lián jiē sān dì.,the bridge connects three regions.
3809,告白,gào bái,confession,6,2,告诉,to tell,白,white,,,,,他终于向她告白了,Tā zhōngyú xiàng tā gàobái le,He finally confessed his love to her
3810,高光,gāo guāng,highlight; peak moment,6,3,高,high,光,bright,,,,,这是他职业生涯的高光时刻。,zhè shì tā zhí yè shēng yá de gāo guāng shí kè.,This was the highlight of his career.
3811,高压锅,gāo yā guō,pressure cooker,6,3,高,high,压力,pressure,锅,pot,,,奶奶用高压锅炖了一只老母鸡,nǎinǎi yòng gāoyāguō dùn le yì zhī lǎomǔjī,Grandma stewed an old hen in a pressure cooker
3812,高原,gāo yuán,plateau,6,3,高,high,草原,grassland,,,,,他第一次来到高原，有点不适应。,tā dì yī cì lái dào gāo yuán ， yǒu diǎn bù shì yìng.,"it was his first time on the plateau, and he felt unwell."
3813,歌剧,gē jù,opera,6,1,歌曲,song,戏剧,drama,,,,,她周末去听了一场歌剧。,tā zhōu mò qù tīng le yì chǎng gē jù.,she went to an opera over the weekend.
3814,隔离,gé lí,isolation;quarantine,6,3,隔壁,next door,距离,distance,,,,,他需要隔离几天。,tā xū yào gé lí jǐ tiān。,He needs to quarantine for a few days.
3815,个人空间,gè rén kōng jiān,personal space,6,,,,,,,,,,我需要个人空间,wǒ xūyào gèrén kōngjiān,I need personal space
3816,根源,gēn yuán,root cause;source,6,4,根,root,来源,source,,,,,问题的根源很复杂,Wèntí de gēnyuán hěn fùzá,The root of the problem is complicated
3817,更年期,gēng nián qī,menopause,6,2,更,more,年,year,期,time period,,,她最近情绪波动大可能是更年期,tā zuì jìn qíng xù bō dòng dà kě néng shì gēng nián qī,Her mood swings lately might be due to menopause
3818,共处,gòng chǔ,to coexist,6,3,共同,jointly,处,place,,,,,不同文化应该和平共处。,bù tóng wén huà yīng gāi hé píng gòng chǔ,Different cultures should coexist peacefully.
3819,公费,gōng fèi,publicly funded,6,4,公,public,费用,fee,,,,,他是公费留学生。,tā shì gōng fèi liú xué shēng,He is a publicly funded international student.
3820,公鸡,gōng jī,rooster,6,2,老公,husband,鸡,chicken,,,,,公鸡每天早上打鸣,gōng jī měi tiān zǎo shàng dǎ míng,the rooster crows every morning
3821,公路车,gōng lù chē,road bike,6,3,公路,highway,单车,bicycle,,,,,骑公路车经过农场能看到马群,qí gōnglùchē jīngguò nóngchǎng néng kàndào mǎqún,Riding a road bike past the farm you can see herds of horses
3822,共鸣,gòng míng,resonance,6,1,共同,common,鸣,bird cry,,,,,这首歌让我有共鸣。,zhè shǒu gē ràng wǒ yǒu gòng míng,This song resonates with me.
3823,功能饮料,gōng néng yǐn liào,energy drink,6,4,功能,function,饮料,drink,,,,,他熬夜时会喝功能饮料。,tā áo yè shí huì hē gōng néng yǐn liào.,he drinks energy drinks when staying up late.
3824,共识,gòng shí,consensus,6,2,共同,common,知识,knowledge,,,,,双方最终达成了一个共识。,shuāng fāng zuì zhōng dá chéng le yí gè gòng shí。,Both sides finally reached a consensus.
3825,公鸭嗓,gōng yā sǎng,croaky voice,6,3,老公,husband,鸭子,duck,嗓子,throat,,,他有一副公鸭嗓。,tā yǒu yí fù gōng yā sǎng.,He has a raspy voice.
3826,公主病,gōng zhǔ bìng,princess syndrome,6,3,公主,princess,病,illness,,,,,她被说有公主病,tā bèi shuō yǒu gōng zhǔ bìng,she is said to have princess syndrome
3827,工作机会,gōng zuò jī huì,Job Opportunities,6,,,,,,,,,,这是一份难得的工作机会,zhè shì yī fèn nán dé de gōng zuò jī huì,this is a rare job opportunity
3828,沟通能力,gōu tōng néng lì,communication skills,6,5,沟通,communicate,能力,ability,,,,,沟通能力是职场中很重要的技能。,gōu tōng néng lì shì zhíchǎng zhōng hěn zhòngyào de jìnéng.,Communication skills are very important in the workplace.
3829,鼓,gǔ,drum,6,,-,,,,,,,,鼓声很震撼。,gǔ shēng hěn zhèn hàn.,the drum sound is powerful.
3830,古典音乐,gǔ diǎn yīn yuè,classical music,6,4,古典,classical,音乐,music,,,,,她每天听古典音乐放松。,tā měi tiān tīng gǔ diǎn yīn yuè fàng sōng.,She listens to classical music every day to relax.
3831,孤儿院,gū ér yuàn,orphanage,6,1,孤独,lonely,儿童,child,院,courtyard,,,他们定期去孤儿院做志愿者。,tā men dìng qī qù gū ér yuàn zuò zhì yuàn zhě。,They regularly volunteer at an orphanage.
3832,骨骼,gǔ gé,skeleton,6,,-,,,,,,,,运动有助于骨骼健康。,Yùndòng yǒuzhù yú gǔgé jiànkāng.,Exercise helps bone health.
3833,骨灰,gǔ huī,ashes;cremated remains,6,2,骨头,bone,灰尘,dust,,,,,骨灰被安放在墓园里。,gǔ huī bèi ān fàng zài mù yuán lǐ,The ashes were placed in the cemetery.
3834,顾家,gù jiā,family oriented,6,3,照顾,to take care of,家,family,,,,,他是一个很顾家的男人,tā shì yí gè hěn gù jiā de nán rén,he is a man who values his family
3835,骨科,gǔ kē,orthopedics department,6,1,骨,bone,科,department,,,,,骨科医生治疗骨折病人,gǔ kē yī shēng zhì liáo gǔ zhé bìng rén,The orthopedic doctor treats bone fracture patients
3836,鼓浪屿,gǔ làng yǔ,Historic island with colonial architecture in Xiamen,6,3,鼓,drum,浪,wave,岛屿,island;islet,,,鼓浪屿没有汽车。,gǔ làng yǔ méi yǒu qì chē,Gulangyu Island has no cars.
3837,怪物,guài wù,monster,6,1,奇怪,strange,物,thing,,,,,他害怕怪物,tā hài pà guài wù,he is afraid of monsters
3838,拐杖糖,guǎi zhàng táng,candy cane,6,2,拐杖,crutch,糖,candy,,,,,拐杖糖常挂在树上,guǎizhàng táng cháng guà zài shù shàng,Candy canes hang on trees
3839,观光巴士,guān guāng bā shì,sightseeing bus,6,4,观光,sightseeing,巴士,bus;coach bus,,,,,我们坐观光巴士游览城市。,wǒ men zuò guān guāng bā shì yóu lǎn chéng shì.,we toured the city by sightseeing bus.
3840,关键词,guān jiàn cí,keywords,6,4,关键,key,词,word,,,,,请写出三个关键词,qǐng xiě chū sān gè guān jiàn cí,please write three keywords
3841,灌木丛,guàn mù cóng,bush,6,4,灌木,shrub,丛林,forest,,,,,兔子从灌木丛里跳出来了,Tùzi cóng guàn mù cóng lǐ tiào chūláile,The rabbit jumped out from the bushes
3842,罐头,guàn tóu,cat canned food,6,,,,,,,,,,猫最喜欢吃鱼味的罐头。,māo zuì xǐ huān chī yú wèi de guàn tóu.,Cats love fish-flavored canned food.
3843,关系型数据库,guān xì xíng shù jù kù,relational database,6,,,,,,,,,,公司使用关系型数据库,gōng sī shǐ yòng guān xì xíng shù jù kù,The company uses a relational database
3844,广告费,guǎng gào fèi,advertising revenue,6,4,广告,advertisement,费用,fee,,,,,广告费很高。,guǎng gào fèi hěn gāo,Ad costs are high.
3845,广告牌,guǎng gào pái,billboard,6,2,广告,advertisement,牌,card,,,,,路边竖着一块广告牌。,lù biān shù zhe yí kuài guǎng gào pái。,There is a billboard beside the road.
3846,光棍,guāng gùn,bachelor;gangster,6,2,光,light,棍子,stick,,,,,他三十岁了还是光棍,tā sān shí suì le hái shì guāng gùn,he’s thirty and still single
3847,光滑,guāng huá,smooth;glossy,6,2,光,light,滑,to slip,,,,,这块石头表面很光滑,Zhè kuài shítou biǎomiàn hěn guānghuá,The surface of this stone is very smooth
3848,贵宾犬,guì bīn quǎn,poodle,6,1,贵,expensive,宾客,esteemed guest,犬,dog,,,贵宾犬很聪明。,guì bīn quǎn hěn cōng míng.,poodles are very smart.
3849,桂皮,guì pí,cinnamon bark,6,3,肉桂,cinnamon,皮,skin,,,,,桂皮能增加香味。,guì pí néng zēng jiā xiāng wèi.,cinnamon adds aroma.
3850,滚床单,gǔn chuáng dān,roll in the sheets,6,,,,,,,,,,有人说他们已经滚床单了,yǒurén shuō tāmen yǐjīng gǔn chuángdān le,some people say they already slept together
3851,过渡,guò dù,transition,6,4,过去,past,渡过,to cross over,,,,,这是一个过渡阶段。,zhè shì yí gè guò dù jiē duàn,This is a transitional stage.
3852,过度自信,guò dù zì xìn,overconfident,6,3,过度,excessive,自信,confidence,,,,,他过度自信,tā guò dù zì xìn,he is overconfident
3853,果断,guǒ duàn,decisive,6,,,,,,,,,,她做事很果断,tā zuò shì hěn guǒ duàn,she is very decisive
3854,过滤器,guò lǜ qì,tea filter;filtering apparatus,6,4,过滤,to filter,器,device,,,,,空气过滤器需要定期更换。,kōng qì guò lǜ qì xū yào dìng qī gēng huàn.,air filters need regular replacement.
3855,哈根达斯,hā gēn dá sī,Häagen-Dazs,6,,,,,,,,,,哈根达斯的冰淇淋很高档,hā gēn dá sī de bīng qí lín hěn gāo dàng,Häagen-Dazs ice cream is considered premium
3856,哈啰,hā luō,Chinese Lime (bike/scooter sharing),6,,,,,,,,,,他用哈啰骑车去动物园,tā yòng hālō qíchē qù dòngwùyuán,He used Hello bike to go to the zoo
3857,哈气,hā qì,to hiss (cat),6,2,哈哈,haha,生气,angry,,,,,冬天的时候他说话都会哈气。,dōng tiān de shí hou tā shuō huà dōu huì hā qì,In winter you can see his breath when he talks.
3858,哈萨克斯坦,hā sà kè sī tǎn,Kazakhstan,6,,,,,,,,,,他们来自哈萨克斯坦,tā men lái zì hā sà kè sī tǎn,they come from kazakhstan
3859,哈士奇,hā shì qí,husky,6,,-,,,,,,,,哈士奇精力非常旺盛。,hā shì qí jīng lì fēi cháng wàng shèng.,huskies are very energetic.
3860,海蓝,hǎi lán,sea blue,6,4,海洋,sea,蓝色,blue,,,,,海蓝色很清爽,hǎi lán sè hěn qīng shuǎng,Sea blue feels fresh
3861,海马,hǎi mǎ,seahorse,6,4,海,sea,马,horse,,,,,海马是一种非常可爱的海洋动物,hǎi mǎ shì yì zhǒng fēi cháng kě ài de hǎi yáng dòng wù,Seahorses are very cute sea animals
3862,海湾国家,hǎi wān guó jiā,Gulf countries,6,3,海,sea,湾,bay,国家,country,,,很多海湾国家出口石油。,hěn duō hǎi wān guó jiā chū kǒu shí yóu。,Many Gulf countries export oil.
3863,海象,hǎi xiàng,walrus,6,1,海,sea,象,elephant,,,,,海象的牙齿很长,hǎi xiàng de yá chǐ hěn cháng,the walrus has long teeth
3864,韩剧,hán jù,Korean drama,6,4,韩国,South Korea,电视剧,TV drama,,,,,她最近在追韩剧。,tā zuì jìn zài zhuī hán jù。,She has been watching Korean dramas lately.
3865,航母,háng mǔ,aircraft carrier,6,2,航空,aviation,母舰,mother ship,,,,,这艘航母具备远洋作战能力。,zhè sōu háng mǔ jù bèi yuǎn yáng zuò zhàn néng lì.,this aircraft carrier has blue-water combat capability.
3866,航拍,háng pāi,aerial photography,6,4,航空,aviation,拍照,take photos,,,,,这段视频是无人机航拍的。,zhè duàn shì pín shì wú rén jī háng pāi de.,This video was filmed with aerial photography.
3867,好莱坞,hǎo lái wù,Hollywood,6,,-,,,,,,,,好莱坞出产了很多电影。,hǎoláiwù chūchǎn le hěn duō diànyǐng,Hollywood has produced many movies.
3868,和好,hé hǎo,make up;reconcile,6,2,和平,peace,好,good,,,,,他们吵架后很快和好。,tāmen chǎojià hòu hěn kuài hé hǎo,They made up quickly after arguing.
3869,贺卡,hè kǎ,greeting card,6,3,祝贺,congratulations,卡,card,,,,,她写了一张贺卡,tā xiě le yì zhāng hèkǎ,She wrote a greeting card
3870,荷兰,hé lán,Holland;Netherlands,6,,-,,,,,,,,荷兰有很多风车。,hé lán yǒu hěn duō fēng chē.,the netherlands has many windmills.
3871,和尚,hé shang,monk,6,4,和平,peace,时尚,fashion,,,,,寺庙里的和尚每天早起诵经,sì miào lǐ de hé shang měi tiān zǎo qǐ sòng jīng,the monks in the temple get up early to chant
3872,核污染,hé wū rǎn,nuclear contamination,6,3,核,nuclear,污染,pollution,,,,,人们担心核污染,rén men dān xīn hé wū rǎn,people worry about nuclear contamination
3873,合作社,hé zuò shè,cooperative,6,3,合作,to cooperate,社,society,,,,,他们成立了一个农业合作社,Tāmen chénglì le yī gè nóngyè hézuòshè,They founded an agricultural cooperative
3874,合肥,Héféi,Hefei,6,4,合适,suitable,肥,fat,,,,,合肥是安徽的省会城市,Héféi shì Ānhuī de shěng huì chéng shì,Hefei is the capital city of Anhui
3875,黑豆,hēi dòu,black bean,6,4,黑,black,豆,bean,,,,,黑豆营养丰富。,hēi dòu yíng yǎng fēng fù.,black beans are nutritious.
3876,黑红,hēi hóng,infamy,6,3,黑,black,红,red,,,,,她靠争议变得黑红,tā kào zhēng yì biàn de hēi hóng,She became famous through controversy
3877,黑客帝国,hēi kè dì guó,The Matrix,6,2,黑客,hacker,帝国,empire,,,,,黑客帝国探讨现实与虚拟。,hēi kè dì guó tàn tǎo xiàn shí yǔ xū nǐ.,the matrix explores reality and the virtual world.
3878,黑麦面包,hēi mài miàn bāo,rye bread,6,2,黑,black,麦,wheat,面包,bread,,,黑麦面包口感扎实。,hēi mài miàn bāo kǒu gǎn zhā shí.,rye bread has a dense texture.
3879,黑神话悟空,hēi shén huà wù kōng,Black Myth Wukong (game),6,4,黑,black,神仙,myth,悟空,Wukong,天空,sky,《黑神话悟空》上线后引起了广泛讨论。,Hēi Shén Huà Wù Kōng shàngxiàn hòu yǐnqǐ le guǎngfàn tǎolùn.,Black Myth Wukong sparked widespread discussion after its release.
3880,黑猩猩,hēi xīng xīng,chimpanzee,6,3,黑,black,猩猩,orangutan,,,,,动物园里的黑猩猩非常聪明,dòng wù yuán lǐ de hēi xīng xing fēi cháng cōng míng,The chimpanzee at the zoo is very intelligent
3881,很有年代感,hěn yǒu niándài gǎn,very old-fashioned,6,,,,,,,,,,这张照片很有年代感,zhè zhāng zhàopiàn hěn yǒu niándài gǎn,this photo has a strong sense of age
3882,恒大,héng dà,Evergrande,6,4,永恒,eternal,大,big,,,,,恒大曾是大型房企。,héng dà céng shì dà xíng fáng qǐ,Evergrande used to be a major developer.
3883,宏村,hóng cūn,Picturesque ancient village in Anhui,6,3,宏,macro,乡村,village,,,,,宏村的建筑保存得很好。,hóng cūn de jiàn zhù bǎo cún de hěn hǎo,Hongcun’s architecture is well preserved.
3884,红毛丹,hóng máo dān,rambutan;rumbutan,6,5,红,red,毛,hair,丹,red,,,她买了一些红毛丹,tā mǎi le yī xiē hóng máo dān,she bought some rambutans
3885,红烧牛肉面,Hóngshāo niúròu miàn,Braised Beef Noodles,6,,,,,,,,,,红烧牛肉面非常美味,hóngshāo niúròu miàn fēicháng měiwèi,braised beef noodles are very delicious
3886,后视镜,hòu shì jìng,rearview mirror,6,3,后,back,监视,to monitor,镜子,mirror,,,请先看后视镜。,qǐng xiān kàn hòu shì jìng.,please check the rearview mirror first.
3887,后座,hòu zuò,back seat,6,4,后,back,座位,seat,,,,,孩子坐在汽车后座。,hái zi zuò zài qì chē hòu zuò.,The child is sitting in the back seat of the car.
3888,蝴蝶结,hú dié jié,knotted bow,6,3,蝴蝶,butterfly,结,knot,,,,,她戴了一个粉色蝴蝶结。,tā dài le yī gè fěn sè hú dié jié。,She wore a pink bow.
3889,湖蓝,hú lán,lake blue,6,4,湖,lake,蓝色,blue,,,,,湖蓝色像清澈的水,hú lán sè xiàng qīng chè de shuǐ,Lake blue looks like clear water
3890,湖畔,hú pàn,lakeside,6,5,湖,lake,畔,shore;boundary,,,,,我们在湖畔散步,wǒ men zài hú pàn sàn bù,We took a walk by the lakeside
3891,沪漂,hù piāo,Shanghai drifter,6,3,沪语,Shanghainese,漂移,to drift,,,,,他大学毕业后成了沪漂。,tā dà xué bì yè hòu chéng le hù piāo,After graduating from college he became a migrant worker in Shanghai.
3892,忽视,hū shì,to neglect;ignore,6,3,忽然,suddenly,视,look at,,,,,健康不能被忽视,jiànkāng bùnéng bèi hūshì,health cannot be ignored
3893,户外活动,hù wài huó dòng,outdoor activities,6,,,,,,,,,,夏天适合多参加户外活动,xiàtiān shìhé duō cānjiā hùwài huódòng,Summer is suitable for more outdoor activities
3894,呼吸管,hū xī guǎn,snorkel,6,1,呼吸,breathe,管子,tube,,,,,潜水员用呼吸管呼吸空气。,qián shuǐ yuán yòng hū xī guǎn hū xī kōng qì.,Divers use a snorkel to breathe air.
3895,花茶,huā chá,floral tea,6,4,花,flower,茶,tea,,,,,她喜欢喝花茶,tā xǐ huān hē huā chá,she likes to drink flower tea
3896,花豆,huā dòu,pinto bean,6,3,花,flower,豆,bean,,,,,花豆常用于炖菜。,huā dòu cháng yòng yú dùn cài.,pinto beans are used in stews.
3897,花光,huā guāng,to spend up one's money,6,,,,,,,,,,他一个月的工资都花光了,tā yí gè yuè de gōng zī dōu huā guāng le,He spent all his salary in a month
3898,花环,huā huán,wreath,6,1,花,flower,环,ring,,,,,门上挂着绿色花环,mén shàng guàzhe lǜsè huāhuán,A green wreath hangs on the door
3899,画家,huà jiā,painter,6,,,,,,,,,,那位画家正在画风景,nà wèi huà jiā zhèng zài huà fēng jǐng,that painter is painting a landscape
3900,画廊,huà láng,gallery,6,2,画,painting,走廊,corridor;hallway,,,,,她的画在画廊展出,Tā de huà zài huàláng zhǎnchū,Her paintings are on display in a gallery
3901,花栗鼠,huā lì shǔ,chipmunk,6,3,花,flower,栗子,chestnut,鼠,rat,,,花栗鼠喜欢吃坚果,huā lì shǔ xǐ huān chī jiān guǒ,chipmunks like eating nuts
3902,话梅,huà méi,preserved plum,6,3,话,speech,梅,plum,,,,,我喜欢含一颗话梅。,wǒ xǐ huān hán yì kē huà méi.,i like sucking on a preserved plum.
3903,华山,huà shān,"Mount Hua (Shaanxi), famous for steep cliffs and hiking trails",6,3,华,magnificent;China,山,mountain,,,,,华山以险峻著称。,huà shān yǐ xiǎn jùn zhù chēng,Mount Hua is famous for its steepness.
3904,华盛顿,huá shèng dùn,George Washington,6,,-,,,,,,,,华盛顿是美国首任总统。,huá shèng dùn shì měi guó shǒu rèn zǒng tǒng.,washington was the first us president.
3905,滑鼠,huá shǔ,computer mouse,6,2,滑,slippery,小鼠,mouse,,,,,新电脑配备了无线滑鼠,xīn diàn nǎo pèi bèi le wú xiàn huá shǔ,the new computer has a wireless mouse
3906,桦树,huà shù,birch,6,,-,,,,,,,,桦树树皮很白。,huà shù shù pí hěn bái.,birch bark is white.
3907,滑雪场,huá xuě chǎng,ski resort,6,3,滑雪,ski,场,open space,,,,,我们周末去滑雪场玩,Wǒmen zhōumò qù huáxuěchǎng wán,We are going to the ski resort this weekend
3908,怀旧,huái jiù,nostalgia,6,3,怀孕,pregnant,旧,old,,,,,这部电影让人很怀旧。,zhè bù diàn yǐng ràng rén hěn huái jiù.,This movie makes people feel nostalgic.
3909,坏笑,huài xiào,evil smile;wicked grin;mischievous smile,6,2,坏,bad,微笑,smile,,,,,他露出一个坏笑。,tā lù chū yí gè huài xiào.,he showed a mischievous smile.
3910,幻觉,huàn jué,hallucination;illusion,6,2,幻想,delusion,觉,feel,,,,,他病得厉害时会产生幻觉,tā bìng de lìhai shí huì chǎnshēng huànjué,he had hallucinations when he was very sick
3911,欢乐颂,huān lè sòng,Ode to Joy (TV show),6,4,欢乐,joy;gaiety,颂歌,carol,,,,,我最近在看欢乐颂。,wǒ zuì jìn zài kàn huān lè sòng,I’ve been watching Ode to Joy.
3912,环球,huán qiú,worldwide,6,2,环,ring,球,ball,,,,,他梦想着来一次环球旅行,tā mèng xiǎng zhe lái yī cì huán qiú lǚ xíng,he dreams of taking a trip around the world
3913,换算,huàn suàn,to convert (currency/units),6,4,换,change,计算,calculate,,,,,需要把单位换算一下。,xū yào bǎ dān wèi huàn suàn yī xià,You need to convert the units.
3914,环卫工人,huán wèi gōng rén,sanitation worker,6,4,环境,environment,卫生,hygiene,工人,worker,,,环卫工人每天很早开始工作。,huán wèi gōng rén měi tiān hěn zǎo kāi shǐ gōng zuò.,Sanitation workers start work very early every day.
3915,黄金时代,huáng jīn shí dài,golden age,6,3,黄金,gold,时代,era,,,,,那是电影的黄金时代,nà shì diàn yǐng de huáng jīn shí dài,that was the golden age of movies
3916,黄金周,huáng jīn zhōu,Golden Week,6,4,黄金,gold,周,week,,,,,我们打算黄金周去旅游,wǒ men dǎ suàn huáng jīn zhōu qù lǚ yóu,We plan to travel during Golden Week
3917,黄焖,huáng mèn,braised in yellow sauce,6,4,黄,yellow,焖,stew,,,,,今天吃黄焖鸡吧。,jīn tiān chī huáng mèn jī ba.,Let's have braised chicken today.
3918,灰产,huī chǎn,gray industry,6,4,灰色,gray,产业,industry,,,,,灰产游走在法律边缘。,huī chǎn yóu zǒu zài fǎ lǜ biān yuán。,Gray industries operate on the legal edge.
3919,灰心,huī xīn,discouraged,6,1,灰,gray,心,heart,,,,,他因为失败很灰心,tā yīn wèi shī bài hěn huī xīn,he is discouraged
3920,回忆录,huí yì lù,memoir,6,2,回忆,to recall,记录,to record,,,,,他出版了一本回忆录。,Tā chūbǎn le yì běn huíyìlù.,He published a memoir.
3921,火柴,huǒ chái,matchstick,6,2,火,fire,柴,firewood,,,,,我用火柴点燃蜡烛,wǒ yòng huǒ chái diǎn rán là zhú,i lit the candle with a match
3922,霍尔木兹海峡,huò ěr mù zī hǎi xiá,Strait of Hormuz,6,4,霍尔木兹,Hormuz,海峡,strait;channel,,,,,霍尔木兹海峡具有重要战略意义。,huò ěr mù zī hǎi xiá jù yǒu zhòng yào zhàn lüè yì yì。,The Strait of Hormuz has major strategic importance.
3923,火化,huǒ huà,cremation,6,2,火,fire,变化,change,,,,,这具遗体被火化了,zhè jù yí tǐ bèi huǒ huà le,the body was cremated
3924,火烈鸟,huǒ liè niǎo,flamingo,6,3,火,fire,激烈,intense,鸟,bird,,,动物园新来了几只火烈鸟,dòng wù yuán xīn lái le jǐ zhī huǒ liè niǎo,the zoo got a few new flamingos
3925,继承,jì chéng,inherit;inheritance,6,2,继续,continue,承诺,to promise,,,,,他继承了父亲的公司。,tā jì chéng le fù qīn de gōng sī,He inherited his father’s company.
3926,记仇,jì chóu,hold a grudge;vengeful,6,2,记,remember,仇恨,to hate,,,,,他很爱记仇,tā hěn ài jì chóu,he likes to hold grudges
3927,鸡蛋壳,jī dàn ké,egg shell,6,4,鸡蛋,egg,壳,shell;casing,,,,,地上有鸡蛋壳，小心滑倒。,"dì shàng yǒu jī dàn ké, xiǎo xīn huá dǎo",There are eggshells on the ground—watch out.
3928,机动,jī dòng,motorized,6,2,机,machine,动,move,,,,,这种工具使用起来很机动,Zhè zhǒng gōngjù shǐyòng qǐlái hěn jīdòng,This tool is very flexible to use
3929,基督徒,jī dū tú,Christian person,6,,,,,,,,,,他是一个基督徒,tā shì yī gè jī dū tú,he is a christian
3930,继父,jì fù,stepfather,6,3,继续,continue,父亲,father,,,,,继父对我很好,jì fù duì wǒ hěn hǎo,My stepfather treats me well
3931,激化,jī huà,intensify,6,3,激动,to excite,变化,change,,,,,他们的矛盾被进一步激化,tā men de máo dùn bèi jìn yí bù jī huà,their conflict was further intensified
3932,季节限定,jì jié xiàn dìng,Seasonal limited,6,,,,,,,,,,这是季节限定口味,zhè shì jì jié xiàn dìng kǒu wèi,this is a seasonal flavor
3933,季凌姐,jì líng jiě,Ji Ling jie,6,5,季节,season,凌晨,very early morning,姐姐,older sister,,,季凌姐在公司很受欢迎。,jì líng jiě zài gōng sī hěn shòu huān yíng,Sister Jiling is very popular at the company.
3934,继母,jì mǔ,stepmother,6,3,继续,continue,母亲,mother,,,,,继母很有耐心,jì mǔ hěn yǒu nài xīn,My stepmother is patient
3935,继女,jì nǚ,stepdaughter,6,3,继续,continue,女儿,daughter,,,,,继女已经上大学了,jì nǚ yǐ jīng shàng dà xué le,My stepdaughter is already in college
3936,鸡皮疙瘩,jī pí gē da,goose bumps,6,3,鸡,chicken,皮,skin,疙瘩,pimple,,,听到那个故事我起了一身鸡皮疙瘩,tīng dào nà ge gù shì wǒ qǐ le yì shēn jī pí gē da,I got goosebumps when I heard that story
3937,激情,jī qíng,passion,6,3,激动,excited,感情,emotion,,,,,他对音乐充满激情,tā duì yīn yuè chōng mǎn jī qíng,He is full of passion for music
3938,集体,jí tǐ,collective,6,3,集中,to concentrate;centralize,整体,the whole entity,,,,,这是集体决定。,zhè shì jí tǐ jué dìng,This is a collective decision.
3939,鸡尾酒,jī wěi jiǔ,cocktail,6,2,鸡,chicken,尾巴,tail,酒,alcohol,,,他点了一杯鸡尾酒,tā diǎn le yī bēi jī wěi jiǔ,he ordered a cocktail
3940,即兴,jí xìng,impromptu,6,2,立即,immediately,兴奋,excited,,,,,他的发言是即兴的。,tā de fā yán shì jí xìng de.,his speech was improvised.
3941,急性病,jí xìng bìng,acute illness,6,2,急,urgent,性,nature,病,disease,,,医生说他得了急性病,yī shēng shuō tā dé le jí xìng bìng,the doctor said he had an acute illness
3942,继子,jì zǐ,stepson,6,3,继续,continue,儿子,son,,,,,我把继子当亲生孩子一样,wǒ bǎ jì zǐ dāng qīn shēng hái zi yí yàng,I treat my stepson like my own child
3943,加大,jiā dà,to increase,6,2,加,add,大,big,,,,,公司要加大投资,gōng sī yào jiā dà tóu zī,the company will increase investment
3944,加菲猫,jiā fēi māo,Garfield,6,5,加,to add,菲律宾,the Philippines,猫,cat,,,加菲猫最爱吃千层面,jiā fēi māo zuì ài chī qiān céng miàn,Garfield loves eating lasagna
3945,价格战,jià gé zhàn,price war,6,4,价格,price,战争,war,,,,,行业里爆发了价格战。,háng yè lǐ bào fā le jià gé zhàn,A price war broke out in the industry.
3946,加盟店,jiā méng diàn,franchise store,6,4,加盟,to become an alliance,店,store,,,,,这是一家知名品牌的加盟店,zhè shì yī jiā zhī míng pǐn pái de jiā méng diàn,this is a franchise store of a famous brand
3947,加沙,jiā shā,Gaza,6,3,加,add,沙,sand,,,,,新闻报道了加沙,xīn wén bào dào le jiā shā,the news reported on Gaza
3948,家乡话,jiā xiāng huà,native dialect,6,3,家乡,hometown,话,speech,,,,,她说家乡话很亲切,Tā shuō jiāxiāng huà hěn qīnqiè,She speaks her hometown dialect warmly
3949,加元,jiā yuán,Canadian dollar,6,4,加拿大,Canada,元,dollar,,,,,我用加元在加拿大购物。,wǒ yòng jiā yuán zài jiā ná dà gòu wù.,I used Canadian dollars to shop in Canada.
3950,剑,jiàn,sword,6,,,,,,,,,,他挥动着锋利的剑,准备迎接挑战,tā huī dòng zhe fēng lì de jiàn
3951,检测,jiǎn cè,detection,6,3,检查,inspection,预测,predict,,,,,医生建议他做血液检测,yī shēng jiàn yì tā zuò xuè yè jiǎn cè,the doctor suggested he take a blood test
3952,简称,jiǎn chēng,abbreviation,6,1,简,simple,称为,called,,,,,中国共产党简称中共,zhōngguó gòngchǎndǎng jiǎnchēng zhōnggòng,the communist party of china is abbreviated as cpc
3953,坚持,jiān chí,insist;persist,6,,,,,,,,,,她每天坚持跑步,tā měi tiān jiān chí pǎo bù,she insists on running every day
3954,简化,jiǎn huà,to simplify,6,3,简单,simple,变化,change,,,,,我们需要简化流程。,wǒ men xū yào jiǎn huà liú chéng。,We need to simplify the process.
3955,间接,jiàn jiē,indirectly,6,3,之间,between,直接,direct,,,,,这是间接影响。,zhè shì jiàn jiē yǐng xiǎng,This is an indirect impact.
3956,键盘侠,jiàn pán xiá,keyboard warriors,6,,,,,,,,,,网上有很多喜欢骂人的键盘侠,wǎng shàng yǒu hěn duō xǐ huān mà rén de jiàn pán xiá,There are many keyboard warriors who like to insult others online
3957,柬埔寨,jiǎn pǔ zhài,Cambodia,6,,,,,,,,,,柬埔寨有很多古迹,jiǎn pǔ zhài yǒu hěn duō gǔ jì,cambodia has many historical sites
3958,健身器材,jiàn shēn qì cái,fitness equipment,6,4,健身,fitness,机器,machine,材料,material,,,健身房有很多健身器材。,jiàn shēn fáng yǒu hěn duō jiàn shēn qì cái.,The gym has lots of fitness equipment.
3959,姜饼人,jiāng bǐng rén,gingerbread man,6,4,姜,ginger,饼干,biscuit,人,person,,,孩子们装饰姜饼人,háizimen zhuāngshì jiāngbǐng rén,Children decorate gingerbread men
3960,僵尸,jiāng shī,zombie,6,2,僵硬,stiff,尸体,corpse,,,,,这部电影里有很多僵尸,zhè bù diàn yǐng lǐ yǒu hěn duō jiāng shī,There are many zombies in this movie
3961,降息,jiàng xī,interest rate cut,6,4,降低,to reduce,利息,(loan) interest,,,,,市场预计央行可能降息。,shì chǎng yù jì yāng háng kě néng jiàng xī。,Markets expect a possible rate cut.
3962,降噪耳机,jiàng zào ěr jī,noise-canceling headphones,6,4,降低,lower,噪音,noise,耳机,headphones,,,我戴着降噪耳机学习。,wǒ dài zhe jiàng zào ěr jī xué xí。,I study with noise-canceling headphones.
3963,江浙沪,jiāng zhè hù,"Jiangsu, Zhejiang and Shanghai",6,,,,,,,,,,我住在江浙沪地区,Wǒ zhù zài Jiāng Zhè Hù dìqū,I live in the Jiangsu Zhejiang Shanghai area
3964,讲座,jiǎng zuò,course of lectures,6,5,演讲,lecture,座,seat,,,,,我们参加了一个讲座,wǒ men cān jiā le yī gè jiǎng zuò,we attended a lecture
3965,脚本,jiǎo běn,script,6,4,脚,foot,笔记本,notebook,,,,,他正在写电影脚本。,tā zhèng zài xiě diàn yǐng jiǎo běn,He is writing a movie script.
3966,教程,jiào chéng,tutorial,6,1,教育,education,程序,procedure,,,,,网上有很多免费的教程。,Wǎngshàng yǒu hěn duō miǎnfèi de jiàochéng.,There are many free tutorials online.
3967,交互式图表,jiāo hù shì tú biǎo,interactive chart,6,3,交流,communication,相互,mutual;each other,方式,style,图表,chart,我们做了交互式图表,wǒ men zuò le jiāo hù shì tú biǎo,We made interactive charts
3968,教科书,jiào kē shū,textbook,6,2,教,teach,学科,subject,书,book,,,学生们打开教科书,xué shēng men dǎ kāi jiào kē shū,the students opened their textbooks
3969,酵母,jiào mǔ,yeast,6,2,发酵,ferment,母亲,mother,,,,,做面包需要酵母。,zuò miàn bāo xū yào jiào mǔ。,Making bread requires yeast.
3970,教师,jiào shī,teacher,6,,,,,,,,,,他是我们学校的教师,tā shì wǒ men xué xiào de jiào shī,he is a teacher in our school
3971,交通事故,jiāo tōng shì gù,Traffic Accidents,6,,,,,,,,,,昨天发生了一起交通事故,zuó tiān fā shēng le yī qǐ jiāo tōng shì gù,there was a traffic accident yesterday
3972,交易所交易基金,jiāo yì suǒ jiāo yì jī jīn,ETF,6,4,交易所,exchange,交易,trade,基金,fund,,,他买了一个交易所交易基金。,tā mǎi le yī gè jiāo yì suǒ jiāo yì jī jīn。,He bought an ETF.
3973,结肠镜,jié cháng jìng,colonoscopy,6,2,结,knot,肠,intestines,镜头,camera lens,,,医生建议他做结肠镜检查,yī shēng jiàn yì tā zuò jié cháng jìng jiǎn chá,the doctor suggested he have a colonoscopy
3974,接触,jiē chù,to contact;touch,6,,,,,,,,,,他第一次接触这个领域,tā dì yī cì jiē chù zhè gè lǐng yù,It’s his first time coming into contact with this field
3975,解读,jiě dú,interpretation;to interpret,6,3,了解,to understand,读,to read,,,,,学者正在解读这篇古代文献,xué zhě zhèng zài jiě dú zhè piān gǔ dài wén xiàn,Scholars are interpreting this ancient document
3976,姐夫,jiě fu,brother-in-law (older sister’s husband),6,3,姐,elder sister,丈夫,husband,,,,,我姐夫是医生,wǒ jiě fu shì yī shēng,My brother-in-law is a doctor
3977,借记卡,jiè jì kǎ,debit card,6,4,借,borrow,记录,to record,卡,card,,,我用借记卡付款。,wǒ yòng jiè jì kǎ fù kuǎn,I pay with a debit card.
3978,接近,jiē​ jìn,to approach,6,2,接,to receive,近,near,,,,,我们接近目的地了,wǒ men jiē jìn mù dì dì le,we are close to the destination
3979,捷径,jié jìng,shortcut,6,,,,,,,,,,找到捷径赢得优势,zhǎo dào jié jìng yíng dé yōu shì,find a shortcut to gain an advantage
3980,节日气氛,jié rì qì fēn,holiday spirit,6,4,节日,festival,气氛,atmosphere,,,,,音乐让节日气氛更浓,yīnyuè ràng jiérì qìfēn gèng nóng,Music enhances the festive mood
3981,结实,jiē shi,strong;sturdy;durable,6,3,结构,structure,实,real,,,,,超市的袋子很结实 你不用担心他会在半路破,Chāoshì de dàizǐ hěn jiēshi nǐ bùyòng dānxīn tā huì zài bànlù pò,"The bags in the supermarket are very sturdy, so you don't have to worry about them breaking halfway (home)."
3982,街舞,jiē wǔ,street dance,6,3,街道,street,跳舞,dance,,,,,街舞在年轻人中很流行。,jiē wǔ zài nián qīng rén zhōng hěn liú xíng.,street dance is popular among young people.
3983,节育,jié yù,to practice birth control,6,4,调节,to adjust,孕育,to be pregnant,,,,,医生介绍了节育方法。,yī shēng jiè shào le jié yù fāng fǎ.,The doctor explained birth control methods.
3984,结账,jié zhàng,pay the bill;bill please,6,3,结果,outcome,账号,account,,,,,吃完饭我们去前台结账。,chī wán fàn wǒ men qù qián tái jié zhàng.,After eating we went to the counter to pay the bill.
3985,截肢,jié zhī,amputation,6,3,截至,as of;up to (now),肢体,limb,,,,,事故严重到不得不截肢。,shìgù yánzhòng dào bùdé bù jiézhī,The accident was so serious that amputation was required.
3986,截止时间,jié zhǐ shí jiān,deadline,6,,,,,,,,,,报名的截止时间是明天,bào míng de jié zhǐ shí jiān shì míng tiān,The registration deadline is tomorrow
3987,接住,jiē zhù,to catch something thrown,6,,,,,,,,,,他一伸手就接住了球,tā yì shēn shǒu jiù jiē zhù le qiú,He caught the ball with one move
3988,节奏,jié zòu,rhythm,6,4,节拍,beat,演奏,to perform music,,,,,这首歌的节奏很好,zhè shǒu gē de jié zòu hěn hǎo,this song has a good rhythm
3989,禁忌,jìn jì,taboo,6,,,,,,,,,,这是文化中的禁忌,zhè shì wén huà zhōng de jìn jì,this is a taboo in the culture
3990,尽量,jǐn liàng,try one's best;as much as possible,6,3,尽管,despite,力量,power,,,,,我会尽量早点到。,wǒ huì jǐn liàng zǎo diǎn dào.,i will arrive as early as possible.
3991,禁令,jìn lìng,ban; prohibition,6,3,禁止,prohibit,命令,order,,,,,政府宣布了一项新的禁令。,zhèng fǔ xuān bù le yí xiàng xīn de jìn lìng.,The government announced a new ban.
3992,金门大桥,jīn mén dà qiáo,golden gate bridge,6,4,金,gold,门,gate,大,big,桥,bridge,金门大桥是旧金山地标。,jīn mén dà qiáo shì jiù jīn shān dì biāo.,the golden gate bridge is a san francisco landmark.
3993,谨慎,jǐn shèn,cautious,6,,,,,,,,,,他做事很谨慎,tā zuò shì hěn jǐn shèn,he is very cautious
3994,近万,jìn wàn,"nearly 10,000",6,,,,,,,,,,报名人数近万,Bàomíng rénshù jìn wàn,Registrations are close to ten thousand
3995,济南,Jǐnán,Jinan,6,4,经济,economy,南,south,,,,,济南的趵突泉非常有名,Jǐnán de Bào Tū Quán fēi cháng yǒu míng,Baotu Spring in Jinan is very famous
3996,鲸,jīng,whale,6,,,,,,,,,,鲸是海洋中最大的动物,jīng shì hǎi yáng zhōng zuì dà de dòng wù,whales are the largest animals in the ocean
3997,经费,jīng fèi,funding,6,3,经济,economy,费,expenses,,,,,学校缺少研究经费,xuéxiào quēshǎo yánjiū jīngfèi,the school lacks research funding
3998,净化,jìng huà,to purify,6,1,干净,clean,变化,change,,,,,空气净化器可以净化空气。,kōng qì jìng huà qì kě yǐ jìng huà kōng qì,An air purifier can purify the air.
3999,经济学,jīng jì xué,economics,6,3,经济,economy,科学,science,,,,,他主修经济学。,tā zhǔ xiū jīng jì xué.,he majors in economics.
4000,经济制裁,jīng jì zhì cái,economic sanctions,6,,,,,,,,,,这个国家遭受经济制裁,zhè gè guó jiā zāo shòu jīng jì zhì cái,the country is under economic sanctions
4001,精品,jīng pǐn,premium product,6,4,精彩,wonderful,产品,goods,,,,,这是一家精品店。,zhè shì yì jiā jīng pǐn diàn.,This is a boutique shop.
4002,惊人,jīng rén,astonishing;amazing,6,3,惊讶,to surprise,人,person,,,,,这个消息真是惊人,zhè gè xiāo xī zhēn shì jīng rén,this news is truly shocking
4003,精神内耗,jīng shén nèi hào,mental burnout from overthinking,6,3,精神,spirit,内耗,internal friction,,,,,我整天想太多感觉精神内耗很严重,wǒ zhěngtiān xiǎng tài duō gǎnjué jīngshén nèihào hěn yánzhòng,I overthink all day and feel mentally drained
4004,惊叹号,jīng tàn hào,exclamation mark,6,2,惊讶,surprised,叹,sigh,号,mark,,,惊叹号可以表达强烈的情感,jīng tàn hào kě yǐ biǎo dá qiáng liè de qíng gǎn,An exclamation mark expresses strong emotions
4005,警惕,jǐng tì,to be alert;vigilant,6,,,,,,,,,,我们要对网络诈骗保持警惕,wǒ men yào duì wǎng luò zhà piàn bǎo chí jǐng tì,We must stay alert against online scams
4006,酒红,jiǔ hóng,wine red,6,4,红酒,wine,红色,red,,,,,酒红色显得高雅,jiǔ hóng sè xiǎn de gāo yǎ,Wine red looks elegant
4007,纠结,jiū jié,dilemma;struggle mentally,6,4,纠正,to correct,结,knot,,,,,别再纠结了。,bié zài jiū jié le。,Stop overthinking.
4008,菊花,jú huā,chrysanthemum,6,,-,,,,,,,,菊花常在秋天开放。,jú huā cháng zài qiū tiān kāi fàng.,chrysanthemums often bloom in autumn.
4009,巨人,jù rén,giant,6,2,巨大,huge,人,person,,,,,故事里有一个巨人,gù shì lǐ yǒu yī gè jù rén,there is a giant in the story
4010,据说,jù shuō,allegedly;it is said that,6,2,根据,according to,说,speech,,,,,据说他明年要搬家,jù shuō tā míng nián yào bān jiā,it is said that he will move next year
4011,剧透,jù tòu,to spoil (plot),6,2,电视剧,TV drama,透明,transparent,,,,,别给我剧透结局。,bié gěi wǒ jù tòu jié jú,Don’t spoil the ending for me.
4012,句型,jù xíng,sentence pattern,6,4,句子,sentence,类型,type,,,,,学习句型很重要。,xué xí jù xíng hěn zhòng yào,Learning sentence patterns is important.
4013,剧院,jù yuàn,theater,6,2,戏剧,drama,院,yard,,,,,我们在剧院门口等你,wǒ men zài jù yuàn mén kǒu děng nǐ,We’ll wait for you at the theater entrance
4014,橘子洲头,jú zi zhōu tóu,Orange Island (Changsha),6,4,橘子,orange,洲,continent,头,head,,,橘子洲头是长沙地标。,jú zi zhōu tóu shì cháng shā dì biāo,Orange Isle Head is a landmark of Changsha.
4015,卷尺,juǎn chǐ,measuring tape,6,2,卷,roll,尺子,ruler,,,,,测量房间时需要卷尺。,cè liáng fáng jiān shí xū yào juǎn chǐ.,A tape measure is needed to measure the room.
4016,捐赠,juān zèng,to donate;donation,6,,-,,,,,,,,他向学校捐赠了设备。,tā xiàng xué xiào juān zèng le shè bèi,He donated equipment to the school.
4017,绝大多数,jué dà duō shù,vast majority,6,4,绝对,absolute;unconditional,大多数,majority,,,,,绝大多数人同意。,jué dà duō shù rén tóng yì,The vast majority agree.
4018,绝命毒师,jué mìng dú shī,Breaking Bad,6,2,绝,to cut short,生命,life,毒品,drugs,师傅,master,他最近在看《绝命毒师》。,tā zuì jìn zài kàn jué mìng dú shī,He’s been watching Breaking Bad recently.
4019,爵士,jué shì,jazz,6,,-,,,,,,,,爵士音乐很有节奏感。,jué shì yīn yuè hěn yǒu jié zòu gǎn.,Jazz music has a strong rhythm.
4020,绝育,jué yù,to sterilize;spay,6,1,拒绝,to refuse,生育,fertility,,,,,猫绝育后会更安静。,māo jué yù hòu huì gèng ān jìng.,Cats become quieter after neutering.
4021,均值,jūn zhí,mean (statistic),6,3,平均,average,值,value,,,,,全班的考试成绩均值是八十分,quán bān de kǎo shì chéng jì jūn zhí shì bā shí fēn,the average score of the class is eighty
4022,咖啡色,kā fēi sè,coffee brown,6,4,咖啡,coffee,颜色,color,,,,,咖啡色桌子很稳重,kā fēi sè zhuō zi hěn wěn zhòng,Coffee brown tables feel solid
4023,喀纳斯湖,kā nà sī hú,"Kanas Lake (Xinjiang), glacial lake with turquoise waters",6,,-,,,,,,,,喀纳斯湖的颜色会变化。,kā nà sī hú de yán sè huì biàn huà,The color of Kanas Lake changes.
4024,卡其,kǎ qí,khaki color,6,,-,,,,,,,,这条裤子是卡其色的,zhè tiáo kù zi shì kǎ qí sè de,These pants are khaki
4025,COSTA咖啡,kā sī tǎ kā fēi,Costa Coffee,6,,,,,,,,,,我经常去COSTA咖啡学习,wǒ jīng cháng qù kā sī tǎ kā fēi xué xí,I often go to Costa Coffee to study
4026,卡通人物,kǎ tōng rén wù,cartoon character,6,,,,,,,,,,小孩喜欢看卡通人物,xiǎo hái xǐ huān kàn kǎ tōng rén wù,children like watching cartoon characters
4027,开放式婚姻,kāi fàng shì hūn yīn,open marriage,6,4,开放,open,方式,style,婚姻,marriage,,,开放式婚姻并不适合所有人,kāi fàng shì hūn yīn bìng bù shì hé suǒ yǒu rén,Open marriages aren’t for everyone
4028,考古,kǎo gǔ,archaeology,6,2,考虑,to think over,古代,ancient,,,,,他大学主修考古。,tā dà xué zhǔ xiū kǎo gǔ。,He majored in archaeology.
4029,靠谱,kào pǔ,reliable,6,4,靠,lean on,光谱,spectrum,,,,,这人办事挺靠谱的,kào pǔ zhè rén bàn shì tǐng kào pǔ de,this person is pretty reliable
4030,科比,kē bǐ,Kobe Bryant,6,,,,,,,,,,科比在中国拥有庞大的粉丝群,kē bǐ zài zhōng guó yōng yǒu páng dà de fěn sī qún,Kobe has a huge fanbase in China
4031,客户端,kè hù duān,client; client application,6,3,客户,customer,端,end;port,,,,,你需要先下载手机客户端。,nǐ xū yào xiān xià zài shǒu jī kè hù duān.,You need to download the mobile client first.
4032,可见,kě​ jiàn,clear;can be seen;clearly be seen,6,2,可,can,见,see,,,,,山顶上有白雪可见,shān dǐng shàng yǒu bái xuě kě jiàn,snow can be seen on the mountain top
4033,磕碰,kē pèng,a dent;bump into,6,4,磕,to knock into,碰,to bump,,,,,搬东西时容易磕碰。,bān dōng xi shí róng yì kē pèng,Items may get bumped when moving.
4034,科室,kē shì,department (hospital),6,3,科,field;section,室,room,,,,,医生让我去另一个科室,yī shēng ràng wǒ qù lìng yī gè kē shì,the doctor asked me to go to another department
4035,可疑模式,kě yí mó shì,suspicious pattern,6,,,,,,,,,,系统发现了可疑模式,xì tǒng fā xiàn le kě yí mó shì,The system detected a suspicious pattern
4036,克制,kè zhì,restraint,6,3,克服,overcome,控制,control,,,,,她努力克制自己的冲动,tā nǔ lì kè zhì zì jǐ de chōng dòng,She tried to restrain her impulse
4037,啃老,kěn lǎo,live off parents,6,3,啃,to gnaw,老人,elderly,,,,,他一直在啃老。,tā yī zhí zài kěn lǎo,He relies on his parents.
4038,恐怖袭击,kǒng bù xí jī,terrorist attack,6,4,恐怖,terror,袭击,attack,,,,,警方加强防范恐怖袭击。,jǐng fāng jiā qiáng fáng fàn kǒng bù xí jī。,Police strengthened anti-terror measures.
4039,空调遥控器,kòng tiáo yáo kòng qì,air conditioner remote control,6,,,,,,,,,,我找不到空调遥控器,wǒ zhǎo bù dào kōngtiáo yáokòngqì,I cannot find the air conditioner remote control
4040,口才,kǒu cái,eloquence,6,2,口,mouth,天才,genius,,,,,她的口才很好。,tā de kǒu cái hěn hǎo,She is very eloquent.
4041,口吃,kǒu chī,stutter,6,2,口,mouth,吃,eat,,,,,他小时候有点口吃。,tā xiǎoshíhou yǒudiǎn kǒuchī,He had a slight stutter as a child.
4042,扣除,kòu chú,deduct,6,4,折扣,discount,排除,eliminate;exclude,,,,,费用将从工资中扣除。,fèi yòng jiāng cóng gōng zī zhōng kòu chú。,The fee will be deducted from the salary.
4043,口腔科,kǒu qiāng kē,stomatology,6,2,口,mouth,腔体,cavity,科学,science,,,我去口腔科洗牙,wǒ qù kǒu qiāng kē xǐ yá,I’m going to the stomatology department for a cleaning
4044,口琴,kǒu qín,harmonica,6,1,口,mouth,钢琴,piano,,,,,他从小就喜欢吹口琴,tā cóng xiǎo jiù xǐ huān chuī kǒu qín,He liked playing the harmonica since childhood
4045,口译,kǒu yì,language interpreting,6,2,口,mouth,翻译,translate,,,,,她在会议上担任口译,tā zài huì yì shàng dān rèn kǒu yì,She served as an interpreter at the meeting
4046,酷儿,kù ér,queer,6,2,酷,cool,儿童,child,,,,,这部电影关注酷儿群体。,zhè bù diàn yǐng guān zhù kù ér qún tǐ.,this movie focuses on the queer community.
4047,苦工,kǔ gōng,hard labor,6,4,苦,bitter,工作,work,,,,,他每天都在做苦工,tā měi tiān dōu zài zuò kǔ gōng,He does hard labor every day
4048,苦果,kǔ guǒ,bitter pill,6,4,苦,bitterness,结果,result,,,,,他尝到了苦果。,tā cháng dào le kǔ guǒ,He tasted the bitter consequence.
4049,苦肉计,kǔ ròu jì,self-injury trick,6,4,苦,bitterness,肉,meat,计划,plan,,,他用苦肉计博同情。,tā yòng kǔ ròu jì bó tóng qíng,He used a self-sacrifice trick to gain sympathy.
4050,酷刑,kù xíng,torture,6,4,酷,strong;cool,死刑,death penalty,,,,,这种行为类似酷刑。,zhè zhǒng xíng wéi lèi sì kù xíng。,This behavior is like torture.
4051,跨国,kuà guó,transnational,6,3,跨越,to span;cross,国家,country,,,,,这是一家跨国公司。,zhè shì yì jiā kuà guó gōng sī,This is a multinational company.
4052,快递点,kuài dì diǎn,express delivery point,6,3,快,fast,递,to deliver,点,point,,,快递点离我家很近,kuài dì diǎn lí wǒ jiā hěn jìn,the delivery station is close to my home
4053,狂犬病疫苗,kuáng quǎn bìng yì miáo,Rabies vaccine,6,,,,,,,,,,孩子打了狂犬病疫苗,Háizi dǎ le kuángquǎnbìng yìmiáo,The child received the rabies vaccine
4054,傀儡,kuǐ lěi,puppet,6,,-,,,,,,,,他只是个傀儡。,tā zhǐ shì gè kuǐ lěi,He’s just a puppet.
4055,括号,kuò hào,parentheses,6,2,包括,including,号,mark,,,,,括号里的内容是补充说明,kuò hào lǐ de nèi róng shì bǔ chōng shuō míng,The content inside parentheses gives additional explanation
4056,拉布拉多,lā bù lā duō,labrador retriever,6,,-,,,,,,,,拉布拉多性格温顺。,lā bù lā duō xìng gé wēn shùn.,labradors have gentle temperaments.
4057,拉风,lā fēng,cool;showy;trendy;flashy,6,4,拉,pull,风,wind,,,,,这车很拉风。,zhè chē hěn lā fēng,This car looks cool.
4058,来大姨妈,lái dà yí mā,period,6,,,,,,,,,,她说自己来大姨妈了,tā shuō zì jǐ lái dà yí mā le,She said she got her period
4059,烂好人,làn hǎo rén,nice guy;pushover,6,2,烂,rotten,好,good,人,person,,,他是个烂好人总是不好意思拒绝,tā shì gè làn hǎo rén zǒng shì bù hǎo yì si jù jué,he is a pushover who always feels embarrassed to say no
4060,兰花,lán huā,orchid,6,,-,,,,,,,,兰花的香味很淡雅。,lán huā de xiāng wèi hěn dàn yǎ.,orchids have a subtle fragrance.
4061,蓝图,lán tú,blueprint,6,3,蓝色,blue,地图,map,,,,,公司已经画好了未来五年的蓝图。,gōng sī yǐ jīng huà hǎo le wèi lái wǔ nián de lán tú,The company has mapped out a five-year blueprint.
4062,浪漫杀手,làng màn shā shǒu,romance killer,6,,,,,,,,,,他说自己是浪漫杀手,tā shuō zìjǐ shì làngmàn shāshǒu,He said he is a romance killer
4063,狼人,láng rén,werewolf,6,2,野,wolf,人,person,,,,,电影里的狼人太可怕了,diàn yǐng lǐ de láng rén tài kě pà le,The werewolf in the movie was terrifying
4064,老化,lǎo huà,outdated;aging,6,2,老,old,化,change,,,,,橡皮容易老化,xiàngpí róngyì lǎohuà,rubber easily ages
4065,老茧,lǎo jiǎn,calluses,6,,,,,,,,,,他手上有老茧,tā shǒu shàng yǒu lǎojiǎn,he has calluses on his hands
4066,姥姥,lǎo lao,"grandmother (maternal, Northern)",6,,,,,,,,,,姥姥一直担心我的身体。,lǎolao yìzhí dānxīn wǒ de shēntǐ.,Grandma (maternal) has always worried about my health.
4067,老妹儿,lǎo mèi er,young girl (northeast),6,4,老,old,妹妹,younger sister,儿,northeast accent,,,老妹儿，你去哪儿？,lǎo mèi er，nǐ qù nǎr？,"Hey girl, where are you going?"
4068,老牌,lǎo pái,established brand,6,4,老,old,品牌,brand,,,,,这是一个老牌企业。,zhè shì yí ge lǎo pái qǐ yè.,This is a long-established company.
4069,老气,lǎo qì,old-fashioned,6,2,老,old,脾气,character,,,,,他说话有点老气,tā shuō huà yǒu diǎn lǎo qì,he sounds a bit old fashioned
4070,老乡,lǎo xiāng,fellow townsman,6,3,老,old,家乡,hometown,,,,,没想到在国外遇到老乡。,méi xiǎng dào zài guó wài yù dào lǎo xiāng,I didn’t expect to meet someone from my hometown abroad.
4071,姥爷,lǎo ye,"grandfather (maternal, Northern)",6,,,,,,,,,,姥爷特别会讲故事。,lǎoye tèbié huì jiǎng gùshì.,My grandpa (maternal) is great at storytelling.
4072,肋骨,lèi gǔ,rib cage,6,,-,,,,,,,,他打球时伤了肋骨。,tā dǎ qiú shí shāng le lèi gǔ。,He injured a rib while playing ball.
4073,勒索,lēi suǒ,blackmail,6,3,勒紧,to strangle;rein in,索赔,claims;to claim damage,,,,,他因为勒索被抓了。,tā yīn wèi lēi suǒ bèi zhuā le,He was arrested for blackmail.
4074,冷冻柜,lěng dòng guì,freezer cabinet,6,3,冷冻,freeze,柜子,cabinet,,,,,冷冻柜里存放着很多肉类。,lěng dòng guì lǐ cún fàng zhe hěn duō ròu lèi.,the freezer cabinet stores a lot of meat.
4075,冷清,lěng qīng,deserted,6,3,冷,cold,清,clear;clean,,,,,假期后商场很冷清,jià qī hòu shāng chǎng hěn lěng qīng,the mall is quiet after the holidays
4076,冷战,lěng zhàn,cold war; silent treatment,6,4,冷,cold,战争,war,,,,,他们吵架后开始冷战。,tā men chǎo jià hòu kāi shǐ lěng zhàn.,They started giving each other the silent treatment after arguing.
4077,离岸,lí àn,offshore,6,3,距离,distance,海岸,coastal,,,,,公司采用离岸账户。,gōng sī cǎi yòng lí àn zhàng hù,The company uses offshore accounts.
4078,栗宝宝,lì bǎo bǎo,Goomba,6,2,栗子,chestnut,宝宝,baby,,,,,栗宝宝加入了这场派对,lì bǎo bǎo jiā rù le zhè chǎng pài duì,Goomba joined this party
4079,里程碑,lǐ chéng bēi,milestone,6,3,英里,mile,程度,level,碑,stone tablet,,,这次合作是我们公司的里程碑,zhè cì hé zuò shì wǒ men gōng sī de lǐ chéng bēi,this cooperation is a milestone for our company
4080,力度,lì​ dù,strength,6,2,力,power,程度,degree,,,,,政策的力度越来越大,zhèng cè de lì dù yuè lái yuè dà,the strength of the policy is increasing
4081,立法,lì fǎ,legislation;to legislate,6,2,建立,to establish,法,law,,,,,政府正在讨论新的立法,zhèng fǔ zhèng zài tǎo lùn xīn de lì fǎ,the government is discussing new legislation
4082,立方米,lì fāng mǐ,cubic meter,6,4,建立,establish,方,square,米,meter,,,这个房间有一百立方米。,zhè gè fáng jiān yǒu yì bǎi lì fāng mǐ,This room has one hundred cubic meters.
4083,狸花猫,lí huā māo,tabby cat,6,2,狐狸,fox,花,flower,猫,cat,,,我家养了一只狸花猫。,wǒ jiā yǎng le yì zhī lí huā māo,My family has a tabby cat.
4084,丽江古城,lì jiāng gǔ chéng,"Lijiang Old Town (Yunnan), historic town with Naxi culture",6,3,美丽,beautiful,江,large river,古城,ancient city,,,丽江古城节奏很慢。,lì jiāng gǔ chéng jié zòu hěn màn,Lijiang Old Town has a slow pace.
4085,理科男,lǐ kē nán,science-oriented guy,6,4,理科,the sciences,男,man,,,,,他是典型的理科男。,tā shì diǎn xíng de lǐ kē nán,He is a typical science-and-engineering guy.
4086,立马,lì mǎ,immediately,6,3,立刻,prompt,马,horse,,,,,他听到消息立马出发,tā tīng dào xiāo xī lì mǎ chū fā,he left immediately after hearing the news
4087,离谱,lí pǔ,outrageous;ridiculous,6,2,离开,to leave,光谱,spectrum,,,,,这个价格太离谱了,zhège jiàgé tài lípǔ le,this price is ridiculous
4088,礼让,lǐ ràng,to yield politely,6,4,礼貌,polite,让,yield,,,,,开车要学会礼让。,kāi chē yào xué huì lǐ ràng,Drivers should learn to yield.
4089,历史订单,lì shǐ dìng dān,Historical orders,6,,,,,,,,,,系统里有历史订单,xì tǒng lǐ yǒu lì shǐ dìng dān,there are past orders in the system
4090,礼物标签,lǐ wù biāo qiān,gift tag,6,4,礼物,gift,标签,label;tag,,,,,礼物标签上写着名字,lǐwù biāoqiān shàng xiězhe míngzì,The gift tag has a name written on it
4091,理想,lǐ xiǎng,ideal;dream,6,2,理论,theory,想要,to want to,,,,,她有远大的理想,tā yǒu yuǎndà de lǐxiǎng,she has great ideals
4092,离心机,lí xīn jī,centrifuge,6,1,分离,to separate,心,heart,机器,machine,,,样品放进离心机里。,yàng pǐn fàng jìn lí xīn jī lǐ。,Put the sample into the centrifuge.
4093,礼仪,lǐ yí,etiquette,6,2,礼貌,polite,仪式,ceremony,,,,,在晚宴上注意礼仪很重要,zài wǎn yàn shàng zhù yì lǐ yí hěn zhòng yào,it is important to pay attention to etiquette at a dinner party
4094,利用,lì​ yòng,to exploit,6,2,利益,benefit,使用,to use,,,,,他善于利用时间,tā shàn yú lì yòng shí jiān,he is good at making use of time
4095,鲤鱼,lǐ yú,carp,6,,-,,,,,,,,鲤鱼常见于淡水。,lǐ yú cháng jiàn yú dàn shuǐ.,carp are common in freshwater.
4096,脸书,liǎn shū,Facebook,6,3,脸,face,书,book,,,,,我在脸书上看到你的照片,wǒ zài liǎn shū shàng kàn dào nǐ de zhào piàn,I saw your photo on Facebook
4097,恋童癖,liàn tóng pǐ,pedophile,6,3,恋爱,romantic love,儿童,child,癖,craving,,,恋童癖是一种严重的犯罪,liàn tóng pǐ shì yī zhǒng yán zhòng de fàn zuì,pedophilia is a serious crime
4098,联想,lián xiǎng,Lenovo,6,4,联系,connection,思想,thought,,,,,我买了一台联想笔记本。,wǒ mǎi le yī tái lián xiǎng bǐ jì běn.,I bought a Lenovo laptop.
4099,亮点,liàng diǎn,highlight,6,2,亮,bright,点,point,,,,,这个方案最大的亮点是效率高。,zhè gè fāng àn zuì dà de liàng diǎn shì xiào lǜ gāo.,the biggest highlight of this plan is high efficiency.
4100,两栖动物,liǎng qī dòng wù,amphibian,6,1,两,two,栖息地,habitat,动物,animal,,,青蛙是常见的两栖动物。,qīng wā shì cháng jiàn de liǎng qī dòng wù.,frogs are common amphibians.
4101,两位数,liǎng wèi shù,two-digit number,6,4,两,two,位置,position,数字,number,,,今天的气温已经达到两位数。,jīn tiān de qì wēn yǐ jīng dá dào liǎng wèi shù.,Today's temperature has reached double digits.
4102,良心,liáng xīn,conscience,6,2,善良,kindness,心,heart,,,,,做事要对得起良心。,zuò shì yào duì de qǐ liáng xīn.,you must act according to your conscience.
4103,量子,liàng zǐ,quantum,6,3,量,measure,子,suffix for noun,,,,,量子物理是一门非常复杂的学科,liàng zǐ wù lǐ shì yì mén fēi cháng fù zá de xué kē,Quantum physics is a very complex subject
4104,聊到我,liáo dào wǒ,talking about me,6,,,,,,,,,,他们刚才在群里聊到我,tā men gāng cái zài qún lǐ liáo dào wǒ,they were just talking about me in the group chat
4105,僚机,liáo jī,wingman,6,3,官僚,bureaucracy,机,machine,,,,,飞行员和僚机保持紧密联系,fēi xíng yuán hé liáo jī bǎo chí jǐn mì lián xì,the pilot kept close contact with his wingman
4106,猎物,liè wù,prey,6,2,猎人,hunter,动物,animal,,,,,狮子正在盯着猎物。,shī zi zhèng zài dīng zhe liè wù,The lion is staring at its prey.
4107,邻里,lín lǐ,neighborhood,6,4,邻居,neighbor,里,inside,,,,,邻里关系很和谐,lín lǐ guān xì hěn hé xié,the neighborhood relationship is harmonious
4108,灵感,líng gǎn,inspiration,6,2,灵魂,soul,感觉,feeling,,,,,他从旅行中获得灵感。,tā cóng lǚ xíng zhōng huò dé líng gǎn.,He gets inspiration from traveling.
4109,灵魂伴侣,líng hún bàn lǚ,Soulmate,6,,,,,,,,,,她终于找到了灵魂伴侣,tā zhōng yú zhǎo dào le líng hún bàn lǚ,she finally found her soulmate
4110,灵活性,líng huó xìng,flexibility,6,,,,,,,,,,计划要有灵活性,jì huà yào yǒu líng huó xìng,the plan needs flexibility
4111,令人恐惧,lìng rén kǒng jù,frightening,6,3,令人,to make one,恐惧,fear,,,,,那部电影的情节令人恐惧,nà bù diàn yǐng de qíng jié lìng rén kǒng jù,The plot of that movie is frightening
4112,令人讨厌,lìng rén tǎo yàn,disgusting;annoying,6,4,命令,to order,人,person,讨厌,dislike,,,这种行为真的令人讨厌,zhè zhǒng xíng wéi zhēn de lìng rén tǎo yàn,This kind of behavior is really annoying
4113,铃声,líng shēng,ring;ringtone,6,1,铃,bell,声,sound,,,,,上课铃声响了,shàngkè língshēng xiǎng le,the class bell rang
4114,零售,líng shòu,retail,6,2,零,zero,销售,to sell,,,,,这家公司主要做零售业务,zhè jiā gōng sī zhǔ yào zuò líng shòu yè wù,This company mainly engages in retail business
4115,领养,lǐng yǎng,to adopt (a pet),6,2,领导,leader,养,raise,,,,,他们决定领养一只小狗,tā men jué dìng lǐng yǎng yì zhī xiǎo gǒu,They decided to adopt a puppy
4116,零元购,líng yuán gòu,zero-cost shopping; looting; free promotion,6,3,零,zero,美元,dollar,购买,purchase,,,网上有人用“零元购”来调侃抢劫行为。,wǎng shàng yǒu rén yòng líng yuán gòu lái tiáo kǎn qiǎng jié xíng wéi.,"Some people online use ""zero-cost shopping"" jokingly to refer to looting."
4117,临沂,Línyí,Linyi,6,4,面临,to face,沂河,Yi River,,,,,临沂有许多批发市场,Línyí yǒu xǔ duō pī fā shì chǎng,Linyi has many wholesale markets
4118,流鼻血,liú bí xuè,nosebleed,6,2,流,flow,鼻子,nose,血,blood,,,天气太干容易流鼻血。,tiān qì tài gān róng yì liú bí xuè.,dry weather can easily cause nosebleeds.
4119,六成,liù chéng,sixty percent,6,4,六,six,成,one tenth,,,,,六成用户选择了新版本。,liù chéng yòng hù xuǎn zé le xīn bǎn běn。,Sixty percent of users chose the new version.
4120,柳树,liǔ shù,willow,6,,-,,,,,,,,柳树随风摇摆。,liǔ shù suí fēng yáo bǎi.,willow trees sway in the wind.
4121,流水线,liú shuǐ xiàn,assembly line,6,2,流,flow,水,water,线,line,,,工厂采用流水线生产。,gōngchǎng cǎiyòng liúshuǐxiàn shēngchǎn,The factory uses assembly line production.
4122,流行,liú xíng,popularity,6,3,流,to flow,行,to walk,,,,,这首歌现在很流行,Zhè shǒu gē xiànzài hěn liúxíng,This song is very popular now
4123,流行歌曲,liú xíng gē qǔ,pop song,6,4,流行,popular,歌曲,song,,,,,这首流行歌曲最近很火。,zhè shǒu liú xíng gē qǔ zuì jìn hěn huǒ.,this pop song is very popular recently.
4124,龙井,lóng jǐng,Longjing green tea,6,,,,,,,,,,我买了一些龙井绿茶饼,wǒ mǎi le yīxiē lóngjǐng lǜchá bǐng,I bought some Longjing green tea cakes
4125,龙卷风,lóng juǎn fēng,tornado,6,1,龙,dragon,卷,roll,风,wind,,,龙卷风极其危险。,lóng juǎn fēng jí qí wēi xiǎn.,tornadoes are extremely dangerous.
4126,楼盘,lóu pán,housing development,6,3,楼,building,盘子,plate,,,,,这个楼盘卖得很好。,zhè gè lóu pán mài de hěn hǎo,This housing development sells well.
4127,路边摊,lù biān tān,Roadside stalls,6,,,,,,,,,,路边摊的食物很便宜,lù biān tān de shí wù hěn pián yí,street stall food is very cheap
4128,绿地,lǜ dì,green space,6,4,绿,green,地,land,,,,,城市增加了很多绿地。,chéng shì zēng jiā le hěn duō lǜ dì,The city added many green spaces.
4129,录取,lù qǔ,to admit (an applicant),6,4,记录,to record,取得,to get,,,,,他被大学录取了,tā bèi dà xué lù qǔ le,he was admitted to the university
4130,律所,lǜ suǒ,law firm,6,3,律师,lawyer,所,place,,,,,她在一家律所工作,tā zài yī jiā lǜ suǒ gōng zuò,she works at a law firm
4131,滤网,lǜ wǎng,filter screen,6,3,过滤,filter,网,net,,,,,这个滤网需要更换。,zhè gè lǜ wǎng xū yào gēng huàn,This filter needs replacing.
4132,露营,lù yíng,camping,6,3,暴露,exposure,营养,nutrition,,,,,我们周末去山里露营。,wǒ men zhōu mò qù shān lǐ lù yíng.,we went camping in the mountains on the weekend.
4133,鲈鱼,lú yú,sea bass,6,,-,,,,,,,,清蒸鲈鱼很鲜美。,qīng zhēng lú yú hěn xiān měi.,steamed sea bass is delicious.
4134,绿洲,lǜ zhōu,oasis,6,2,绿,green,洲,continent,,,,,沙漠中有一片绿洲。,shā mò zhōng yǒu yí piàn lǜ zhōu,There is an oasis in the desert.
4135,乱七八糟,luàn qī bā zāo,messy,6,5,乱,messy,七,seven,八,eight,糟糕,terrible,他房间乱七八糟。,tā fángjiān luàn qī bā zāo.,His room is a total mess.
4136,论点,lùn diǎn,argument;thesis,6,2,讨论,to discuss,点,point,,,,,你的论点需要更多证据支持,nǐ de lùn diǎn xū yào gèng duō zhèng jù zhī chí,Your argument needs more evidence to support it
4137,轮流支付,lún liú zhī fù,take turns paying,6,,,,,,,,,,我们约定吃饭时轮流支付,wǒmen yuēdìng chīfàn shí lúnliú zhīfù,We agreed to take turns paying when eating out
4138,罗伯特,luó bó tè,Robert,6,,,,,,,,,,罗伯特明天要来,Luóbótè míngtiān yào lái,Robert will come tomorrow
4139,罗非鱼,luó fēi yú,tilapia,6,5,哈罗,hello,非洲,Africa,鱼,fish,,,罗非鱼养殖广泛。,luó fēi yú yǎng zhí guǎng fàn.,tilapia is widely farmed.
4140,马具,mǎ jù,harness,6,1,马,horse,工具,tool,,,,,这些是骑马用的马具。,zhè xiē shì qí mǎ yòng de mǎ jù,These are horse riding gear.
4141,麻药,má yào,anesthetic,6,2,大麻,cannabis,药,medicine,,,,,医生给他打了麻药,Yīshēng gěi tā dǎ le máyào,The doctor gave him anesthesia
4142,蚂蚱,mà zha,grasshopper,6,,,,,,,,,,夏天草地上有很多蚂蚱,xià tiān cǎo dì shàng yǒu hěn duō mà zha,there are many grasshoppers in the grass in summer
4143,麻醉,má zuì,anesthesia,6,2,麻木,numb,醉,drunk,,,,,病人已经麻醉了,bìngrén yǐjīng mázuì le,the patient is already anesthetized
4144,买到,mǎi dào,to manage to buy,6,,,,,,,,,,我买到那本限量书了,wǒ mǎi dào nà běn xiàn liàng shū le,I managed to buy that limited edition book
4145,买家秀,mǎi jiā xiù,buyer's reviews,6,,,,,,,,,,买家秀很可爱,Mǎijiā xiù hěn kěài,The buyer's photos are cute
4146,漫画,màn huà,caricature;comic book;manga,6,3,浪漫,romantic,画,painting;drawing,,,,,这本漫画特别受欢迎。,zhè běn màn huà tè bié shòu huān yíng,This comic is especially popular.
4147,慢性病,màn xìng bìng,chronic disease,6,2,慢,slow,性,nature,病,disease,,,他得了慢性病,tā dé le màn xìng bìng,he has a chronic disease
4148,盲目自信,máng mù zì xìn,blind confidence,6,3,盲目,blindly,自信,confident,,,,,他盲目自信,tā máng mù zì xìn,he is blindly confident
4149,盲文,máng wén,Braille,6,1,盲,blind,文字,written language,,,,,她正在学习盲文。,tā zhèng zài xué xí máng wén.,She is learning Braille.
4150,猫薄荷,māo bò hé,catnip,6,3,猫,cat,薄荷,peppermint,,,,,猫闻到猫薄荷会很兴奋。,māo wén dào māo bò hé huì hěn xīng fèn.,Cats get excited when they smell catnip.
4151,猫叫,māo jiào,cat’s cry,6,,,,,,,,,,半夜猫叫声很大。,bàn yè māo jiào shēng hěn dà.,The cat’s cry was loud at midnight.
4152,猫咖,māo kā,cat café,6,,,,,,,,,,我们周末去猫咖吧。,wǒ men zhōu mò qù māo kā ba.,Let’s go to a cat café this weekend.
4153,猫毛,māo máo,cat hair,6,,,,,,,,,,沙发上到处是猫毛。,shā fā shàng dào chù shì māo máo.,The sofa is covered with cat hair.
4154,毛毛虫,máo mao chóng,caterpillar,6,3,毛,hair,毛,hair,虫子,insect,,,树叶上有一只毛毛虫,shù yè shàng yǒu yī zhī máo mao chóng,There’s a caterpillar on the leaf
4155,毛毛雨,máo mao yǔ,drizzle,6,3,毛毛,pet name for small child,下雨,rain,,,,,这点钱对他来说只是毛毛雨。,zhè diǎn qián duì tā lái shuō zhǐ shì máo mao yǔ,This amount of money is nothing to him.
4156,猫咪,māo mī,kitty,6,,,,,,,,,,这只猫咪特别黏人。,zhè zhī māo mī tè bié nián rén.,This kitty is very clingy.
4157,猫奴,māo nú,cat's slave,6,4,猫,cat,奴隶,slave,,,,,她是个标准的猫奴。,tā shì gè biāo zhǔn de māo nú.,She’s a typical cat slave.
4158,猫砂盆,māo shā pén,cat litter box,6,,,,,,,,,,猫砂盆需要清理了。,māo shā pén xū yào qīng lǐ le.,The litter box needs cleaning.
4159,猫塔,māo tǎ,cat tree,6,,,,,,,,,,猫喜欢在猫塔上跳来跳去。,māo xǐ huān zài māo tǎ shàng tiào lái tiào qù.,Cats like to jump around on the cat tree.
4160,猫眼,māo yǎn,peephole (door),6,2,猫,cat,眼,eye,,,,,他从猫眼里看了一下门外。,tā cóng māo yǎn lǐ kàn le yí xià mén wài,He looked outside through the peephole.
4161,猫抓板,māo zhuā bǎn,cat scratching board,6,,,,,,,,,,猫在猫抓板上玩耍。,māo zài māo zhuā bǎn shàng wán shuǎ.,The cat is playing on the scratching board.
4162,美白,měi bái,whitening,6,3,美丽,beauty,白,white,,,,,她在用美白面膜,tā zài yòng měi bái miàn mó,She’s using a whitening face mask
4163,没办法,méi bàn fǎ,no way to,6,,,,,,,,,,我没办法参加聚会,wǒ méi bàn fǎ cān jiā jù huì,i have no way to attend the party
4164,美东时间,měi dōng shí jiān,US Eastern Time,6,4,美国,United States,东方,east side,时间,time,,,会议按美东时间上午九点开始。,huì yì àn měi dōng shí jiān shàng wǔ jiǔ diǎn kāi shǐ.,The meeting starts at 9 a.m. Eastern Time.
4165,妹夫,mèi fu,brother-in-law (younger sister’s husband),6,3,妹妹,young sister,夫婿,husband,,,,,妹夫为人很幽默,mèi fu wéi rén hěn yōu mò,My brother-in-law is very humorous
4166,美国联合航空,měi guó lián hé háng kōng,United Airlines,6,3,美国,USA,联合,joint,航空,aviation,,,他预订了美国联合航空的机票。,tā yù dìng le měi guó lián hé háng kōng de jī piào.,He booked a ticket with United Airlines.
4167,玫红,méi hóng,rose red,6,4,玫瑰,rose,红色,red,,,,,玫红色非常醒目,méi hóng sè fēi cháng xǐng mù,Rose red is very eye catching
4168,魅力,mèi lì,charm,6,,-,,,,,,,,她的笑容很有魅力。,tā de xiào róng hěn yǒu mèi lì。,Her smile is very charming.
4169,美联储,měi lián chǔ,Federal Reserve,6,4,美国,USA,联邦,federal,储备,reserve,,,美联储公布了最新政策。,měi lián chǔ gōng bù le zuì xīn zhèng cè。,The Fed released new policy.
4170,没有习惯,méi yǒu xí guàn,not used to it,6,,,,,,,,,,他没有习惯早起,tā méi yǒu xí guàn zǎo qǐ,he is not used to getting up early
4171,没有终点,Méiyǒu zhōngdiǎn,No end,6,,,,,,,,,,人生的学习没有终点,rén shēng de xué xí méi yǒu zhōng diǎn,learning in life has no end
4172,蒙面鬼,mēng miàn guǐ,Boo,6,3,蒙面,masked,鬼,ghost,,,,,蒙面鬼偷走了一颗星星,mēng miàn guǐ tōu zǒu le yī kē xīng xīng,Boo stole a star
4173,盟友,méng yǒu,ally,6,3,联盟,alliance,朋友,friend,,,,,这两个国家是长期的战略盟友,zhè liǎng gè guó jiā shì cháng qī de zhàn lüè méng yǒu,The two countries are long-term strategic allies
4174,迷彩,mí cǎi,camouflage,6,2,迷路,lost,彩虹,rainbow,,,,,他穿了一件迷彩服,tā chuān le yí jiàn mí cǎi fú,He wore camouflage clothing
4175,密度,mì dù,density,6,3,亲密,intimate,程度,degree,,,,,这个材料的密度很高。,zhè gè cái liào de mì dù hěn gāo。,This material has high density.
4176,泌尿科,mì niào kē,urology,6,2,分泌,to secrete,尿,urine,科,department,,,泌尿外科专门治疗泌尿系统疾病。,mì niào wài kē zhuān mén zhì liáo mì niào xì tǒng jí bìng。,The urology department treats urinary system diseases。
4177,米其林,mǐ qí lín,Michelin (guide),6,,-,,,,,,,,这家餐厅得过米其林推荐。,zhè jiā cān tīng dé guò mǐ qí lín tuī jiàn,This restaurant received a Michelin recommendation.
4178,迷人,mí rén,fascinating;enchanting;charming,6,3,迷,enthusiast,人,person,,,,,她的笑容很迷人,tā de xiàoróng hěn mírén,her smile is charming
4179,迷信,mí xìn,superstitious;superstitions,6,2,迷路,to lose the way,相信,to believe,,,,,他很迷信总是随身带护身符,Tā hěn míxìn zǒng shì suíshēn dài hùshēnfú,He is superstitious and always carries a talisman
4180,蜜月,mì yuè,honeymoon,6,4,蜜,honey,月,moon,,,,,他们在巴厘岛度蜜月,tā men zài bā lí dǎo dù mì yuè,they are on honeymoon in bali
4181,勉强,miǎn qiǎng,barely;reluctantly,6,,-,,,,,,,,我勉强听懂了他说的话。,wǒ miǎn qiǎng tīng dǒng le tā shuō de huà.,I barely understood what he said.
4182,灭火器,miè huǒ qì,fire extinguisher,6,3,熄灭,to extinguish,火,fire,器,device,,,办公室要放灭火器,bangongshi yao fang miehuoqi,The office must have a fire extinguisher
4183,民谣,mín yáo,folk music;ballad,6,3,民族,ethnic group,谣言,rumor,,,,,民谣歌曲有乡村风格。,mín yáo gē qǔ yǒu xiāng cūn fēng gé.,Folk songs have a rural style.
4184,民族舞,mín zú wǔ,folk dance,6,2,民族,ethnic group,跳舞,dance,,,,,民族舞体现文化特色。,mín zú wǔ tǐ xiàn wén huà tè sè.,ethnic dance reflects cultural characteristics.
4185,名句,míng jù,quote;famous saying,6,2,著名,famous,句子,sentence,,,,,这句话是名句,Zhè jù huà shì míngjù,This is a famous saying
4186,明明,míng míng,obviously,6,3,明,bright,明,bright,,,,,他明明知道,tā míng míng zhī dào,he obviously knows
4187,明知,míng zhī,knowingly,6,2,明白,to understand,知道,to know,,,,,他明知危险却还是去了,tā míng zhī wēi xiǎn què hái shì qù le,He knew it was dangerous but went anyway
4188,抹黑,mǒ hēi,to smear;defame,6,3,抹,to smear,黑,black,,,,,有人故意抹黑这家公司。,yǒu rén gù yì mǒ hēi zhè jiā gōng sī,Someone is deliberately smearing this company.
4189,墨绿,mò lǜ,dark green,6,3,墨水,ink,绿色,green,,,,,墨绿色显得成熟,mò lǜ sè xiǎn de chéng shú,Dark green looks mature
4190,亩,mǔ,Chinese unit of area;667 square meters,6,,-,,,,,,,,他家有十亩地。,tā jiā yǒu shí mǔ dì.,His family has ten mu of farmland.
4191,墓地,mù dì,graveyard;cemetery,6,2,坟墓,tomb;grave,地方,place,,,,,那片墓地很安静。,nà piàn mù dì hěn ān jìng.,That cemetery is very quiet.
4192,母公司,mǔ gōng sī,parent company,6,3,母亲,mother,公司,company,,,,,母公司决定调整战略。,mǔ gōng sī jué dìng tiáo zhěng zhàn lüè,The parent company decided to adjust its strategy.
4193,母鸡,mǔ jī,hen,6,2,母,mother,鸡,chicken,,,,,母鸡正在下蛋,mǔ jī zhèng zài xià dàn,the hen is laying eggs
4194,木偶,mù’ ǒu,puppet,6,3,木,wood,偶像,idol,,,,,孩子们喜欢木偶表演,hái zi men xǐ huān mù ǒu biǎo yǎn,children like puppet shows
4195,纳米,nà mǐ,nanometer,6,,,,,,,,,,这是一项纳米技术,zhè shì yī xiàng nà mǐ jì shù,this is a nanotechnology
4196,拿住,ná zhù,to hold firmly,6,,,,,,,,,,请拿住这根绳子,qǐng ná zhù zhè gēn shéng zi,Please hold this rope tightly
4197,奶精,nǎi jīng,non-dairy creamer,6,3,奶,milk,精子,sperm,,,,,咖啡里加点奶精。,kā fēi lǐ jiā diǎn nǎi jīng,Add some creamer to the coffee.
4198,奶制品,nǎi zhì pǐn,dairy products,6,3,牛奶,milk,制造,to manufacture,产品,product,,,他不吃任何奶制品。,tā bù chī rèn hé nǎi zhì pǐn。,He doesn’t eat dairy.
4199,男扮女装,nán bàn nǚ zhuāng,man dressed as woman,6,2,男,man,扮演,act as,女,woman,服装,clothing,他为了演出男扮女装效果很好,tā wèi le yǎn chū nán bàn nǚ zhuāng xiào guǒ hěn hǎo,He dressed as a woman for the performance and it worked well
4200,南半球,nán bàn qiú,southern hemisphere,6,3,南,south,半,half,地球,earth,,,澳大利亚在南半球。,ào dà lì yà zài nán bàn qiú。,Australia is in the southern hemisphere.
4201,难处,nán chu,difficulties;trouble,6,3,难,hard,处,place,,,,,他讲了工作上的难处,Tā jiǎng le gōngzuò shàng de nánchù,He talked about the difficulties at work
4202,南海,nán hǎi,south china sea,6,4,南,south,海,sea,,,,,南海航运繁忙。,nán hǎi háng yùn fán máng.,the south china sea has busy shipping.
4203,南美洲,nán měi zhōu,South America,6,,,,,,,,,,南美洲有很多热带雨林,nán měi zhōu yǒu hěn duō rè dài yǔ lín,south america has many tropical rainforests
4204,男女平等,nán nǚ píng děng,Gender equality,6,,,,,,,,,,我们支持男女平等,wǒ men zhī chí nán nǚ píng děng,we support gender equality
4205,男票,nán piào,boyfriend (internet slang),6,4,男,man,票,ticket,,,,,她男票今天来接她下班。,tā nán piào jīn tiān lái jiē tā xià bān.,Her boyfriend is picking her up from work today.
4206,南阳,Nányáng,Nanyang,6,3,南,south,阳光,sunlight,,,,,南阳以医圣张仲景故里闻名,Nányáng yǐ Yī Shèng Zhāng Zhòng Jǐng gù lǐ wén míng,Nanyang is famous as the hometown of the medicine sage Zhang Zhongjing
4207,脑电图,nǎo diàn tú,electroencephalogram;EEG,6,,脑,brain,电,electricity,图表,chart,,,患者做了脑电图以评估大脑活动,huàn zhě zuò le nǎo diàn tú yǐ píng gū dà nǎo huó dòng,The patient took an EEG to assess brain activity
4208,内分泌科,nèi fēn mì kē,endocrinology,6,5,内分泌,endocrine,科,department,,,,,内分泌科主要治疗糖尿病。,nèi fēn mì kē zhǔ yào zhì liáo táng niào bìng。,The endocrinology department mainly treats diabetes。
4209,内耗,nèi hào,internal friction,6,3,内,inside,消耗,consumption,,,,,公司内部的内耗很严重,gōngsī nèibù de nèihào hěn yánzhòng,the internal friction in the company is serious
4210,内环,nèi huán,inner ring,6,,,,,,,,,,他们住在内环附近,tā men zhù zài nèi huán fù jìn,they live near the inner ring
4211,内陆,nèi lù,inland,6,3,内,inner,大陆,mainland,,,,,这座城市位于内陆地区。,zhè zuò chéng shì wèi yú nèi lù dì qū,This city is located inland.
4212,逆风,nì fēng,headwind;against the odds,6,2,逆,inverse,风,wind,,,,,公司在逆风中继续发展。,gōng sī zài nì fēng zhōng jì xù fā zhǎn.,The company continued to grow against the odds.
4213,匿名,nì míng,anonymous,6,2,藏匿,to conceal,名,name,,,,,他在网上匿名发帖,tā zài wǎngshàng nìmíng fātiě,he posted online anonymously
4214,啮齿动物,niè chǐ dòng wù,rodent,6,1,啮,gnaw,牙齿,teeth,动物,animal,,,老鼠属于啮齿动物。,lǎo shǔ shǔ yú niè chǐ dòng wù。,Mice are rodents.
4215,拧,nǐng,stubborn,6,,-,,,,,,,,把瓶盖拧紧一点。,bǎ píng gài nǐng jǐn yì diǎn,Tighten the bottle cap a bit more.
4216,宁波,Níngbō,Ningbo,6,3,安宁,peaceful,波,wave,,,,,宁波的港口非常繁忙,Níngbō de gǎng kǒu fēi cháng fán máng,Ningbo’s port is very busy
4217,牛肚双拼,Niú dǔ shuāng pīn,Beef tripe double combination,6,,,,,,,,,,这家店的牛肚双拼很好吃,zhè jiā diàn de niúdǔ shuāng pīn hěn hǎochī,the beef tripe combo at this restaurant is delicious
4218,扭伤,niǔ shāng,sprain,6,1,扭曲,to twist,伤,injury,,,,,他踢球时扭伤了脚,tā tī qiú shí niǔ shāng le jiǎo,he sprained his ankle while playing soccer
4219,牛仔,niú zǎi,cowboy,6,3,牛,cow,仔细,carefulness,,,,,他穿牛仔裤,tā chuān niú zǎi kù,he is wearing jeans
4220,弄坏,nòng huài,to break something,6,,,,,,,,,,我不小心弄坏了手机,wǒ bù xiǎo xīn nòng huài le shǒu jī,I accidentally broke my phone
4221,农民工,nóng mín gōng,migrant worker,6,4,农民,farmer,工人,worker,,,,,很多农民工在城市工作。,hěn duō nóng mín gōng zài chéng shì gōng zuò.,Many migrant workers work in cities.
4222,女票,nǚ piào,girlfriend (internet slang),6,4,女,woman,票,ticket,,,,,他周末跟女票出去玩了。,tā zhōu mò gēn nǚ piào chū qù wán le.,He went out with his girlfriend over the weekend.
4223,女神,nǚ shén,goddess,6,2,女,woman,精神,spirit,,,,,她是很多人心中的女神,Tā shì hěn duō rén xīnzhōng de nǚshén,She is a goddess in many people’s hearts
4224,女性化的,nǚ xìng huà de,feminine,6,3,女性,woman,化,to make into,的,of,,,他的风格很女性化的,tā de fēng gé hěn nǚ xìng huà de,his style is very feminine
4225,偶像,ǒu xiàng,idol,6,3,偶尔,occasionally,像,resemble;like,,,,,他是很多年轻人的偶像。,tā shì hěn duō nián qīng rén de ǒu xiàng,He is an idol for many young people.
4226,p值,p zhí,p-value,6,,,,,,,,,,如果p值小于零点零五就可以拒绝原假设,rú guǒ p zhí xiǎo yú líng diǎn líng wǔ jiù kě yǐ jù jué yuán jiǎ shè,if the p value is less than 0.05 we can reject the null hypothesis
4227,怕高,pà gāo,afraid of heights,6,3,害怕,afraid,高,tall,,,,,我有点怕高。,wǒ yǒu diǎn pà gāo,I’m a bit afraid of heights.
4228,怕黑,pà hēi,afraid of the dark,6,3,害怕,afraid,黑,black,,,,,她小时候特别怕黑。,tā xiǎo shí hou tè bié pà hēi,She was very afraid of the dark as a child.
4229,爬行动物,pá xíng dòng wù,reptile,6,1,爬行,crawl,动物,animal,,,,,蛇是典型的爬行动物。,shé shì diǎn xíng de pá xíng dòng wù.,snakes are typical reptiles.
4230,排练,pái​ liàn,to rehearse,6,2,排队,to line up,练习,to practice,,,,,他们每天晚上都要排练舞蹈,tā men měi tiān wǎn shàng dōu yào pái liàn wǔ dǎo,they rehearse dance every evening
4231,排气,pái qì,to ventilate;exhaust,6,2,安排,to arrange,气,air,,,,,这辆车的排气声音很大,zhè liàng chē de páiqì shēngyīn hěn dà,this cars exhaust sound is very loud
4232,排气扇,pái qì shàn,exhaust fan,6,3,排气,to ventilate;exhaust,扇,fan,,,,,厨房装了一个新的排气扇,chúfáng zhuāng le yī gè xīn de páiqìshàn,the kitchen has a new exhaust fan
4233,排外,pái wài,xenophobic,6,3,排,row,外,foreign,,,,,他很排外,tā hěn páiwài,he is xenophobic
4234,膀胱,páng guāng,bladder,6,,,,,,,,,,他膀胱有炎症所以常常想上厕所,tā páng guāng yǒu yán zhèng suǒ yǐ cháng cháng xiǎng shàng cè suǒ,He has bladder inflammation so he needs to use the restroom often
4235,旁友,páng yǒu,friend (shanghai dialect),6,3,旁边,beside,朋友,friend,,,,,旁友，你听说过这件事吗？,"páng yǒu, nǐ tīng shuō guò zhè jiàn shì ma?","Buddy, have you heard about this?"
4236,胖友,pàng yǒu,friend getting fat together,6,3,胖,fat,朋友,friend,,,,,网上有些人会开玩笑地称自己为“胖友”。,wǎng shàng yǒu xiē rén huì kāi wán xiào de chēng zì jǐ wéi pàng yǒu.,"Some people online jokingly refer to themselves as ""pàngyǒu,"" or a chubby person."
4237,跑酷,pǎo kù,parkour;cat chase,6,2,跑,run,酷,cool,,,,,他喜欢在城市里练习跑酷。,tā xǐ huān zài chéng shì lǐ liàn xí pǎo kù.,He likes practicing parkour in the city.
4238,跑累,pǎo lèi,to get tired from running,6,,,,,,,,,,他跑累了坐在地上喘气,tā pǎo lèi le zuò zài dì shàng chuǎn qì,He was tired from running and sat down to catch his breath
4239,陪读妈妈,péi dú mā mā,mom accompanying child’s study,6,3,陪,to accompany,读书,study,妈妈,mother,,,她是一名陪读妈妈，压力很大。,tā shì yì míng péi dú mā mā，yā lì hěn dà。,She’s a study-accompanying mom under great pressure.
4240,配方,pèi fāng,recipe,6,2,配合,matching,方法,method,,,,,这个药的配方非常复杂,zhè gè yào de pèi fāng fēi cháng fù zá,The formula of this medicine is very complex
4241,配置,pèi zhì,configuration;specs (of computer),6,4,配合,matching,装置,to install,,,,,这台电脑配置很高。,zhè tái diàn nǎo pèi zhì hěn gāo,This computer has high specs.
4242,皮包公司,pí bāo gōng sī,shell company,6,2,皮革,leather,包,bag,公司,company,,,小心那些皮包公司。,xiǎo xīn nà xiē pí bāo gōng sī.,Be careful of shell companies.
4243,皮肤科,pí fū kē,dermatology,6,1,皮肤,skin,科学,science,,,,,皮肤科医生检查了我的皮疹,pí fū kē yī shēng jiǎn chá le wǒ de pí zhěn,The dermatologist examined my rash
4244,皮革,pí gé,leather,6,2,皮肤,skin,改革,reform,,,,,这个包是皮革做的。,zhè ge bāo shì pí gé zuò de.,This bag is made of leather.
4245,匹克球,pǐ kè qiú,pickleball,6,,-,,,,,,,,最近匹克球很流行。,zuì jìn pǐ kè qiú hěn liú xíng.,Pickleball has been popular lately.
4246,偏离,piān lí,to deviate,6,3,偏,to lean,离开,to leave,,,,,火车偏离了正常路线,huǒchē piānlí le zhèngcháng lùxiàn,the train deviated from the normal route
4247,片面,piàn miàn,unilateral;one-sided,6,2,照片,photograph,面,face,,,,,你的看法太片面了,nǐ de kàn fǎ tài piàn miàn le,your opinion is too one sided
4248,便便,pián pián,poop,6,5,随便,as one wishes,方便,convenient,,,,,小狗在地上拉便便了,xiǎo gǒu zài dì shàng lā biàn biàn le,the puppy pooped on the ground
4249,票房,piào fáng,box office,6,2,票,ticket,房,house,,,,,这部电影的票房很高,zhè bù diàn yǐng de piào fáng hěn gāo,The movie’s box office is very high
4250,漂洗,piǎo xǐ,rinse,6,3,漂浮,to float,洗,wash,,,,,请把衣服再漂洗一下,qǐng bǎ yī fú zài piǎo xǐ yī xià,please rinse the clothes again
4251,贫民窟,pín mín kū,slum,6,2,贫困,poverty,居民,resident,窟,cave;hole,,,他住在贫民窟。,tā zhù zài pín mín kū,He lives in a slum.
4252,拼盘,pīn pán,sampler platter,6,3,拼图,jigsaw puzzle,盘子,plate,,,,,我们点了一份冷菜拼盘。,wǒ men diǎn le yí fèn lěng cài pīn pán.,we ordered a cold dish platter.
4253,拼团,pīn tuán,group buying,6,4,拼接,to splice;put together,团队,team,,,,,拼团购买会更便宜。,Pīntuán gòumǎi huì gèng piányi.,Group buying is cheaper.
4254,平安果,píng ān guǒ,Christmas apple,6,3,平安夜,Christmas eve,苹果,apple,,,,,平安夜送平安果很常见,píngān yè sòng píngān guǒ hěn chángjiàn,Giving peace apples is common on Christmas Eve
4255,平淡,píng dàn,dull;plain;ordinary,6,3,平均,average,淡,light flavor,,,,,平淡的生活也有自己的幸福。,píng dàn de shēng huó yě yǒu zì jǐ de xìng fú。,A plain life has its own happiness.
4256,平角裤,píng jiǎo kù,boxer briefs,6,3,平,flat,角,angle,裤,pants,,,他喜欢穿平角裤因为更舒服,tā xǐ huān chuān píng jiǎo kù yīn wèi gèng shū fu,He likes to wear boxer briefs because they’re more comfortable
4257,评论区,píng lùn qū,comments area,6,,,,,,,,,,评论区里有很多意见,píng lùn qū lǐ yǒu hěn duō yì jiàn,there are many opinions in the comment section
4258,平行,píng xíng,parallel,6,2,平,flat,行,walk,,,,,两条线永远平行,liǎng tiáo xiàn yǒngyuǎn píngxíng,two lines are always parallel
4259,平遥古城,píng yáo gǔ chéng,"Pingyao Ancient City (Shanxi), well-preserved walled city",6,3,平,flat,遥远,distant,古城,ancient city,,,平遥古城仍保留着城墙。,píng yáo gǔ chéng réng bǎo liú zhe chéng qiáng,Pingyao Ancient City still has its city walls.
4260,瓶装饮品,píng zhuāng yǐn pǐn,Bottled drinks,6,,,,,,,,,,便利店有瓶装饮品,biàn lì diàn yǒu píng zhuāng yǐn pǐn,the convenience store sells bottled drinks
4261,破坏,pò huài,damage;break;destroy,6,3,破,broken,坏,bad,,,,,暴风雨破坏了很多房子,bào fēng yǔ pò huài le hěn duō fáng zi,the storm destroyed many houses
4262,婆媳,pó xí,mother-in-law & daughter-in-law relationship,6,4,婆婆,mother-in-law,媳妇,daughter-in-law,,,,,婆媳之间有时会有小矛盾。,póxí zhījiān yǒushí huì yǒu xiǎo máodùn,Sometimes there are small conflicts between a mother-in-law and daughter-in-law.
4263,普京大帝,pǔ jīng dà dì,Putin the Great,6,,,,,,,,,,有人叫他普京大帝,yǒurén jiào tā Pǔjīng Dàdì,Some people call him Emperor Putin
4264,普世,pǔ shì,universal,6,2,普通,common,世界,world,,,,,和平是一个普世价值,hé píng shì yí gè pǔ shì jià zhí,peace is a universal value
4265,葡萄糖,pú táo táng,glucose,6,2,葡萄,grape,白糖,sugar,,,,,医生让他补充葡萄糖。,yī shēng ràng tā bǔ chōng pú táo táng,The doctor told him to replenish glucose.
4266,起初,qǐ chū,at first,6,,-,,,,,,,,起初我并不同意这个决定。,qǐchū wǒ bìng bù tóngyì zhège juédìng,At first I did not agree with the decision.
4267,期刊,qí kān,journal (academic),6,,,,,,,,,,他在期刊上发表了文章,tā zài qī kān shàng fā biǎo le wén zhāng,he published an article in the journal
4268,棋盘,qí pán,game board,6,3,棋,chess,盘,plate,,,,,他们在棋盘上移动角色,tā men zài qí pán shàng yí dòng jué sè,they move characters on the game board
4269,其他垃圾,qí tā lè sè,other garbage,6,,,,,,,,,,用过的纸巾应该扔进其他垃圾。,yòng guò de zhǐ jīn yīng gāi rēng jìn qí tā lā jī,Used tissues should be thrown into other waste.
4270,起眼,qǐ yǎn,eye-catching,6,3,起来,get up,眼睛,eyes,,,,,这件衣服很起眼。,zhè jiàn yī fú hěn qǐ yǎn,These clothes are eye-catching.
4271,千层面,qiān céng miàn,lasagna,6,1,千,thousand,层,layer,面,noodles,,,我点了一份千层面。,wǒ diǎn le yí fèn qiān céng miàn.,i ordered a lasagna.
4272,签到,qiān dào,sign in,6,2,签,to sign,到,to arrive,,,,,请先在前台签到。,qǐng xiān zài qián tái qiān dào。,Please sign in at the front desk first。
4273,浅蓝,qiǎn lán,light blue,6,4,浅,shallow,蓝色,blue,,,,,浅蓝色衬衫很清新,qiǎn lán sè chèn shān hěn qīng xīn,Light blue shirts feel fresh
4274,潜力,qián lì,potential,6,3,潜,hidden;latent,能力,capability,,,,,这个行业很有潜力。,zhè gè háng yè hěn yǒu qián lì,This industry has great potential.
4275,浅绿,qiǎn lǜ,light green,6,4,浅,shallow,绿色,green,,,,,浅绿色适合春天,qiǎn lǜ sè shì hé chūn tiān,Light green suits spring
4276,潜水服,qián shuǐ fú,wetsuit,6,2,潜水,dive,衣服,clothing,,,,,潜水员穿着潜水服下水。,qián shuǐ yuán chuān zhe qián shuǐ fú xià shuǐ.,The diver wears a wetsuit to go underwater.
4277,潜水艇,qián shuǐ tǐng,submarine,6,2,潜在,potential;latent,水,water,艇,small boat,,,潜水艇在深海中航行,qián shuǐ tǐng zài shēn hǎi zhōng háng xíng,the submarine navigates in the deep sea
4278,前提,qián tí,premise,6,3,之前,before,提供,to provide,,,,,努力是成功的前提,nǔ lì shì chéng gōng de qián tí,hard work is the prerequisite for success
4279,千兆,qiān zhào,gigabit,6,3,千,thousand,兆赫,megahertz,,,,,这家公司的网络已经升级到千兆。,zhè jiā gōng sī de wǎng luò yǐ jīng shēng jí dào qiān zhào,This company’s network has been upgraded to gigabit speed.
4280,前置摄像头,qián zhì shè xiàng tóu,front-facing camera,6,4,前面,front,位置,position,摄像头,webcam;surveillance camera,,,前置摄像头拍自拍更方便。,qián zhì shè xiàng tóu pāi zì pāi gèng fāng biàn.,The front camera is more convenient for selfies.
4281,抢劫,qiǎng jié,robbery,6,,,,,,,,,,银行发生了一起抢劫,yín háng fā shēng le yī qǐ qiǎng jié,there was a robbery in the bank
4282,强迫症,qiǎng pò zhèng,OCD,6,4,强迫,to compel,症,disease,,,,,他有一点强迫症。,tā yǒu yì diǎn qiǎng pò zhèng,He has a bit of OCD.
4283,强制,qiáng zhì,to force;enforce,6,3,强,strong,控制,to control,,,,,法律强制要求系安全带,fǎ lǜ qiáng zhì yāo qiú jì ān quán dài,the law requires wearing seat belts
4284,悄悄,qiāo qiāo,quietly,6,,-,,,,,,,,她悄悄离开了教室。,tā qiāoqiāo líkāi le jiàoshì,She quietly left the classroom.
4285,翘臀,qiào tún,perky butt,6,,,,,,,,,,她因为有翘臀而自信,tā yīnwèi yǒu qiàotún ér zìxìn,she is confident because of her perky butt
4286,切身,qiè shēn,firsthand,6,3,密切,close,身体,body,,,,,这是关系到每个人切身利益的问题。,zhè shì guān xì dào měi ge rén qiè shēn lì yì de wèn tí.,This is an issue that affects everyone's personal interests.
4287,勤奋,qín fèn,diligent,6,,-,,,,,,,,勤奋是成功的重要因素。,qín fèn shì chéng gōng de zhòng yào yīn sù。,Diligence is a key factor in success.
4288,清炒青菜,Qīng chǎo qīngcài,stir-fried green vegetables,6,,,,,,,,,,清炒青菜很健康,qīngchǎo qīngcài hěn jiànkāng,stir fried greens are very healthy
4289,青春,qīng chūn,youth,6,3,青,green,春天,spring,,,,,青春是一段美好的时光,qīng chūn shì yī duàn měi hǎo de shí guāng,youth is a beautiful time
4290,请到,qǐng dào,please go to,6,4,请,please,到,to arrive,,,,,请到二楼缴费。,qǐng dào èr lóu jiǎo fèi。,Please go to the second floor to make the payment。
4291,请假,qǐng jià,request leave;ask for leave,6,3,请,please,假期,vacation,,,,,他明天要请假,tā míng tiān yào qǐng jià,he will ask for leave tomorrow
4292,轻生念头,qīng shēng niàn tóu,suicidal thoughts,6,4,轻松,light,生命,life,念头,thought;intention,,,他曾有过轻生念头。,tā céng yǒu guò qīng shēng niàn tóu。,He once had suicidal thoughts.
4293,情书,qíng shū,love letter,6,3,情感,emotion,书,book,,,,,他写了一封情书给她。,tā xiě le yī fēng qíng shū gěi tā。,He wrote her a love letter.
4294,倾诉,qīng sù,to confide;pour out feelings,6,4,倾向,tendency,诉说,tell,,,,,她向朋友倾诉心事。,tā xiàng péng yǒu qīng sù xīn shì。,She poured out her feelings to a friend.
4295,轻信,qīng xìn,gullible,6,2,年轻,young,相信,believe,,,,,他太容易轻信别人了,tā tài róng yì qīng xìn bié rén le,he trusts others too easily
4296,清新,qīng xīn,fresh (air),6,3,清楚,clear,新,new,,,,,空气很清新,kōng qì hěn qīng xīn,the air is fresh
4297,情绪稳定,qíng xù wěn dìng,emotional stability,6,,,,,,,,,,她的情绪很稳定,tā de qíng xù hěn wěn dìng,her emotions are stable
4298,穷开心,qióng kāi xīn,poor but happy,6,,,,,,,,,,他们只是图个穷开心,tāmen zhǐshì tú gè qióngkāixīn,They are just having silly fun
4299,球场,qiú chǎng,sports ground,6,2,球,ball,场,open space,,,,,球场上很热闹,qiú chǎng shàng hěn rè nào,the sports field is lively
4300,球形,qiú xíng,spherical,6,2,球,ball,形,shape,,,,,这个装饰是球形的,zhè gè zhuāng shì shì qiú xíng de,This decoration is spherical
4301,求助,qiú zhù,ask for help;seek help,6,3,要求,to request,帮助,aid,,,,,遇到危险时要向别人求助,yù dào wēi xiǎn shí yào xiàng bié rén qiú zhù,when in danger you should ask others for help
4302,去成,qù chéng,to manage to go,6,,,,,,,,,,昨天我没去成那家餐厅,zuó tiān wǒ méi qù chéng nà jiā cān tīng,I didn’t manage to go to that restaurant yesterday
4303,取件码,qǔ jiàn mǎ,pickup code,6,4,取得,obtain,件,item,码,code,,,请出示你的取件码。,qǐng chū shì nǐ de qǔ jiàn mǎ.,Please show your pickup code.
4304,劝酒,quàn jiǔ,pressure to drink,6,3,劝说,persuade,酒,alcohol,,,,,他在酒桌上不停地劝酒,tā zài jiǔ zhuō shàng bù tíng de quàn jiǔ,He kept urging others to drink at the table
4305,全麦面包,quán mài miàn bāo,whole wheat bread,6,4,全,whole,麦,wheat,面包,bread,,,我早餐吃全麦面包。,wǒ zǎo cān chī quán mài miàn bāo.,i eat whole wheat bread for breakfast.
4306,全屏,quán píng,full screen,6,3,全部,all,屏幕,screen,,,,,视频可以切换到全屏模式。,shì pín kě yǐ qiē huàn dào quán píng mó shì。,You can switch the video to full screen.
4307,蜷着,quán zhe,to curl up,6,,,,,,,,,,小猫蜷着睡觉。,xiǎo māo quán zhe shuì jiào.,The kitten sleeps curled up.
4308,圈子,quān zi,social circle,6,,-,,,,,,,,他的圈子很广。,tā de quān zi hěn guǎng,He has a wide social circle.
4309,全家福卷,Quánjiāfú juǎn,family portrait roll; all ingredients,6,,,,,,,,,,他们点了一份全家福卷,tāmen diǎn le yī fèn quánjiāfú juǎn,they ordered a family roll
4310,雀巢,què cháo,Nestlé,6,3,孔雀,peacock,巢,nest,,,,,雀巢是知名食品品牌。,què cháo shì zhī míng shí pǐn pǐn pái.,nestlé is a well-known food brand.
4311,缺口,quē kǒu,gap;shortfall;insufficiency,6,2,缺,lack,口,opening,,,,,这个行业人才缺口很大,zhè gè háng yè rén cái quē kǒu hěn dà,there’s a large talent gap in this industry
4312,确信,què xìn,to be sure;convinced,6,2,确定,definite,相信,to believe,,,,,你确信这笔交易合法吗,Nǐ quèxìn zhè bǐ jiāoyì héfǎ ma,Are you sure this transaction is legal
4313,热红酒,rè hóng jiǔ,mulled wine,6,3,热,hot,红酒,wine,,,,,冬天喝热红酒很暖和,dōngtiān hē rè hóngjiǔ hěn nuǎnhuo,Mulled wine is warming in winter
4314,热浪,rè làng,heat wave,6,3,热,hot,浪,wave,,,,,这次热浪持续了一周。,zhè cì rè làng chí xù le yì zhōu.,This heat wave lasted a week.
4315,人贩子,rén fàn zi,human trafficker,6,4,人,person,贩子,trafficker,,,,,警方抓获了一名人贩子。,jǐng fāng zhuā huò le yì míng rén fàn zi。,The police caught a human trafficker.
4316,人工审核,rén gōng shěn hé,manual review,6,,,,,,,,,,这些交易需要人工审核,zhè xiē jiāo yì xū yào rén gōng shěn hé,These transactions require manual review
4317,认可,rèn kě,to approve;approval,6,2,认,to know,可,can,,,,,他的工作得到了领导的认可,tā de gōngzuò dédào le lǐngdǎo de rènkě,his work was recognized by the leader
4318,人类学,rén lèi xué,anthropology,6,2,人,person,类型,type,学习,study,,,她在大学里学的是人类学。,tā zài dà xué lǐ xué de shì rén lèi xué.,She studied anthropology at university.
4319,人参,rén shēn,ginseng,6,4,人,person,参,to participate,,,,,人参对身体有益,rén shēn duì shēn tǐ yǒu yì,ginseng is good for health
4320,人事部,rén shì bù,human resources department;H.R.,6,3,人,person,事,affair,部,department,,,请去人事部报到,qǐng qù rén shì bù bào dào,please report to the HR department
4321,人性,rén xìng,human nature,6,4,人类,human,性格,character;nature,,,,,这种事情反映了人性,zhè zhǒng shì qíng fǎn yìng le rén xìng,This situation reflects human nature
4322,人造,rén zào,artificial,6,3,人,man,制造,manufacture,,,,,这是人造材料。,zhè shì rén zào cái liào,This is artificial material.
4323,日托,rì tuō,daycare,6,3,日,day,拜托,please,,,,,孩子白天在日托中心。,hái zi bái tiān zài rì tuō zhōng xīn.,The child stays at daycare during the day.
4324,容忍,róng rěn,put up with;tolerate,6,5,容易,easy,忍不住,cannot help but,,,,,我不能容忍这种行为,wǒ bù néng róng rěn zhè zhǒng xíng wéi,i cannot tolerate this behavior
4325,榕树,róng shù,banyan tree,6,,-,,,,,,,,榕树树冠很大。,róng shù shù guān hěn dà.,banyan trees have wide canopies.
4326,儒,rú,Confucian,6,,-,,,,,,,,儒家思想影响深远。,rú jiā sī xiǎng yǐng xiǎng shēn yuǎn。,Confucian thought has far-reaching influence.
4327,瑞典,ruì diǎn,sweden,6,,-,,,,,,,,瑞典生活质量高。,ruì diǎn shēng huó zhì liàng gāo.,sweden has high quality of life.
4328,瑞士,ruì shì,switzerland,6,,-,,,,,,,,瑞士以钟表闻名。,ruì shì yǐ zhōng biǎo wén míng.,switzerland is famous for watches.
4329,撒狗粮,sǎ gǒu liáng,scatter dog food;showing affection publicly,6,4,撒,to spread;scatter,狗,dog,粮食,grain;foodstuff,,,他们在朋友圈狂撒狗粮,sǎ gǒu liáng tā men zài péng yǒu quān kuáng sǎ gǒu liáng,they were showing off their love all over social media
4330,赛道,sài dào,racetrack,6,2,比赛,match,道,path,,,,,选择你的赛道,xiǎnɡ zé nǐ de sài dào,choose your track
4331,腮红,sāi hóng,blush,6,3,腮,cheek,红色,red,,,,,她擦了一点腮红。,tā cā le yì diǎn sāi hóng.,She put on a little blush.
4332,赛圈,sài quān,laps,6,2,比赛,match,圈,circle,,,,,你还有两圈要跑,nǐ hái yǒu liǎng quān yào pǎo,you still have two laps to go
4333,散点图,sǎn diǎn tú,scatter plot,6,4,散布,to scatter,点,point,图表,chart,,,研究员画了一个散点图,yán jiū yuán huà le yī gè sǎn diǎn tú,The researcher drew a scatter plot
4334,三角裤,sān jiǎo kù,briefs,6,2,三,three,角,angle,裤,pants,,,三角裤比较紧身适合运动时穿,sān jiǎo kù bǐ jiào jǐn shēn shì hé yùn dòng shí chuān,Briefs are tighter and suitable for sports
4335,三角恋情,sān jiǎo liàn qíng,love triangle,6,4,三角形,triangle,恋情,romantic love,,,,,他陷入了一段复杂的三角恋情,tā xiàn rù le yī duàn fù zá de sān jiǎo liàn qíng,He got caught in a complicated love triangle
4336,三连蘑菇,sān lián mó gū,triple mushroom,6,,,,,,,,,,你获得了三连蘑菇,nǐ huò dé le sān lián mó gū,you got triple mushrooms
4337,散漫,sǎn màn,undisciplined;lax,6,3,散步,take a walk,浪漫,romantic,,,,,他的工作态度有点散漫。,tā de gōng zuò tài dù yǒu diǎn sǎn màn,His work attitude is somewhat lax.
4338,散养,sàn yǎng,free-range,6,2,散步,take a walk,养,raise,,,,,这家农场的鸡都是散养的。,zhè jiā nóng chǎng de jī dōu shì sàn yǎng de,The chickens on this farm are all free-range.
4339,扫地机器人,sǎo dì jī qì rén,robot vacuum,6,4,扫,sweep,地,ground,机器人,robot,,,我买了一个扫地机器人。,wǒ mǎi le yí gè sǎo dì jī qì rén。,I bought a robot vacuum.
4340,扫描,sǎo miáo,to scan (code),6,3,扫,sweep,描述,to describe,,,,,请先扫描二维码。,qǐng xiān sǎo miáo èr wéi mǎ。,Please scan the QR code first.
4341,嫂子,sǎo zi,sister-in-law (older brother’s wife),6,,,,,,,,,,嫂子经常给我带零食,sǎo zi jīng cháng gěi wǒ dài líng shí,My sister-in-law often brings me snacks
4342,沙尘暴,shā chén bào,sandstorm,6,3,沙,sand,灰尘,dust,暴风,storm,,,北方春天常有沙尘暴。,běi fāng chūn tiān cháng yǒu shā chén bào.,Sandstorms are common in northern spring.
4343,傻乎乎,shǎ hū hū,silly;dim-witted,6,4,傻瓜,idiot,似乎, apparently,乎,exclamatory particle,,,他笑得傻乎乎的。,tā xiào de shǎ hū hū de。,He smiled in a silly way.
4344,杀价,shā jià,bargaining,6,2,杀,kill,价格,price,,,,,他在市场上拼命杀价,Tā zài shìchǎng shàng pīnmìng shājià,He haggled hard at the market
4345,沙漏,shā lòu,hourglass,6,1,沙,sand,泄露,leak,,,,,沙漏快漏完了,shā lòu kuài lòu wán le,the hourglass is almost empty
4346,沙色的脸颊,shā sè de liǎn jiá,Sandy Cheeks,6,,,,,,,,,,她有沙色的脸颊。,tā yǒu shā sè de liǎn jiá.,She has sandy-colored cheeks.
4347,傻笑,shǎ xiào,giggle,6,2,傻,stupid,笑,laugh,,,,,他看着手机一直傻笑。,tā kàn zhe shǒu jī yì zhí shǎ xiào.,he kept grinning foolishly at his phone.
4348,杀猪盘,shā zhū pán,pig butchering,6,,,,,,,,,,他掉进了杀猪盘,tā diào jìn le shāzhūpán,He fell into a romance scam
4349,山地车,shān dì chē,mountain bike,6,3,山地,hilly area,单车,bicycle,,,,,山地车骑到森林能遇到野鹿,shāndìchē qí dào sēnlín néng yùdào yělù,Riding a mountain bike in the forest you can meet wild deer
4350,闪电,shǎn diàn,lightning,6,2,闪,flash,电,electricity,,,,,昨晚有闪电,zuó wǎn yǒu shǎn diàn,there was lightning last night
4351,闪婚,shǎn hūn,flash marriage,6,4,闪电,lightning,结婚,marry,,,,,他们认识一个月就闪婚了。,tā men rèn shi yí gè yuè jiù shǎn hūn le.,They got married after knowing each other for only a month.
4352,删减,shān jiǎn,redaction;censorship,6,3,删除,delete,减少,reduce,,,,,内容被删减了。,nèi róng bèi shān jiǎn le,The content was cut.
4353,闪闪,shǎn​ shǎn,flickering;twinkle;sparkle,6,2,闪,flash,闪,flash,,,,,星星在夜空中闪闪发光,xīng xīng zài yè kōng zhōng shǎn shǎn fā guāng,the stars are twinkling in the night sky
4354,善于社交,shàn yú shè jiāo,socialable,6,,,,,,,,,,他很善于社交,tā hěn shànyú shèjiāo,he is good at socializing
4355,山寨,shān zhài,counterfeit,6,4,山,mountain,寨,village;camp,,,,,这手机是山寨货,shān zhài zhè shǒu jī shì shān zhài huò,this phone is a knockoff
4356,商标,shāng biāo,trademark,6,2,商业,business,标志,sign,,,,,公司注册了新商标。,gōng sī zhù cè le xīn shāng biāo.,The company registered a new trademark.
4357,商户,shāng hù,merchants,6,3,商,business,客户,customer,,,,,这里聚集了很多小商户,zhè lǐ jù jí le hěn duō xiǎo shāng hù,many small businesses are gathered here
4358,商机,shāng jī,business opportunity,6,4,商业,business,机会,opportunity,,,,,他发现了新的商机。,tā fā xiàn le xīn de shāng jī.,He discovered a new business opportunity.
4359,上进,shàng jìn,make progress;ambitious;motivated,6,4,上,upper,进,advance,,,,,他很上进,tā hěn shàng jìn,he is very motivated
4360,商铺,shāng pù,commercial property,6,,,,,,,,,,这条街有很多商铺,zhè tiáo jiē yǒu hěn duō shāng pù,there are many shops on this street
4361,商圈,shāng quān,shopping center,6,,,,,,,,,,这里是一个繁华的商圈,zhè lǐ shì yī gè fán huá de shāng quān,this is a busy business district
4362,上瘾,shàng yǐn,be addicted,6,4,马上,immediately,瘾,addiction,,,,,他已经上瘾了。,tā yǐ jīng shàng yǐn le.,He has become addicted.
4363,商战,shāng zhàn,business battle,6,4,商店,shop,战争,war,,,,,两家公司展开了商战。,liǎng jiā gōng sī zhǎn kāi le shāng zhàn.,The two companies entered a business war.
4364,设备指纹,shè bèi zhǐ wén,device fingerprint,6,,,,,,,,,,应用收集设备指纹,yìng yòng shōu jí shè bèi zhǐ wén,The app collects device fingerprints
4365,社会信用系统,shè huì xìn yòng xì tǒng,social credit system,6,4,社会,society,信用,credit,系统,system,,,他在讨论社会信用系统。,tā zài tǎo lùn shè huì xìn yòng xì tǒng.,He is discussing the social credit system.
4366,社交圈子,shè jiāo quān zǐ,social circle,6,3,社,society,交流,communication,圈子,circle,,,他有很大的社交圈子,tā yǒu hěn dà de shè jiāo quān zi,he has a large social circle
4367,射精,shè jīng,ejaculation,6,1,射击,to shoot,精子,sperm,,,,,他无法射精,tā wúfǎ shèjīng,He couldn't ejaculate
4368,舌吻,shé wěn,french kiss,6,1,舌,tongue,吻,kiss,,,,,电影里两位主角在雨中深情地舌吻。,diàn yǐng lǐ liǎng wèi zhǔ jiǎo zài yǔ zhōng shēn qíng de shé wěn.,"In the movie, the two main characters share a passionate French kiss in the rain."
4369,摄影机,shè yǐng jī,camera,6,2,摄影,photography,机,machine,,,,,他买了一台新的摄影机,tā mǎi le yì tái xīn de shè yǐng jī,he bought a new video camera
4370,神话,shén huà,mythology,6,3,精神,spirit,童话,fairy tale,,,,,这个故事来自古代神话。,zhè gè gù shi lái zì gǔ dài shén huà,This story comes from ancient mythology.
4371,身家,shēn jiā,net worth,6,4,身体,body,家产,family property,,,,,他的身家很高。,tā de shēn jiā hěn gāo,His net worth is high.
4372,深蓝,shēn lán,dark blue,6,4,深,deep,蓝色,blue,,,,,深蓝色西装很正式,shēn lán sè xī zhuāng hěn zhèng shì,Dark blue suits look formal
4373,申通,shēn tōng,STO Express,6,4,申请,apply,通过,pass through,,,,,这个快递是申通送的。,zhè gè kuài dì shì shēn tōng sòng de。,This package was delivered by STO.
4374,肾脏病学,shèn zàng bìng xué,nephrology;kidney medicine,6,3,肾脏,kidney,病,disease,科学,science,,,肾脏病中心专门治疗肾功能问题。,shèn zàng bìng zhōng xīn zhuān mén zhì liáo shèn gōng néng wèn tí。,The nephrology center specializes in treating kidney problems。
4375,圣诞帽,shèng dàn mào,Santa hat,6,4,圣诞,Christmas,帽子,hat,,,,,他戴着圣诞帽拍照,tā dàizhe shèngdàn mào pāizhào,He wears a Santa hat for photos
4376,圣诞树,shèng dàn shù,Christmas tree,6,4,圣诞,Christmas,树,tree,,,,,客厅里摆着一棵圣诞树,kètīng lǐ bǎizhe yì kē shèngdàn shù,There is a Christmas tree in the living room
4377,生粉,shēng fěn,starch;cornstarch,6,3,生活,life,粉,powder,,,,,做菜时加点生粉会更嫩。,zuò cài shí jiā diǎn shēng fěn huì gèng nèn.,Adding starch when cooking makes it more tender.
4378,生活水平,shēng huó shuǐ píng,living standards,6,3,生活,life,水平,level,,,,,这几年人们的生活水平提高了,shēng huó shuǐ píng zhè jǐ nián rén men de shēng huó shuǐ píng tí gāo le,people’s living standards have improved in recent years
4379,省立,shěng lì,Provincial,6,,,,,,,,,,这是一个省立医院,zhè shì yī gè shěng lì yī yuàn,this is a provincial hospital
4380,生理,shēng lǐ,physiological;physical,6,2,生,life,理,reason,,,,,这是正常的生理反应,Zhè shì zhèngcháng de shēnglǐ fǎnyìng,This is a normal physiological reaction
4381,省略,shěng lüè,omit,6,3,省,to save;economize,战略,strategy,,,,,这句话可以省略主语。,zhè jù huà kě yǐ shěng lüè zhǔ yǔ.,The subject can be omitted in this sentence.
4382,省时,shěng shí,time-saving,6,4,节省,save,时间,time,,,,,这个方法很省时。,zhè gè fāng fǎ hěn shěng shí,This method saves time.
4383,生意人,shēng yì rén,businessperson,6,4,生意,business,人,person,,,,,他是个精明的生意人。,tā shì gè jīng míng de shēng yì rén,He is a shrewd businessman.
4384,生硬,shēng yìng,stiff;unnatural,6,2,生活,life,硬,hard,,,,,他的中文听起来有点生硬。,tā de zhōng wén tīng qǐ lái yǒu diǎn shēng yìng,His Chinese sounds a bit stiff.
4385,食材,shí cái,(food) ingredients,6,1,食,food,材料,material,,,,,准备好食材再开始做菜,zhǔn bèi hǎo shí cái zài kāi shǐ zuò cài,prepare the ingredients before cooking
4386,市场份额,shì chǎng fèn 'é,market share,6,2,市场,marketplace,份额,portion;share,,,,,这家公司市场份额很大,zhè jiā gōng sī shì chǎng fèn é hěn dà,this company has a large market share
4387,试吃,shì chī,taste test,6,4,试试,try,吃,eat,,,,,超市里可以试吃新品。,chāo shì lǐ kě yǐ shì chī xīn pǐn,You can taste-test new products at the supermarket.
4388,十大,shí dà,top ten,6,3,十,ten,大,big,,,,,这是今年十大新闻之一。,zhè shì jīn nián shí dà xīn wén zhī yī,This is one of the top ten news stories this year.
4389,实话,shí huà,truth,6,2,事实,fact,话,speech,,,,,请说实话,qǐng shuō shí huà,please tell the truth
4390,时间线,shí jiān xiàn,timeline,6,3,时间,time,线,line,,,,,我们画了一条时间线,wǒ men huà le yī tiáo shí jiān xiàn,we drew a timeline
4391,视角,shì jiǎo,perspective;viewing angle,6,2,视,to look at,角,angle,,,,,这部电影的视角很独特,Zhè bù diànyǐng de shìjiǎo hěn dútè,This movie has a unique perspective
4392,世界八大奇迹,shì jiè bā dà qí jì,Eight Wonders of the World,6,4,世界,world,八,eight,大,big,奇迹,miracle,老师上课时提到了世界八大奇迹。,lǎo shī shàng kè shí tí dào le shì jiè bā dà qí jì,The teacher mentioned the Eight Wonders of the World in class.
4393,世界卫生组织,shì jiè wèi shēng zǔ zhī,World Health Organization,6,3,世界,world,卫生,hygiene,组织,organization,,,世界卫生组织发布了最新报告。,shì jiè wèi shēng zǔ zhī fā bù le zuì xīn bào gào.,The World Health Organization released its latest report.
4394,时刻表,shí kè biǎo,timetable,6,4,时刻,time,表达,to express,,,,,火车的时刻表在墙上,huǒ chē de shí kè biǎo zài qiáng shàng,the train timetable is on the wall
4395,实力,shí lì,strength;abilities,6,4,实际,actual,力量,force;power,,,,,这家公司展现了很强的技术实力。,zhè jiā gōng sī zhǎn xiàn le hěn qiáng de jì shù shí lì.,this company has shown strong technical capability.
4396,时令,shí lìng,in season;seasonal,6,4,时间,time,命令,to order,,,,,这家店卖很多时令水果。,zhè jiā diàn mài hěn duō shí lìng shuǐ guǒ.,This shop sells many seasonal fruits.
4397,士农工商,shì nóng gōng shāng,"social hierarchy: scholars, farmers, artisans, merchants",6,4,博士,PhD,农民,farmer,工人,worker,商人,merchant,古代社会讲究士农工商。,gǔ dài shè huì jiǎng jiū shì nóng gōng shāng.,Ancient society recognized the four traditional occupations.
4398,湿热,shī rè,hot and humid,6,4,湿,moist,热,hot,,,,,夏天这里又湿又热,xià tiān zhè lǐ yòu shī yòu rè,It’s hot and humid here in the summer
4399,实施,shí shī,implement,6,4,确实,indeed,设施,facilities,,,,,公司决定下个月实施新政策。,gōng sī jué dìng xià gè yuè shí shī xīn zhèng cè,The company decided to implement a new policy next month.
4400,十四五,shí sì wǔ,The 14th Five-Year Plan,6,4,十四,fourteen,五,five,,,,,十四五期间，国家重点发展科技创新。,shí sì wǔ qī jiān ， guó jiā zhòng diǎn fā zhǎn kē jì chuàng xīn.,"during the 14th five-year plan, the country focuses on technological innovation."
4401,时态,shí tài,tense (grammar),6,1,时间,time,状态,state,,,,,英语有很多时态。,yīng yǔ yǒu hěn duō shí tài.,English has many tenses.
4402,实体店,shí tǐ diàn,brick and mortar store,6,3,实,real,体,body,店,store,,,现在很多实体店都开网店了,xiàn zài hěn duō shí tǐ diàn dōu kāi wǎng diàn le,many physical stores now have online shops
4403,失业率,shī yè lǜ,unemployment rate,6,,,,,,,,,,这个城市的失业率下降了,zhè gè chéng shì de shī yè lǜ xià jiàng le,the unemployment rate in this city has dropped
4404,室友,shì yǒu,roommate,6,1,室,room,朋友,friend,,,,,我的室友很友好,wǒ de shì yǒu hěn yǒu hǎo,my roommate is very friendly
4405,石家庄,Shíjiāzhuāng,Shijiazhuang,6,3,石,stone,家,family,村庄,village,,,石家庄是河北的交通枢纽,Shíjiāzhuāng shì Héběi de jiāo tōng shū niǔ,Shijiazhuang is a transportation hub in Hebei
4406,十一长假,shíyī cháng jiǎ,national day long holiday,6,3,十,ten,一,one,长假,long vacation,,,我们计划十一长假去旅游,wǒ men jì huà shí yī cháng jià qù lǚ yóu,we plan to travel during the national day holiday
4407,手册,shǒu cè,manual;handbook,6,3,手,hand,注册,register,,,,,请先阅读使用手册。,qǐng xiān yuè dú shǐ yòng shǒu cè.,please read the manual first.
4408,手串,shǒu chuàn,bead bracelet,6,2,手,hand,串,skewer,,,,,他戴着一串木质手串。,tā dài zhe yí chuàn mù zhì shǒu chuàn.,he is wearing a wooden bead bracelet.
4409,手电筒,shǒu diàn tǒng,handheld flashlight,6,3,手,handheld,电,electric,筒,tube;cylinder,,,停电了，我用手电筒照明。,"tíng diàn le, wǒ yòng shǒu diàn tǒng zhào míng.","During the power outage, I used a flashlight to see."
4410,守护解放西,shǒu hù jiě fàng xī,Guarding Jiefang West (TV show),6,4,守卫,to gaurd,保护,to protect,解放,liberate,西,west,我最近在看《守护解放西》。,wǒ zuì jìn zài kàn “Shǒu Hù Jiě Fàng Xī”,I’ve been watching “Guarding Jiefang West” recently.
4411,手机支架,shǒu jī zhī jià,phone stand,6,3,手机,mobile phone,支持,support,架,rack;stand,,,我买了一个手机支架。,wǒ mǎi le yí ge shǒu jī zhī jià.,I bought a phone stand.
4412,售票处,shòu piào chù,ticket office,6,4,出售,sell,票,ticket,处,place,,,请去售票处买票。,qǐng qù shòu piào chù mǎi piào.,Please buy your ticket at the ticket office.
4413,手枪,shǒu qiāng,handgun;pistol,6,4,手,hand,枪,gun,,,,,警察拔出手枪,jǐng chá bá chū shǒu qiāng,The policeman drew his gun
4414,手势,shǒu shì,gesture;signal;sign,6,2,手,hand,姿势,posture,,,,,他用手势示意我过去,Tā yòng shǒushì shìyì wǒ guòqù,He gestured for me to come over
4415,手速,shǒu sù,hand reflex speed,6,4,手,hand,速度,speed,,,,,抢票的时候特别考验手速。,qiǎng piào de shí hou tè bié kǎo yàn shǒu sù,Buying tickets really tests your reaction speed.
4416,手提包,shǒu tí bāo,handbag,6,2,手,hand,提,hold;lift,包,bag,,,她买了一个新的手提包,tā mǎi le yī gè xīn de shǒu tí bāo,She bought a new handbag
4417,手心,shǒu xīn,palm (of hand),6,1,手,hand,心,heart,,,,,他的手心出汗了,tā de shǒu xīn chū hàn le,his palms are sweating
4418,受众,shòu zhòng,target audience,6,4,受到,receive,观众,audience,,,,,这款产品的受众很年轻。,zhè kuǎn chǎn pǐn de shòu zhòng hěn nián qīng.,This product targets a young audience.
4419,舒肤佳,shū fū jiā,Safeguard (soap),6,2,舒服,comfortable,皮肤,skin,最佳,optimum,,,我每天用舒肤佳洗手。,wǒ měi tiān yòng shū fū jiā xǐ shǒu.,i wash my hands with Safeguard every day.
4420,蔬果,shū guǒ,fruits and vegetables;produce,6,,蔬菜,vegetable,水果,fruit,,,,,我每天都吃新鲜蔬果,wǒ měi tiān dōu chī xīn xiān shū guǒ,i eat fresh fruits and vegetables every day
4421,输精管,shū jīng guǎn,vas deferens,6,1,运输,to transport;carry,精子,sperm,管,pipe,,,医生检查了他的输精管,Yīshēng jiǎnchá le tā de shūjīngguǎn,The doctor examined his vas deferens
4422,输精管切除术,shū jīng guǎn qiē chú shù,vasectomy,6,2,输精管,vas deferens,切,cut,除,to remove,手术,surgery,医生建议做输精管除术,Yīshēng jiànyì zuò shūjīnguǎn chúshù,The doctor suggested a vasectomy
4423,数据统计,shù jù tǒng jì,data statistics,6,,,,,,,,,,我们正在做数据统计,wǒ men zhèng zài zuò shù jù tǒng jì,we are doing data statistics
4424,熟练,shú liàn,skilled;practiced,6,2,成熟,mature,训练,training,,,,,他钢琴弹得很熟练,tā gāng qín tán de hěn shú liàn,he plays the piano skillfully
4425,梳毛,shū máo,to brush fur,6,,,,,,,,,,每天要给猫梳毛。,měi tiān yào gěi māo shū máo.,Brush the cat’s fur every day.
4426,书面语,shū miàn yǔ,written language,6,4,书面,written,语言,language,,,,,这篇文章多用书面语。,zhè piān wénzhāng duō yòng shūmiànyǔ,This article mainly uses written language.
4427,书签,shū qiān,bookmark,6,3,书,book,签,to sign one's name,,,,,我用书签标记了页面,wǒ yòng shū qiān biāo jì le yè miàn,i marked the page with a bookmark
4428,输血,shū xuè,blood transfusion,6,3,运输,transportation,血,blood,,,,,输血科负责提供安全的血液。,shū xuè kē fù zé tí gōng ān quán de xuè yè。,The blood transfusion department provides safe blood。
4429,鼠疫,shǔ​ yì,plague,6,1,鼠,rat,瘟疫,epidemic,,,,,历史上曾有鼠疫爆发,lì shǐ shàng céng yǒu shǔ yì bào fā,there was a plague outbreak in history
4430,刷单,shuā dān,to place fake orders to boost sales or reviews,6,4,刷,brush,订单,order,,,,,平台禁止商家通过刷单提高销量。,píng tái jìn zhǐ shāng jiā tōng guò shuā dān tí gāo xiāo liàng.,The platform prohibits sellers from using fake orders to boost sales.
4431,刷剧,shuā jù,binge-watch shows,6,3,刷,swipe;brush,电视剧,tv drama,,,,,周末我在家刷剧。,zhōu mò wǒ zài jiā shuā jù,I binge-watch shows at home on weekends.
4432,摔坏,shuāi huài,to break by falling,6,,,,,,,,,,玻璃杯摔坏了,bō lí bēi shuāi huài le,The glass cup broke
4433,双标,shuāng biāo,double standards,6,3,双,double,标准,standard,,,,,他常常被说是双标,tā cháng cháng bèi shuō shì shuāng biāo,he is often accused of double standards
4434,双层床,shuāng céng chuáng,bunk bed,6,2,双,pair,层,level;layer,床,bed,,,宿舍里放着双层床。,sù shè lǐ fàng zhe shuāng céng chuáng,There are bunk beds in the dormitory.
4435,双重,shuāng chóng,double,6,2,双,pair,重复,to repeat,,,,,他面临双重压力,tā miàn lín shuāng chóng yā lì,he faces double pressure
4436,双拼卷饼,Shuāng pīn juǎn bǐng,double combination burrito,6,,,,,,,,,,我点了一份双拼卷饼,wǒ diǎn le yī fèn shuāng pīn juǎnbǐng,I ordered a double combo burrito
4437,双下巴,shuāng xià bā,double chin,6,3,双,pair,下巴,chin,,,,,他低头的时候会出现双下巴。,tā dī tóu de shí hou huì chū xiàn shuāng xià bā,He gets a double chin when he lowers his head.
4438,爽约,shuǎng yuē,No Show,6,,,,,,,,,,他昨天又爽约了,tā zuó tiān yòu shuǎng yuē le,he stood me up again yesterday
4439,水杯,shuǐ bēi,water cup,6,5,水,water,杯子,cup,,,,,她打翻了水杯,tā dǎ fān le shuǐ bēi,She knocked over the cup
4440,水池,shuǐ chí,pool,6,4,水,water,池塘,pond,,,,,小朋友在水池边玩水,xiǎo péng yǒu zài shuǐ chí biān wán shuǐ,Kids are playing by the pool
4441,睡过头,shuì guò tóu,to oversleep,6,3,睡,sleep,过,to pass,头,head,,,我今天早上睡过头了,wǒ jīn tiān zǎo shàng shuì guò tóu le,I overslept this morning
4442,水军,shuǐ jūn,paid internet trolls,6,4,水,water,军队,army,,,,,网上有很多水军。,wǎng shàng yǒu hěn duō shuǐ jūn.,There are many paid internet commenters online.
4443,水蜜桃,shuǐ mì táo,juicy peach,6,,,,,,,,,,有人把女生比作水蜜桃,yǒurén bǎ nǚshēng bǐ zuò shuǐmìtáo,some people compare girls to peaches
4444,睡醒,shuì xǐng,to wake up,6,,,,,,,,,,我刚睡醒有点头晕,wǒ gāng shuì xǐng yǒu diǎn tóu yūn,I just woke up and feel a bit dizzy
4445,水印,shuǐ yìn,watermark,6,2,水,water,打印,print,,,,,这张照片有水印。,zhè zhāng zhào piàn yǒu shuǐ yìn.,This photo has a watermark.
4446,水晶虾饺,Shuǐjīng xiā jiǎo,Crystal Shrimp Dumplings,6,,,,,,,,,,我在点心店点了水晶虾饺,wǒ zài diǎnxīn diàn diǎn le shuǐjīng xiājiǎo,I ordered crystal shrimp dumplings at the dim sum shop
4447,顺风,shùn fēng,tailwind; favorable conditions,6,2,顺利,smooth,风,wind,,,,,希望你一路顺风。,xī wàng nǐ yí lù shùn fēng.,I hope you have a smooth journey.
4448,顺风车,shùn fēng chē,rideshare,6,,,,,,,,,,我昨天打了顺风车,wǒ zuó tiān dǎ le shùn fēng chē,i took a carpool yesterday
4449,说白了,shuō bái le,to put it bluntly,6,4,说,to say,白,white,了,past tense,,,说白了他就是不想帮忙。,shuō bái le tā jiù shì bù xiǎng bāngmáng.,To put it bluntly he just doesn’t want to help.
4450,说教,shuō jiào,preaching;lecturing,6,3,说,to speak,教,teach,,,,,别总对我说教我烦了,bié zǒng duì wǒ shuō jiào wǒ fán le,Stop preaching to me I’m tired of it
4451,死板,sǐ bǎn,rigid;inflexible,6,2,死,dead,板,board,,,,,他的想法太死板了,tā de xiǎng fǎ tài sǐ bǎn le,His thinking is too rigid
4452,私奔,sī bēn,elope,6,5,私人,private,奔跑,to run,,,,,他们因为家人反对而决定私奔,tā men yīn wèi jiā rén fǎn duì ér jué dìng sī bēn,They decided to elope because their families opposed
4453,斯蒂芬·库里,sī dì fēn kù lǐ,Steph Curry,6,,,,,,,,,,我昨天看了斯蒂芬·库里的比赛他太厉害了,wǒ zuó tiān kàn le sī dì fēn kù lǐ de bǐ sài tā tài lì hai le,I watched Steph Curry’s game yesterday he was amazing
4454,私下,sī xià,in private;privately,6,4,私人,private,下,under,,,,,他们私下里谈过话,tā men sī xià lǐ tán guò huà,they talked privately
4455,死心,sǐ xīn,give up,6,,,,,,,,,,他终于对那件事死心了,Tā zhōngyú duì nà jiàn shì sǐxīn le,He finally gave up on that matter
4456,四月上旬,sì yuè shàng xún,Early April,6,,,,,,,,,,四月上旬我要去北京,Sìyuè shàngxún wǒ yào qù Běijīng,I will go to Beijing in early April
4457,四月下旬,sì yuè xià xún,Late April,6,,,,,,,,,,四月下旬有考试,Sìyuè xiàxún yǒu kǎoshì,There is an exam in late April
4458,四月中旬,sì yuè zhōng xún,Mid-April,6,,,,,,,,,,四月中旬我休假,Sìyuè zhōngxún wǒ xiūjià,I take a vacation in mid April
4459,松子,sōng zǐ,pine nut,6,,-,,,,,,,,松子常用于中餐。,sōng zǐ cháng yòng yú zhōng cān.,pine nuts are used in chinese dishes.
4460,酥嫩鸡柳,Sū nèn jī liǔ,crisp and tender chicken fillet,6,,,,,,,,,,孩子喜欢吃酥嫩鸡柳,háizi xǐhuān chī sūnèn jīliǔ,children like eating tender crispy chicken strips
4461,素颜,sù yán,bare-faced,6,4,素质,inner quality,掩面,cover face,,,,,她今天素颜出门。,tā jīn tiān sù yán chū mén.,She went out without makeup today.
4462,苏州园林,sū zhōu yuán lín,Classical Chinese gardens in Suzhou,6,4,苏州,Suzhou,园林,gardens,,,,,苏州园林讲究精致布局。,sū zhōu yuán lín jiǎng jiū jīng zhì bù jú,Suzhou gardens emphasize delicate design.
4463,宿醉,sù zuì,hangover,6,2,宿舍,dorm,醉,drunk,,,,,昨晚喝太多今天宿醉严重。,zuó wǎn hē tài duō jīntiān sù zuì yánzhòng.,I drank too much last night and have a bad hangover today.
4464,随和,suí he,easy going,6,,,,,,,,,,他性格很随和,tā xìng gé hěn suí hé,he has a very easygoing personality
4465,碎片化,suì piàn huà,fragmented,6,3,碎,broken,片,slice,变化,change,,,信息越来越碎片化。,xìn xī yuè lái yuè suì piàn huà,Information is becoming fragmented.
4466,索引,suǒ yǐn,index (data),6,,,,,,,,,,这个表需要索引,zhè gè biǎo xū yào suǒ yǐn,This table needs an index
4467,胎儿,tāi ér,fetus,6,4,轮胎,tire,儿童,child,,,,,医生检查了胎儿的情况。,Yīshēng jiǎnchá le tāi'ér de qíngkuàng.,The doctor checked the condition of the fetus.
4468,太妃糖,tài fēi táng,toffee,6,,-,,,,,,,,她喜欢吃太妃糖。,tā xǐ huān chī tài fēi táng.,She likes toffee.
4469,胎记,tāi jì,birthmark,6,2,胎儿,fetus,记得,to remember,,,,,他手臂上有一块胎记。,tā shǒu bì shàng yǒu yí kuài tāi jì.,he has a birthmark on his arm.
4470,台积电,tái jī diàn,TSMC,6,3,台湾,Taiwan,积累,accumulate,电,electricity,,,台积电在芯片行业地位重要。,tái jī diàn zài xīn piàn háng yè dì wèi zhòng yào.,tsmc is important in the chip industry.
4471,太奶奶,tài nǎi nai,great-grandmother (paternal),6,3,太,too,奶奶,grandmother,,,,,太奶奶身体还挺硬朗的。,tài nǎinai shēntǐ hái tǐng yìnglǎng de.,My great-grandmother is still quite healthy.
4472,太爷爷,tài yé ye,great-grandfather (paternal),6,3,太,too,爷爷,grandfather,,,,,我太爷爷已经九十多岁了。,wǒ tài yéye yǐjīng jiǔshí duō suì le.,My great-grandfather is already over 90.
4473,痰,tán,phlegm,6,,-,,,,,,,,感冒时会有很多痰。,gǎn mào shí huì yǒu hěn duō tán.,You may have a lot of phlegm when you have a cold.
4474,弹钢琴,tán gāng qín,to play the piano,6,,,,,,,,,,她正在弹钢琴,tā zhèngzài tán gāngqín,she is playing the piano
4475,摊位,tān wèi,booth (vendors),6,,,,,,,,,,夜市有很多摊位,yè shì yǒu hěn duō tān wèi,there are many stalls at the night market
4476,糖醋,táng cù,sweet and sour,6,4,糖果,candy,醋,vinegar,,,,,我喜欢糖醋排骨。,wǒ xǐ huān táng cù pái gǔ.,I like sweet-and-sour ribs.
4477,糖豆,táng dòu,jelly beans,6,3,糖果,candy,豆,bean,,,,,孩子喜欢吃糖豆。,hái zi xǐ huān chī táng dòu.,Children like eating candy-coated chocolates.
4478,桃树,táo shù,peach tree,6,4,桃子,peach,树,tree,,,,,桃树春天开花。,táo shù chūn tiān kāi huā.,peach trees bloom in spring.
4479,逃税,táo shuì,tax evasion,6,4,逃避,escape;evade,税,tax,,,,,他因为逃税被调查。,tā yīn wèi táo shuì bèi diào chá,He was investigated for tax evasion.
4480,特工,tè gōng,agent,6,4,特,special,工,work,,,,,他在电影里演特工,tā zài diàn yǐng lǐ yǎn tè gōng,He plays a secret agent in the movie
4481,特种兵,tè zhǒng bīng,special forces,6,4,特别,special,种,type,士兵,soldier,,,他是特种兵出身。,tā shì tè zhǒng bīng chū shēn,He comes from special forces.
4482,体操,tǐ cāo,gymnastics,6,2,身体,body,操作,to operate,,,,,她从事体操训练。,tā cóng shì tǐ cāo xùn liàn.,she trains in gymnastics.
4483,体力,tǐ lì,physical strength,6,3,体,body,力,power,,,,,他没有足够的体力爬山,tā méiyǒu zúgòu de tǐlì pá shān,he does not have enough strength to climb the mountain
4484,体力不支,tǐ lì bù zhī,physical exhaustion,6,4,体力,physical strength,不,not,支持,to support,,,跑到一半他体力不支了,pǎo dào yī bàn tā tǐ lì bù zhī le,he ran out of strength halfway
4485,体量,tǐ liàng,scale;size,6,4,身体,body,数量,amount,,,,,这个项目体量很大。,zhè gè xiàng mù tǐ liàng hěn dà,This project is large in scale.
4486,体面,tǐ miàn,decent;respectable,6,4,身体,body,面子,face,,,,,他活得很体面。,tā huó de hěn tǐ miàn,He lives decently.
4487,提前,tí qián,in advance,6,3,提供,to offer,前,before,,,,,我们要提前完成工作,wǒ men yào tí qián wán chéng gōng zuò,we need to finish the work ahead of time
4488,体现,tǐ xiàn,reflect;embodies,6,2,体,body,表现,to show,,,,,这件事体现了她的责任心,zhè jiàn shì tǐ xiàn le tā de zé rèn xīn,this matter reflects her sense of responsibility
4489,体重,tǐ zhòng,body weight,6,,,,,,,,,,她的体重是五十公斤,tā de tǐ zhòng shì wǔ shí gōng jīn,her weight is fifty kilograms
4490,替罪羊,tì zuì yáng,scapegoat,6,4,代替,to replace,犯罪,crime,山羊,goat,,,出了事他被当成替罪羊,tì zuì yáng chū le shì tā bèi dāng chéng tì zuì yáng,when something went wrong he was made the scapegoat
4491,天妇罗,tiān fù luó,tempura,6,,,,,,,,,,这家餐厅的天妇罗很地道,zhè jiā cān tīng de tiān fù luó hěn dì dào,The tempura in this restaurant is authentic
4492,天蓝,tiān lán,sky blue,6,4,天空,sky,蓝色,blue,,,,,天蓝色让人心情平静,tiān lán sè ràng rén xīn qíng píng jìng,Sky blue calms people
4493,舔毛,tiǎn máo,to groom,6,3,舔,lick,毛皮,fur,,,,,猫经常自己舔毛。,māo jīng cháng zì jǐ tiǎn máo.,Cats often groom themselves.
4494,天然气,tiān rán qì,natural gas,6,4,天然,natural,气体,gas,,,,,很多家庭用天然气做饭。,hěn duō jiā tíng yòng tiān rán qì zuò fàn.,many households use natural gas to cook.
4495,天坛,tiān tán,"Temple of Heaven (Beijing), historic site for imperial ceremonies",6,4,天堂,heaven,坛,altar,,,,,天坛是古代皇帝祭天的地方。,tiān tán shì gǔ dài huáng dì jì tiān de dì fang,The Temple of Heaven was where emperors worshipped Heaven.
4496,天线,tiān xiàn,antenna,6,1,天,sky,线,thread,,,,,屋顶上有一根天线,wūdǐng shàng yǒu yī gēn tiānxiàn,there is an antenna on the roof
4497,跳楼,tiào lóu,jump off building,6,3,跳,to jump,楼,building,,,,,他威胁要跳楼。,tā wēi xié yào tiào lóu,He threatened to jump.
4498,跳绳,tiào shéng,jump rope,6,4,跳,jump,绳,rope,,,,,每天早上我跳绳锻炼。,měi tiān zǎo shang wǒ tiào shéng duàn liàn.,I jump rope every morning for exercise.
4499,挑衅,tiǎo xìn,provocative;to provoke,6,3,挑战,to challenge,衅,offer blood in sacrifice,,,,,他的言语带有挑衅意味。,tā de yán yǔ dài yǒu tiǎo xìn yì wèi。,His words carried a provocative tone.
4500,停留,tíng liú,stay;to stop over,6,4,停,stop,保留,to retain;keep,,,,,我们在巴黎停留三天,wǒ men zài bā lí tíng liú sān tiān,we stayed in paris for three days
4501,停战,tíng zhàn,armistice;truce;ceasefire,6,2,停,stop,战争,war,,,,,双方宣布停战以开始谈判。,shuāng fāng xuānbù tíng zhàn yǐ kāishǐ tánpàn.,Both sides announced a ceasefire to begin negotiations.
4502,同比增长,tóng bǐ zēng zhǎng,year-on-year growth,6,4,同,same,比较,compare,增长,increase,,,今年销售额同比增长了百分之十。,jīn nián xiāo shòu é tóng bǐ zēng zhǎng le bǎi fēn zhī shí.,Sales increased by ten percent year over year.
4503,同龄人,tóng líng rén,peers of the same age,6,4,同,same,年龄,age,人,person,,,他和同龄人差不多。,tā hé tóng líng rén chà bu duō,He is similar to his peers.
4504,通行费,tōng xíng fèi,toll,6,2,通过,pass through,行,walk;go,费用,fee,,,高速公路要收通行费。,gāo sù gōng lù yào shōu tōng xíng fèi。,Highways charge tolls.
4505,统治,tǒng zhì,to rule;govern,6,4,总统,president,政治,politics,,,,,这个王朝统治了几百年。,zhè gè wáng cháo tǒng zhì le jǐ bǎi nián.,this dynasty ruled for several hundred years.
4506,偷渡,tōu dù,illegal immigration,6,2,偷偷,stealthily,过渡,transition,,,,,偷渡是违法行为。,tōu dù shì wéì fǎ xíng wéi.,illegal immigration is against the law.
4507,头粉,tóu fěn,top fan,6,,,,,,,,,,他是谷歌的头粉,tā shì gǔ gē de tóu fěn,He is a die hard Google fan
4508,偷感,tōu gǎn,thief sense;sneaky vibe,6,3,偷,to steal,感觉,feeling,,,,,这套穿搭有点偷感。,zhè tào chuān dā yǒu diǎn tōu gǎn.,This outfit gives off a slightly sneaky vibe.
4509,投机,tóu jī,having good rapport;clicking (in conversation);stock market speculation,6,4,投资,invest,机会,chance,,,,,有人通过投机赚钱。,yǒu rén tōng guò tóu jī zhuàn qián,Some people make money by speculation.
4510,投资者,tóu zī zhě,investor,6,,,,,,,,,,投资者很关心市场变化,tóu zī zhě hěn guān xīn shì chǎng biàn huà,investors care a lot about market changes
4511,徒弟,tú dì,apprentice,6,3,叛徒,traitor,弟弟,younger brother,,,,,他收了一个新徒弟。,tā shōu le yí gè xīn túdì,He took on a new apprentice.
4512,土豪,tǔ háo,local tycoon;someone who suddenly gets rich and spends a lot,6,3,本土,native,豪华,luxurious,,,,,他出手太阔绰简直是土豪,tǔ háo tā chū shǒu tài kuò chuò jiǎn zhí shì tǔ háo,he spends so lavishly he is basically a rich guy
4513,吐口水,tǔ kǒu shuǐ,to spit;spitting,6,2,吐,vomit,口水,saliva,,,,,不要随地吐口水,bù yào suí dì tǔ kǒu shuǐ,don’t spit everywhere
4514,图例,tú lì,legend (visualization),6,4,图表,chart,例子,example,,,,,图例解释了每个颜色,tú lì jiě shì le měi gè yán sè,The legend explains each color
4515,土楼,tǔ lóu,Traditional dwellings in Fujian,6,3,土地,earth;land,楼房,building,,,,,福建土楼结构很独特。,fú jiàn tǔ lóu jié gòu hěn dú tè,Fujian tulou have unique structures.
4516,突破,tú pò,breakthrough;exceed,6,2,突然,suddenly,破,break,,,,,他们取得了突破,tā men qǔ dé le tū pò,they made a breakthrough
4517,吐字,tǔ zì,pronunciation,6,,,,,,,,,,他说话吐字不清,tā shuō huà tǔ zì bù qīng,his pronunciation is not clear
4518,团结,tuán jié,to unite,6,2,团,group,结婚,to marry,,,,,我们必须团结才能成功,wǒ men bì xū tuán jié cái néng chéng gōng,we must unite to succeed
4519,团聚,tuán jù,to reunite;have a reunion,6,3,团,group,聚,to assemble,,,,,春节是一家人团聚的时刻,chūnjié shì yījiārén tuánjù de shíkè,spring festival is a time for families to reunite
4520,推测,tuī cè,to speculate;conjecture,6,3,推,push,预测,to forecast,,,,,我只能推测他的想法,wǒ zhǐ néng tuī cè tā de xiǎng fǎ,I can only guess his thoughts
4521,推荐信,tuī jiàn xìn,recommendation letter,6,4,推荐,recommend,信,a letter,,,,,老师帮我写推荐信。,lǎo shī bāng wǒ xiě tuī jiàn xìn,The teacher wrote me a recommendation letter.
4522,囤货,tún huò,to stockpile,6,3,囤积,hoarding,货,goods,,,,,双十一之前很多人开始囤货。,shuāng shí yī zhī qián hěn duō rén kāi shǐ tún huò,Many people start stocking up before Singles’ Day.
4523,豚鼠,tún​ shǔ,guinea pig,6,2,豚,piglet,鼠,rat,,,,,她养了一只豚鼠,tā yǎng le yī zhī tún shǔ,she has a guinea pig
4524,吞咽,tūn yàn,swallow,6,,-,,,,,,,,他吞咽了一口水。,tā tūn yàn le yì kǒu shuǐ.,He swallowed a mouthful of water.
4525,驼背,tuó bèi,hunchback,6,2,骆驼,camel,背,back,,,,,他年纪大了有点驼背,tā nián jì dà le yǒu diǎn tuó bèi,He has a slight hunchback in his old age
4526,脱离,tuō lí,escape;breakaway,6,3,脱,to take off;shed,离开,to leave,,,,,他终于脱离了危险,tā zhōng yú tuō lí le wēi xiǎn,he finally escaped danger
4527,脱水,tuō shuǐ,dehydrated;dehydration,6,2,脱,to take off;shed,水,water,,,,,运动后要及时补水防止脱水,yùn dòng hòu yào jí shí bǔ shuǐ fáng zhǐ tuō shuǐ,you should rehydrate after exercise to avoid dehydration
4528,妥协,tuǒ xié,compromise,6,,,,,,,,,,有时候需要妥协,Yǒu shíhòu xūyào tuǒxié,Sometimes compromise is necessary
4529,蛙鞋,wā xié,fins;flippers,6,1,青蛙,frog,鞋子,shoes,,,,,游泳时戴上蛙鞋更省力。,yóu yǒng shí dài shàng wā xié gèng shěng lì.,Wearing flippers makes swimming easier.
4530,外号,wài hào,nickname,6,3,外,outside,号,number,,,,,他有一个外号,tā yǒu yī gè wàihào,he has a nickname
4531,外界,wài jiè,outside world,6,3,外国,foreign,世界,world,,,,,不要太在意外界的看法,Búyào tài zànyì wàijiè de kànfǎ,Don’t care too much about outside opinions
4532,外来的,wài lái de,foreign,6,4,外国,foreign country,来,come,的,particle,,,这是外来的物种。,zhè shì wài lái de wù zhǒng.,This is an invasive species.
4533,外卖员,wài mài yuán,deliveryman,6,,,,,,,,,,外卖员已经到楼下,Wàimàiyuán yǐjīng dào lóuxià,The delivery rider has arrived downstairs
4534,外遇,wài yù,extramarital affair,6,4,外,outside,遇到,to meet;come across,,,,,他因为外遇而离婚了。,tā yīnwèi wài yù ér líhūn le.,He got divorced because of an affair.
4535,晚班,wǎn bān,night shift,6,3,晚,night,班,work shift,,,,,她每天上晚班,tā měi tiān shàng wǎn bān,she works the night shift every day
4536,玩家,wán jiā,player,6,3,玩,to play,专家,expert,,,,,他是游戏玩家。,tā shì yóu xì wán jiā,He is a gamer.
4537,玩具娃娃,wán jù wá wa,toy doll,6,4,玩具,toy,娃娃,doll,,,,,小女孩抱着玩具娃娃睡觉。,xiǎo nǚ hái bào zhe wán jù wá wa shuì jiào。,The little girl sleeps hugging her doll.
4538,网暴,wǎng bào,cyberbullying,6,2,网络,internet,暴力,violence,,,,,他遭遇了网暴。,tā zāo yù le wǎng bào,He suffered cyberbullying.
4539,网感,wǎng gǎn,online instinct;internet sense,6,4,网络,internet,感觉,feeling,,,,,他做短视频很有网感。,tā zuò duǎn shì pín hěn yǒu wǎng gǎn,He has a strong instinct for internet trends when making short videos.
4540,网民,wǎng mín,netizens,6,4,网络,internet,人民,people,,,,,很多网民参与讨论。,hěn duō wǎng mín cān yù tǎo lùn,Many netizens joined the discussion.
4541,网瘾,wǎng yǐn,internet addiction,6,,,,,,,,,,他有严重的网瘾,tā yǒu yánzhòng de wǎngyǐn,he has serious internet addiction
4542,望远镜,wàng yuǎn jìng,telescope,6,2,希望,to wish,远,far,镜子,mirror,,,他用望远镜看星星。,tā yòng wàng yuǎn jìng kàn xīng xīng.,he is looking at the stars with a telescope.
4543,未必,wèi bì,not necessarily,6,2,未,not yet,必须,must,,,,,他说的未必是真的,tā shuō de wèibì shì zhēn de,what he said is not necessarily true
4544,危地马拉,wēi dì mǎ lā,Guatemala,6,4,危险,danger,地,land,马,horse,拉,pull,他打算去危地马拉旅行,tā dǎ suàn qù wēi dì mǎ lā lǚ xíng,he plans to travel to guatemala
4545,维度,wéi dù,dimension,6,4,三维,3D,度,measure,,,,,分析要考虑多个维度,fēn xī yào kǎo lǜ duō gè wéi dù,Analysis must consider multiple dimensions
4546,违法了,wéi fǎ le,it's illegal,6,,,,,,,,,,你这样做已经违法了,nǐ zhèyàng zuò yǐjīng wéifǎ le,What you did is already illegal
4547,违法行为,wéi fǎ xíng wéi,illegal behavior,6,,,,,,,,,,这种行为是违法行为,zhè zhǒng xíng wéi shì wéi fǎ xíng wéi,this kind of behavior is illegal
4548,喂食器,wèi shí qì,pet feeder,6,4,喂,to feed,食物,food,机器,machine,,,我给猫买了自动喂食器。,wǒ gěi māo mǎi le zì dòng wèi shí qì,I bought an automatic feeder for my cat.
4549,威胁,wēi xié,threaten;threat,6,,-,,,,,,,,这构成了安全威胁。,zhè gòu chéng le ān quán wēi xié,This poses a security threat.
4550,卫星图像,wèi xīng tú xiàng,satellite imagery,6,4,卫星,satellite,图像,image,,,,,研究人员分析了卫星图像。,yán jiū rén yuán fēn xī le wèi xīng tú xiàng。,Researchers analyzed satellite imagery.
4551,委员会,wěi yuán huì,committee,6,4,评委,judging panel,会员,member,会议,meeting,,,委员会将讨论这个提案。,wěi yuán huì jiāng tǎo lùn zhè ge tí àn。,The committee will discuss the proposal.
4552,温度计,wēn dù jì,thermometer,6,2,温,warm,度,degree,统计,statistics;to count,,,医生用温度计给我量体温,yīshēng yòng wēndùjì gěi wǒ liáng tǐwēn,The doctor used a thermometer to take my temperature
4553,问候,wèn hòu,greeting,6,2,问,ask,时候,when,,,,,他给我发来问候,tā gěi wǒ fā lái wènhòu,he sent me greetings
4554,问卷,wèn juàn,questionnaire,6,3,问题,question,试卷,test paper,,,,,请填写这份问卷。,qǐng tián xiě zhè fèn wèn juàn.,Please fill out this questionnaire.
4555,文盲,wén máng,illiterate person,6,3,文件,document,盲人,blind person,,,,,过去很多人是文盲。,guò qù hěn duō rén shì wén máng.,Many people used to be illiterate.
4556,文言文,wén yán wén,classical Chinese writing,6,88,文言,classical Chinese,文字,writing,,,,,我在学文言文。,wǒ zài xué wén yán wén,I’m learning classical Chinese.
4557,问诊,wèn zhěn,consultation (to get diagnosed),6,2,问,ask,诊断,diagnosis,,,,,病人正在网上问诊,bìng rén zhèng zài wǎng shàng wèn zhěn,the patient is consulting a doctor online
4558,温州,Wēnzhōu,Wenzhou,6,3,温暖,warm,州,state,,,,,温州人以商业头脑著称,Wēnzhōu rén yǐ shāng yè tóu nǎo zhù chēng,People in Wenzhou are known for their business acumen
4559,蜗牛,wō​ niú,snail,6,,,,,,,,,,蜗牛爬得很慢,wō niú pá de hěn màn,the snail crawls slowly
4560,蜗牛盖瑞,wō niú gài ruì,Gary the Snail,6,,,,,,,,,,孩子喜欢蜗牛盖瑞玩具。,hái zi xǐ huān wō niú gài ruì wán jù.,The child likes the Snail Gary toy.
4561,500强,wǔ bǎi qiáng,Fortune 500,6,,-,,,,,,,,他在一家500强公司工作。,tā zài yì jiā wǔ bǎi qiáng gōng sī gōng zuò.,He works for a Fortune Global 500 company.
4562,误导性,wù dǎo xìng,potentially misleading,6,3,错误,mistake,指导,guide,性,nature,,,这个标题很有误导性。,zhè gè biāo tí hěn yǒu wù dǎo xìng,This title is misleading.
4563,无辜,wú gū,innocent,6,,,,,,,,,,他是无辜的,tā shì wú gū de,he is innocent
4564,捂脸,wǔ liǎn,facepalm;cover your face,6,,,,,,,,,,他捂脸笑了,tā wǔ liǎn xiào le,he covered his face and laughed
4565,物联网,wù lián wǎng,Internet of Things,6,3,物,thing,联网,networking,,,,,物联网技术发展很快。,wù lián wǎng jì shù fā zhǎn hěn kuài,IoT technology is developing rapidly.
4566,污名,wū míng,stigma,6,1,污染,pollution,名,name,,,,,他努力摆脱社会的污名,tā nǔ lì bǎi tuō shè huì de wū míng,he worked hard to get rid of social stigma
4567,无数,wú shù,countless;innumerable,6,2,无,no,数,number,,,,,夜空中有无数的星星,yè kōng zhōng yǒu wú shù de xīng xīng,there are countless stars in the night sky
4568,舞台,wǔ​ tái,stage,6,2,跳舞,dance,平台,platform,,,,,他站在舞台上唱歌,tā zhàn zài wǔ tái shàng chàng gē,he is singing on the stage
4569,舞台剧,wǔ tái jù,stage play,6,2,跳舞,dance,平台,platform,剧,剧本,screenplay,,这部舞台剧非常感人,zhè bù wǔ tái jù fēi cháng gǎn rén,This stage play is very touching
4570,屋外,wū wài,outdoor,6,4,屋,room,外,outside,,,,,屋外下着雨,wū wài xià zhe yǔ,it is raining outside
4571,五险一金,wǔ xiǎn yì jīn,five social insurances and one housing fund,6,4,五,five,保险,insurance,一,one,金,money,这家公司提供五险一金。,zhè jiā gōng sī tí gōng wǔ xiǎn yì jīn.,This company provides five insurances and one housing fund.
4572,无形,wú xíng,invisible,6,2,无,not,形式,form;outer appearance,,,,,压力往往是无形的。,yālì wǎngwǎng shì wúxíng de,Pressure is often invisible.
4573,乌镇,wū zhèn,Traditional water town in Zhejiang,6,3,乌,crow,镇,town,,,,,乌镇夜景很有江南味道。,wū zhèn yè jǐng hěn yǒu jiāng nán wèi dào,Wuzhen’s night view has a strong Jiangnan charm.
4574,无知,wú zhī,ignorant,6,1,无,no,知识,knowledge,,,,,小孩子有时会因为无知而犯错,xiǎo hái zi yǒu shí huì yīn wèi wú zhī ér fàn cuò,children sometimes make mistakes because of ignorance
4575,武装部队,wǔ zhuāng bù duì,armed forces,6,,,,,,,,,,武装部队进入了城市,wǔ zhuāng bù duì jìn rù le chéng shì,the armed forces entered the city
4576,媳妇,xí fu,daughter-in-law (colloquial),6,,,,,,,,,,他媳妇做饭很好吃,tā xí fu zuò fàn hěn hǎo chī,His wife cooks very well
4577,戏精,xì jīng,drama queen,6,3,戏剧,drama,精神,spirit,,,,,他一受点小伤就开始戏精上身。,tā yí shòu diǎn xiǎo shāng jiù kāi shǐ xì jīng shàng shēn.,he becomes a drama queen over the smallest injury.
4578,牺牲,xī shēng,to sacrifice,6,,,,,,,,,,他为了家人牺牲了自己的梦想,tā wèi le jiā rén xī shēng le zì jǐ de mèng xiǎng,He sacrificed his dream for his family
4579,稀世,xī shì,rare,6,,,,,,,,,,这是稀世珍宝,zhè shì xī shì zhēn bǎo,this is a rare treasure
4580,溪水,xī shuǐ,stream;creek,6,,,,,,,,,,溪水清澈见底,xī shuǐ qīng chè jiàn dǐ,The stream is crystal clear
4581,吸血鬼,xī xuè guǐ,leech;vampire,6,2,呼吸,to breathe,血,blood,鬼,ghost,,,电影里的角色是吸血鬼,diàn yǐng lǐ de jué sè shì xī xuè guǐ,the character in the movie is a vampire
4582,吸烟区,xī yān qū,smoking area,6,4,吸烟,to smoke,区域,area,,,,,请到吸烟区吸烟。,qǐng dào xī yān qū xī yān.,Please smoke in the smoking area.
4583,蜥蜴,xī yì,lizard,6,,-,,,,,,,,蜥蜴能在岩石上爬行。,xī yì néng zài yán shí shàng pá xíng.,lizards can crawl on rocks.
4584,洗衣粉,xǐ yī fěn,laundry detergent powder,6,4,洗,wash,衣服,clothes,粉,powder,,,这种洗衣粉去污力强。,zhè zhǒng xǐ yī fěn qù wū lì qiáng.,this laundry detergent cleans well.
4585,习语,xí yǔ,common saying;idiom,6,2,习惯,habit,语,language,,,,,“一箭双雕”是一个习语,“Yī jiàn shuāng diāo” shì yī gè xíyǔ,“Kill two birds with one stone” is an idiom
4586,下单时间,xià dān shí jiān,Order time,6,,,,,,,,,,请确认下单时间,qǐng què rèn xià dān shí jiān,please confirm the order time
4587,夏令时,xià lìng shí,daylight saving time,6,3,夏天,summer,命令,order;command,时间,time,,,美国实行夏令时。,měi guó shí xíng xià lìng shí.,The U.S. uses daylight saving time.
4588,下属,xià shǔ,subordinate,6,4,下,below,属于,belong to,,,,,他很关心自己的下属。,tā hěn guān xīn zì jǐ de xià shǔ.,He cares a lot about his subordinates.
4589,夏威夷果,xià wēi yí guǒ,macadamia nut,6,2,夏威夷,Hawaii,果,fruit,,,,,夏威夷果口感很香。,xià wēi yí guǒ kǒu gǎn hěn xiāng.,macadamia nuts taste rich.
4590,下旬,xià​ xún,end of the month,6,2,下,lower,旬,ten-day period,,,,,我下旬去旅行,Wǒ xiàxún qù lǚxíng,I will travel in late March
4591,先辈,xiān bèi,ancestors;elders;predecessors,6,3,先,first,辈子,lifetime,,,,,我们要向先辈学习,wǒ men yào xiàng xiān bèi xué xí,we should learn from our predecessors
4592,陷阱,xiàn jǐng,trap,6,,,,,,,,,,路上有一个陷阱,lù shàng yǒu yī gè xiàn jǐng,there is a trap on the road
4593,先烈,xiān liè,martyr,6,3,先,first,激烈,intense,,,,,我们应该铭记为国家牺牲的先烈。,wǒ men yīng gāi míng jì wèi guó jiā xī shēng de xiān liè.,we should remember the martyrs who sacrificed for the country.
4594,显示屏,xiǎn shì píng,display screen,6,4,显示,display,屏幕,screen,,,,,大厅里的显示屏不断更新航班信息。,dà tīng lǐ de xiǎn shì píng bù duàn gēng xīn háng bān xìn xī.,the display screens in the hall constantly update flight information.
4595,先天,xiān tiān,innate,6,2,先,first,天,day,,,,,这是先天的缺陷,zhè shì xiāntiān de quēxiàn,this is a congenital defect
4596,线下支付,xiàn xià zhī fù,Offline payment,6,,,,,,,,,,这家店只支持线下支付,zhè jiā diàn zhǐ zhī chí xiàn xià zhī fù,this store only supports offline payment
4597,嫌疑人,xián yí rén,a suspect,6,4,嫌,dislike,怀疑,to doubt;be skeptical of,人,person,,,警方已经锁定嫌疑人。,jǐng fāng yǐ jīng suǒ dìng xián yí rén,The police have identified the suspect.
4598,先知,xiān zhī,prophet,6,1,先,first,知道,to know,,,,,他像先知一样预言了结果,tā xiàng xiān zhī yī yàng yù yán le jié guǒ,he predicted the result like a prophet
4599,香港脚,xiāng gǎng jiǎo,athlete’s foot,6,2,香港,Hong Kong,脚,foot,,,,,他因为香港脚很痒,tā yīn wèi xiāng gǎng jiǎo hěn yǎng,He feels itchy because of athlete’s foot
4600,相关性,xiāng guān xì,correlation,6,3,相关,related,性,nature,,,,,学习时间和成绩之间有很强的相关性,xué xí shí jiān hé chéng jì zhī jiān yǒu hěn qiáng de xiāng guān xì,there is strong correlation between study time and grades
4601,橡皮泥,xiàng pí ní,clay;playdough,6,3,橡皮,eraser;rubber,泥,mud;clay,,,,,孩子们用橡皮泥做小动物,hái zi men yòng xiàng pí ní zuò xiǎo dòng wù,The children made little animals with clay
4602,象棋,xiàng qí,chinese chess,6,2,象,elephant,棋,chess,,,,,他们在下象棋,tā men zài xià xiàng qí,they are playing Chinese chess
4603,详情,xiáng qíng,details (page),6,4,详细,detailed,情,feeling,,,,,请看活动详情,qǐng kàn huó dòng xiáng qíng,please see event details
4604,向日葵,xiàng rì kuí,sunflower,6,5,向,towards,日,sun,葵花籽,sunflower seeds,,,向日葵总是朝着太阳。,xiàng rì kuí zǒng shì cháo zhe tài yáng.,sunflowers always face the sun.
4605,橡树,xiàng shù,oak tree,6,3,橡胶,rubber,树,tree,,,,,橡树非常坚固。,xiàng shù fēi cháng jiān gù.,oak trees are very sturdy.
4606,哮喘,xiào chuǎn,asthma,6,3,哮,roar;wheeze;howl;pant,喘气,gasp;pant;breathe heavily,,,,,他小时候有哮喘。,tā xiǎo shí hou yǒu xiào chuǎn,He had asthma when he was young.
4607,小号,xiǎo hào,number one;pee;trumpet,6,,小,little,号,number,,,,,飞机起飞前他去上了小号。,fēijī qǐfēi qián tā qù shàng le xiǎohào,He went number one before the flight took off.
4608,小龙虾,xiǎo lóng xiā,crayfish,6,1,小,small,龙虾,lobster,,,,,夏天我们常吃小龙虾,xià tiān wǒ men cháng chī xiǎo lóng xiā,in summer we often eat crayfish
4609,小麦色,xiǎo mài sè,wheat-colored (skin),6,4,小麦,wheat,颜色,color,,,,,她晒出了健康的小麦色皮肤。,Tā shài chū le jiànkāng de xiǎomàisè pífū.,She has a healthy wheat colored tan.
4610,小心眼,xiǎo xīn yǎn,petty;narrow-minded,6,1,小心,to be careful,眼睛,eye,,,,,别这么小心眼,bié zhè me xiǎo xīn yǎn,don't be so petty
4611,校友,xiào yǒu,alumnus,6,2,学校,school,朋友,friend,,,,,他们是同一所大学的校友。,tā men shì tóng yì suǒ dà xué de xiào yǒu.,they are alumni of the same university.
4612,小猪佩奇,xiǎo zhū pèi qí,Peppa Pig,6,2,小,little,猪,pig,佩服,to admire,奇怪,strange,孩子们都喜欢小猪佩奇,hái zi men dōu xǐ huān xiǎo zhū pèi qí,Kids all love Peppa Pig
4613,消灭,xiāomiè,wipe out;eliminate,6,4,取消,cancel,灭火,extinguish a fire,,,,,我们必须尽快消灭这个问题。,wǒmen bìxū jǐnkuài xiāomiè zhège wèntí.,We must eliminate this problem quickly.
4614,邪教,xié jiào,cult,6,1,邪,evil,宗教,religion,,,,,警方正在调查一个邪教组织,jǐng fāng zhèng zài diào chá yī gè xié jiào zǔ zhī,the police are investigating a cult organization
4615,协议,xié yì,pact;agreement,6,3,协调,coordination,建议,suggestion,,,,,双方签署了协议。,shuāng fāng qiān shǔ le xié yì。,Both parties signed an agreement.
4616,新能源汽车,xīn néng yuán qì chē,new energy vehicle,6,4,新,new,能源,energy,汽车,car,,,新能源汽车越来越受欢迎。,xīn néng yuán qì chē yuè lái yuè shòu huān yíng.,New energy vehicles are becoming increasingly popular.
4617,新奇,xīn qí,novel,6,3,新,new,奇怪,strange,,,,,这个产品很新奇。,zhè gè chǎn pǐn hěn xīn qí,This product is very novel.
4618,心软,xīn ruǎn,soft-hearted,6,4,心,heart,软,soft,,,,,我对小动物总是心软。,wǒ duì xiǎodòngwù zǒng shì xīnruǎn.,I'm always soft-hearted toward animals.
4619,心血管内科,xīn xuè guǎn nèi kē,cardiology,6,3,心,heart,血管,vein,内科,internal medicine,,,心血管内科治疗心脏疾病,xīn xuè guǎn nèi kē zhì liáo xīn zàng jí bìng,The cardiology department treats heart diseases
4620,信仰,xìn yǎng,firm belief,6,5,相信,to believe,仰望,to look up to,,,,,每个人都有自己的信仰,měi gè rén dōu yǒu zì jǐ de xìn yǎng,Everyone has their own belief
4621,信用卡欺诈,xìn yòng kǎ qī zhà,credit card fraud,6,,,,,,,,,,警方调查信用卡欺诈,jǐng fāng diào chá xìn yòng kǎ qī zhà,The police investigated credit card fraud
4622,心脏病,xīn zàng bìng,heart disease,6,4,心脏,heart,病,disease,,,,,心脏病需要长期管理。,xīn zàng bìng xū yào cháng qī guǎn lǐ.,heart disease requires long-term management.
4623,性冲动,xìng chōng dòng,aroused,6,2,性,sex,冲动,impulse,,,,,她一下子产生了性冲动。,Tā yíxiàzi chǎnshēng le xìng chōngdòng.,She suddenly felt horny.
4624,性格稳重,xìng gé wěn zhòng,stable personality,6,,,,,,,,,,他性格稳重,tā xìng gé wěn zhòng,he has a steady personality
4625,行李转盘,xíng lǐ zhuàn pán,baggage carousel,6,2,行李,luggage,旋转,rotate,盘子,plate,,,他在行李转盘前等了很久。,tā zài xíng lǐ zhuàn pán qián děng le hěn jiǔ.,he waited at the baggage carousel for a long time.
4626,性骚扰,xìng sāo rǎo,sexual harassment,6,3,性,sex,骚扰,to harass,,,,,公司严禁性骚扰,gōng sī yán jìn xìng sāo rǎo,the company strictly forbids sexual harassment
4627,腥味,xīng wèi,raw smell;meat flavor,6,4,腥,raw meat;fishy,味道,smell;flavor,,,,,肉有点腥味。,ròu yǒu diǎn xīng wèi,The meat smells a bit raw.
4628,形象,xíng xiàng,image;form;figure,6,5,形成,to form,象,elephant,,,,,他的形象很好,tā de xíng xiàng hěn hǎo,he has a good image
4629,熊孩子,xióng hái zi,naughty kid;bear child,6,4,熊,bear,孩子,child,,,,,那个熊孩子很调皮。,nà gè xióng hái zi hěn tiáo pí,That kid is very naughty.
4630,凶猛,xiōng měng,fierce;ferocious,6,,-,,,,,,,,这只动物看起来很凶猛。,zhè zhī dòngwù kàn qǐlái hěn xiōngměng,This animal looks very fierce.
4631,胸器,xiōng qì,chest weapon,6,,,,,,,,,,她的胸器让人很羡慕,tā de xiōngqì ràng rén hěn xiànmù,her big chest makes people envious
4632,凶手,xiōng shǒu,murderer,6,2,凶,fierce,手,hand,,,,,警方终于找到了凶手。,jǐng fāng zhōng yú zhǎo dào le xiōng shǒu,The police finally found the murderer.
4633,续杯,xù bēi,refill (drink),6,3,继续,continue,杯子,cup,,,,,这家店可以免费续杯。,zhè jiā diàn kě yǐ miǎn fèi xù bēi.,This shop offers free refills.
4634,续费,xù fèi,to renew membership,6,3,继续,continue,费用,fee,,,,,会员到期后需要续费。,huì yuán dào qī hòu xū yào xù fèi,You need to renew after the membership expires.
4635,续航,xù háng,battery life,6,3,继续,continue,导航,navigations,,,,,这手机续航很强。,zhè shǒu jī xù háng hěn qiáng,This phone has strong battery life.
4636,虚惊,xū jīng,false alarm,6,4,虚假,false ,惊讶,surprise,,,,,幸好只是虚惊，没有出事。,"xìng hǎo zhǐ shì xū jīng, méi yǒu chū shì.",Fortunately it was just a false alarm and nothing happened.
4637,须知,xū zhī,must know,6,,必须,must,知道,know,,,,,请仔细阅读注意事项须知,qǐng zǐ xì yuè dú zhù yì shì xiàng xū zhī,please carefully read the instructions
4638,旋律,xuán lǜ,melody,6,2,旋转,rotate,法律,law,,,,,这首歌的旋律很熟悉。,zhè shǒu gē de xuánlǜ hěn shúxī,The melody of this song is familiar.
4639,旋转,xuán zhuǎn,rotate;spin,6,3,螺旋,spiral,转,turn,,,,,地球每天自转并且绕太阳旋转,dìqiú měitiān zìzhuàn bìngqiě rào tàiyáng xuánzhuǎn,The Earth rotates daily and revolves around the sun
4640,雪人,xuě rén,snowman,6,4,雪,snow,人,person,,,,,孩子们在院子里堆雪人,háizimen zài yuànzi lǐ duī xuěrén,Children build a snowman in the yard
4641,学术,xué shù,academic,6,2,学,to study,术,art,,,,,这是一场学术会议,zhè shì yī chǎng xué shù huì yì,this is an academic conference
4642,噱头,xué tou,gimmick,6,,,,,,,,,,这个广告只是噱头,zhè gè guǎng gào zhǐ shì xué tóu,this advertisement is just a gimmick
4643,学徒,xué tú,apprentice,6,3,学习,study,叛徒,traitor,,,,,他以前是个修车学徒。,tā yǐ qián shì gè xiū chē xué tú,He used to be an auto repair apprentice.
4644,血压计,xuè yā jì,blood pressure monitor,6,3,血,blood,压力,pressure,计算,to calculate,,,家里常备血压计。,jiā lǐ cháng bèi xuè yā jì.,a blood pressure monitor is kept at home.
4645,鳕鱼,xuě yú,cod,6,,-,,,,,,,,鳕鱼肉质细嫩。,xuě yú ròu zhì xì nèn.,cod has tender meat.
4646,寻,xún,search;looking for,6,,,,,,,,,,他在寻丢失的狗,tā zài xún diū shī de gǒu,he is looking for his lost dog
4647,驯鹿,xùn lù,reindeer,6,2,驯服,tame,鹿,deer,,,,,故事里驯鹿拉着雪橇飞,gùshì lǐ xùnlù lāzhe xuěqiāo fēi,In stories reindeer pull the sleigh
4648,薰衣草,xūn yī cǎo,lavender,6,4,薰,coumarin,衣服,clothes,草,grass,,,薰衣草的味道让人放松。,xūn yī cǎo de wèi dào ràng rén fàng sōng,The smell of lavender relaxes people.
4649,牙医,yá yī,dentist,6,1,牙齿,tooth,医生,doctor,,,,,我明天要去看牙医。,wǒ míng tiān yào qù kàn yá yī.,I’m going to the dentist tomorrow.
4650,烟灰缸,yān huī gāng,ashtray,6,2,卷烟,cigarette,灰,ash,缸,jar;vat,,,桌上放着一个烟灰缸。,zhuō shàng fàng zhe yí gè yān huī gāng.,There is an ashtray on the table.
4651,眼科,yǎn kē,ophthalmology,6,1,眼,eye,科,department,,,,,我明天要去眼科检查视力,wǒ míng tiān yào qù yǎn kē jiǎn chá shì lì,I’ll go to ophthalmology tomorrow for a vision test
4652,言论自由,yán lùn zì yóu,freedom of speech,6,4,发言,statement,讨论,discuss,自由,freedom,,,他强调言论自由。,tā qiáng diào yán lùn zì yóu。,He emphasizes freedom of speech.
4653,眼神接触,yǎn shén jiē chù,eye contact,6,4,眼神,meaningful glance,接触,to contact,,,,,"他害羞, 不敢和别人眼神接触","tā hài xiū, bù gǎn hé bié rén yǎn shén jiē chù",he’s shy and doesn’t dare make eye contact
4654,羊角面包,yáng jiǎo miàn bāo,croissant,6,1,羊,sheep,角,horn,面包,bread,,,我早餐常常吃羊角面包和咖啡,Wǒ zǎocān chángcháng chī yángjiǎo miànbāo hé kāfēi,I often have croissants and coffee for breakfast
4655,洋女婿,yáng nǚ xù,foreign son-in-law,6,4,海洋,ocean,女婿,son-in-law,,,,,她的洋女婿非常懂礼貌,tā de yáng nǚ xù fēi cháng dǒng lǐ mào,her foreign son-in-law is very polite
4656,央企,yāng qǐ,central enterprises,6,3,中央,central,企业,enterprise,,,,,他在一家央企工作,tā zài yī jiā yāng qǐ gōng zuò,he works at a central state owned enterprise
4657,氧气瓶,yǎng qì píng,oxygen tank,6,3,氧气,oxygen,瓶,bottle,,,,,潜水时必须带氧气瓶。,qián shuǐ shí bì xū dài yǎng qì píng.,You must bring an oxygen tank when diving.
4658,羊肉泡馍,yáng ròu pào mó,mutton soup with bread pieces,6,3,羊,sheep,肉,meat,泡,to soak,馒,small loaf of steamed bread,羊肉泡馍是陕西特色美食。,yáng ròu pào mó shì shǎn xī tè sè měi shí,Yangrou paomo is a specialty food of Shaanxi.
4659,央视新闻,yāng shì xīn wén,CCTV News,6,3,中央,central authorities,电视,TV,新闻,news,,,我用手机看央视新闻。,wǒ yòng shǒu jī kàn yāng shì xīn wén.,i watch cctv news on my phone.
4660,要不然,yào bù rán,otherwise,6,,,,,,,,,,快点走要不然迟到了,kuài diǎn zǒu yào bù rán chí dào le,hurry up or you will be late
4661,药房,yào fáng,pharmacy,6,1,药,medicine,房子,house,,,,,中心药房负责全院的药品供应。,zhōng xīn yào fáng fù zé quán yuàn de yào pǐn gòng yìng。,The central pharmacy manages the hospital’s medicine supply。
4662,药剂师,yào jì shī,pharmacist,6,4,药剂,pharmacy,师傅,master,,,,,她是一名药剂师,tā shì yī míng yào jì shī,she is a pharmacist
4663,姚明,yáo míng,Yao Ming,6,,,,,,,,,,姚明让中国篮球走向世界,yáo míng ràng zhōng guó lán qiú zǒu xiàng shì jiè,Yao Ming brought Chinese basketball to the world
4664,谣言,yáo yán,rumor,6,,,,,,,,,,网络上流传着许多不实的谣言,wǎng luò shàng liú chuán zhe xǔ duō bù shí de yáo yán,Many false rumors are spreading online
4665,野鸡大学,yě jī dà xué,diploma mill,6,4,野,wild,鸡,chicken,大学,university,,,那是个野鸡大学。,nà shì gè yě jī dà xué,That’s a diploma mill.
4666,夜猫子,yè māo zi,night owl,6,4,夜,night,猫子,cat,,,,,她每天熬夜是个夜猫子,yè māo zi tā měi tiān áo yè shì gè yè māo zi,she stays up late every day like a night owl
4667,夜生活,yè shēng huó,nightlife,6,3,夜,night,生活,life,,,,,这座城市夜生活丰富,zhè zuò chéng shì yè shēng huó fēng fù,this city has a rich nightlife
4668,腋窝,yè wō,armpit,6,,,,,,,,,,他腋窝里流汗,tā yè wō lǐ liú hàn,he is sweating in his armpits
4669,业主,yè zhǔ,owner,6,2,企业,company,主,master,,,,,小区的业主开了一个会议,xiǎo qū de yè zhǔ kāi le yí gè huì yì,the property owners held a meeting in the community
4670,一对,yí duì,a couple,6,4,一,one,对,right;classifier for couple,,,,,我买了一对鞋。,wǒ mǎi le yí duì xié.,i bought a pair of shoes.
4671,姨父,yí fù,uncle;mother’s sister's husband,6,3,阿姨,mother’s sister,父亲,father,,,,,姨父喜欢收藏老唱片,yí fù xǐ huan shōu cáng lǎo chàng piàn,My uncle likes collecting old records
4672,义工,yì gōng,volunteer work,6,2,意义,meaning,工,work,,,,,她是医院的义工,tā shì yī yuàn de yì gōng,she is a volunteer at the hospital
4673,颐和园,yí hé yuán,"Summer Palace (Beijing), imperial gardens and lakeside retreat",6,4,颐养,to nourish,和平,peace,公园,park,,,我们在颐和园里慢慢散步。,wǒ men zài yí hé yuán lǐ màn man sàn bù,We took a slow walk in the Summer Palace.
4674,以及,yǐ jí,as well as,6,,-,,,,,,,,他买了苹果、香蕉以及橙子。,tā mǎi le píng guǒ 、 xiāng jiāo yǐ jí chéng zi.,"he bought apples, bananas, as well as oranges."
4675,议价,yì jià,negotiate (business),6,2,建议,to suggest,价格,price,,,,,他们在市场上议价,Tāmen zài shìchǎng shàng yìjià,They are bargaining in the market
4676,宜居,yí jū,livable,6,2,适宜,suitable,居民,resident,,,,,这座城市非常宜居。,zhè zuò chéng shì fēi cháng yí jū,This city is very livable.
4677,易拉罐,yì lā guàn,aluminum pull-top can,6,2,容易,easy,拉开,to pull open,罐头,tin;can,,,请把易拉罐放进回收箱,qǐng bǎ yì lā guàn fàng jìn huí shōu xiāng,please put the aluminum can into the recycling bin
4678,姨妈,yí mā,aunt;mother’s sister,6,3,阿姨,mother’s sister,妈,mom,,,,,姨妈住在上海,yí mā zhù zài shàng hǎi,My aunt lives in Shanghai
4679,意图,yì tú,intention,6,2,愿意,to wish,地图,map,,,,,他的意图很明显,tā de yì tú hěn míng xiǎn,His intention is very clear
4680,一下子,yī xià zǐ,all of a sudden,6,,-,,,,,,,,消息一下子传开了,xiāo xī yī xià zi chuán kāi le,the news spread all at once
4681,异性恋,yì xìng liàn,heterosexual,6,2,差异,difference,性,sex,恋爱,love,,,异性恋只是众多取向中的一种,yì xìng liàn zhǐ shì zhòng duō qǔ xiàng zhōng de yí zhǒng,Heterosexuality is just one of many orientations
4682,意愿,yì yuàn,willingness;desire,6,4,意思,meaning,愿意,to wish,,,,,他有很强的学习意愿。,tā yǒu hěn qiáng de xué xí yì yuàn,He has strong willingness to learn.
4683,一再,yī zài,repeatedly,6,2,一,one,再,again,,,,,我一再提醒他注意安全,Wǒ yīzài tíxǐng tā zhùyì ānquán,I repeatedly reminded him to be careful
4684,遗址,yí zhǐ,ruins;historic site,6,2,遗憾,regret,地址,address,,,,,这里发现了古代遗址。,zhè lǐ fā xiàn le gǔ dài yí zhǐ,Ancient ruins were discovered here.
4685,意志力,yì zhì lì,willpower,6,4,意志,will;determination,力,power,,,,,坚持锻炼需要很强的意志力,jiānchí duànliàn xūyào hěn qiáng de yìzhìlì,Sticking to exercise requires strong willpower
4686,印度教,yìn dù jiào,hinduism,6,2,印度,India,宗教,religion,,,,,印度教有丰富的节日文化。,yìn dù jiào yǒu fēng fù de jié rì wén huà.,hinduism has rich festival culture.
4687,印度洋,yìn dù yáng,indian ocean,6,4,印度,India,洋,ocean,,,,,印度洋气候复杂。,yìn dù yáng qì hòu fù zá.,the indian ocean has complex climate.
4688,引号,yǐn hào,quotation mark,6,4,引用,to quote,号,mark,,,,,写作文时要正确使用引号,xiě zuò wén shí yào zhèng què shǐ yòng yǐn hào,You should use quotation marks correctly when writing essays
4689,银联,yín lián,UnionPay,6,2,银行,bank,联系,connection,,,,,你可以用银联卡付款,nǐ kě yǐ yòng yín lián kǎ fù kuǎn,You can pay with a UnionPay card
4690,阴凉处,yīn liáng chù,shade,6,2,阴,cloudy,凉,cool,处,place,,,请把花放在阴凉处,qǐng bǎ huā fàng zài yīnliáng chù,Please put the flowers in a shady place
4691,阴谋,yīn móu,conspiracy,6,2,阴,cloudy;dark,谋杀,murder,,,,,他们揭露了一场巨大的阴谋,tā men jiē lù le yì chǎng jù dà de yīn móu,they uncovered a huge conspiracy
4692,阴谋论,yīn móu lùn,conspiracy theory,6,4,阴,cloudy;dark,谋杀,to murder,理论,theory,,,网上流传着很多阴谋论,Wǎngshàng liúchuán zhe hěn duō yīnmóulùn,There are many conspiracy theories online
4693,引述,yǐn shù,quote,6,3,引起,to lead to,描述,description,,,,,他在演讲中引述了一句名言,tā zài yǎn jiǎng zhōng yǐn shù le yí jù míng yán,he quoted a famous saying in his speech
4694,隐形,yǐn xíng,invisibility,6,2,隐,hidden,形,shape,,,,,这架飞机有隐形功能,zhè jià fēi jī yǒu yǐn xíng gōng néng,this plane has stealth capability
4695,音译词,yīn yì cí,transliteration,6,2,音,sound,翻译,to translate,词,word,,,“咖啡”是一个音译词,“kāfēi” shì yī gè yīnyìcí,Coffee is a transliteration
4696,音乐剧,yīn yuè jù,musical,6,2,音乐,music,剧,theatrical work,,,,,他们在剧院演出音乐剧,tā men zài jù yuàn yǎn chū yīn yuè jù,they performed a musical in the theater
4697,英镑,yīng bàng,British pound,6,4,英国,UK,镑,pound sterling,,,,,他兑换了一些英镑。,tā duì huàn le yī xiē yīng bàng.,He exchanged some British pounds.
4698,硬币,yìng bì,coin,6,1,硬,hard,货币,currency,,,,,桌上有几枚硬币,zhuō shàng yǒu jǐ méi yìng bì,there are some coins on the table
4699,婴儿床,yīng ér chuáng,crib,6,1,婴儿,baby,床,bed,,,,,婴儿床很安全。,yīng ér chuáng hěn ān quán.,the crib is safe.
4700,应季,yìng jì,in season;seasonal,6,4,应该,should,季节,season,,,,,应季蔬菜更新鲜。,yìng jì shū cài gèng xīn xiān.,Seasonal vegetables are fresher.
4701,英里,yīng ​lǐ,mile,6,3,英,England,公里,kilometer,,,,,这里距离市中心五英里,zhè lǐ jù lí shì zhōng xīn wǔ yīng lǐ,it is five miles from the city center
4702,英文字幕,yīng wén zì mù,English subtitles,6,,,,,,,,,,我在找家有儿女英文字幕,wǒ zài zhǎo jiā yǒu ér nǚ yīng wén zì mù,I am looking for English subtitles of Home with Kids
4703,鹦鹉,yīng wǔ,parrot,6,,-,,,,,,,,鹦鹉会模仿人说话。,yīng wǔ huì mó fǎng rén shuō huà.,The parrot can imitate human speech.
4704,泳池,yǒng chí,swimming pool,6,3,游泳,swim,池,pond,,,,,孩子们在泳池里玩得很开心,hái zi men zài yǒng chí lǐ wán de hěn kāi xīn,The kids are having fun in the pool
4705,用惯,yòng guàn,to be used to using,6,,,,,,,,,,我用惯了这款手机,wǒ yòng guàn le zhè kuǎn shǒu jī,I’m used to this model of phone
4706,用户画像,yòng hù huà xiàng,user profiling;persona,6,,,,,,,,,,公司建立了用户画像,gōng sī jiàn lì le yòng hù huà xiàng,The company built user profiles
4707,勇气,yǒng qì,courage,6,4,勇敢,brave,脾气,temper,,,,,她鼓起勇气表达了自己的想法,tā gǔ qǐ yǒng qì biǎo dá le zì jǐ de xiǎng fǎ,She gathered her courage to express her thoughts
4708,铀,yóu,uranium,6,,-,,,,,,,,铀可用于核能发电。,yóu kě yòng yú hé néng fā diàn。,Uranium can be used for nuclear power generation.
4709,有点模糊,yǒu diǎn mó hú,A bit blurry,6,,,,,,,,,,这张照片有点模糊,zhè zhāng zhào piàn yǒu diǎn mó hú,this photo is a little blurry
4710,有害,yǒu hài,destructive;harmful;damaging,6,2,有,have,害,harm,,,,,吸烟对健康有害,xī yān duì jiàn kāng yǒu hài,smoking is harmful to health
4711,有害垃圾,yǒu hài lā jī,Hazardous waste,6,,,,,,,,,,-,-,-
4712,优惠券,yōu huì quàn,coupon,6,2,优惠,discount,证券,securities,,,,,我有一张五十元的优惠券,wǒ yǒu yī zhāng wǔ shí yuán de yōu huì quàn,I have a fifty-yuan coupon
4713,游览,yóu lǎn,tour,6,3,旅游,tourism,展览,exhibition,,,,,我们明天去游览故宫,wǒ men míng tiān qù yóu lǎn gù gōng,we will visit the Forbidden City tomorrow
4714,游乐场,yóu lè chǎng,playground,6,2,旅游,tourism,快乐,happy,场,open space,,,孩子们喜欢去游乐场,hái zi men xǐ huān qù yóu lè chǎng,children like to go to amusement parks
4715,优美,yōu měi,graceful;elegant,6,2,优,superior,美,beautiful,,,,,这首歌旋律很优美,zhè shǒu gē xuán lǜ hěn yōu měi,this song has a beautiful melody
4716,幽默的人,yōu mò de rén,Humorous person,6,,,,,,,,,,他是个很幽默的人,tā shì gè hěn yōu mò de rén,he is a very humorous person
4717,有条件退,yǒu tiáo jiàn tuì,Conditional Refund,6,,,,,,,,,,票是有条件退的,piào shì yǒu tiáo jiàn tuì de,the ticket is refundable under conditions
4718,悠闲,yōu xián,laid back,6,3,悠久,long-standing,休闲,leisure,,,,,他过着悠闲的退休生活。,tā guò zhe yōu xián de tuì xiū shēng huó.,He lives a leisurely retired life.
4719,优先,yōu xiān,preferred;priority,6,2,优势,advantage,先,first,,,,,老人优先上车,lǎo rén yōu xiān shàng chē,elderly people board first
4720,优先考虑,yōu xiān kǎo lǜ,to prioritize,6,3,优先,to have priority,考虑,to consider,,,,,公司会优先考虑有经验的申请人,gōng sī huì yōu xiān kǎo lǜ yǒu jīng yàn de shēn qǐng rén,The company will give priority to applicants with experience
4721,优雅,yōu yǎ,elegant;grace,6,,,,,,,,,,她的举止很优雅,tā de jǔ zhǐ hěn yōu yǎ,she has very elegant manners
4722,油炸食品,yóu zhá shí pǐn,Fried foods,6,,,,,,,,,,油炸食品对健康不好,yóu zhá shí pǐn duì jiàn kāng bù hǎo,fried food is not good for health
4723,油脂,yóu zhī,grease,6,3,油,oil,脂肪,fat,,,,,这种食物油脂很多。,zhè zhǒng shí wù yóu zhī hěn duō.,This food contains a lot of fat.
4724,育儿,yù 'ér,childcare,6,2,教育,to educate,儿童,child,,,,,她在家专心育儿,tā zài jiā zhuān xīn yù ér,she is focused on raising children at home
4725,与此同时,yǔ cǐ tóng shí,meanwhile;at the same time,6,,,,,,,,,,与此同时 他正在准备演讲,Yǔcǐ tóngshí tā zhèngzài zhǔnbèi yǎnjiǎng,At the same time he was preparing his speech
4726,玉龙雪山,yù lóng xuě shān,"Jade Dragon Snow Mountain (Yunnan), scenic mountain near Lijiang",6,3,玉,jade,龙,dragon,雪山,snow mountain,,,玉龙雪山一年四季都有雪。,yù lóng xuě shān yì nián sì jì dōu yǒu xuě,Yulong Snow Mountain has snow year-round.
4727,舆论,yú lùn,public opinion,6,,-,,,,,,,,舆论压力很大。,yú lùn yā lì hěn dà,There is strong public pressure.
4728,玉米棒,yù mǐ bàng,corn on the cob,6,2,玉米,corn,棒,stick,,,,,玉米棒又甜又香。,yù mǐ bàng yòu tián yòu xiāng.,corn cobs are sweet and fragrant.
4729,雨刷,yǔ shuā,windshield wiper,6,2,雨,rain,刷,brush,,,,,下雨时记得开雨刷。,xià yǔ shí jì dé kāi yǔ shuā.,remember to turn on the wipers when it rains.
4730,语速,yǔ sù,speaking speed,6,4,语言,language,速度,speed,,,,,他的语速太快了。,tā de yǔ sù tài kuài le,His speaking speed is too fast.
4731,鱼腥味,yú xīng wèi,fishy smell,6,4,鱼,fish,腥,raw meat;fishy,味道,smell;flavor,,,这里有鱼腥味。,zhè lǐ yǒu yú xīng wèi,It smells fishy here.
4732,语音留言,yǔ yīn liú yán,voice message,6,3,语音,phonetic,留,to leave,言,words,,,我给你留了语音留言,wǒ gěi nǐ liú le yǔyīn liúyán,I left you a voice message
4733,原版,yuán bǎn,original version,6,4,原来,original,版本,version,,,,,我更喜欢电影的原版。,wǒ gèng xǐ huān diàn yǐng de yuán bǎn.,i prefer the original version of the movie.
4734,原告,yuán gào,plaintiff,6,2,原因,cause;reason,告诉,tell,,,,,原告提交了新的证据。,yuán gào tí jiāo le xīn de zhèng jù。,The plaintiff submitted new evidence.
4735,怨恨,yuàn hèn,resentment,6,3,抱怨,complain,仇恨,hatred,,,,,他心里充满了怨恨。,tā xīn lǐ chōng mǎn le yuàn hèn,He is filled with resentment.
4736,圆通,yuán tōng,YTO Express,6,4,圆,round,通过,pass through,,,,,圆通网点很多。,yuán tōng wǎng diǎn hěn duō。,YTO has many service points.
4737,原则,yuán zé,principle;doctrine,6,2,原来,original,规则,rule,,,,,我们要坚持原则,wǒmen yào jiānchí yuánzé,we must stick to principles
4738,圆周率,yuán zhōu lǜ,pi,6,1,圆周,circumference,率,rate,,,,,圆周率是无理数,yuán zhōu lǜ shì wú lǐ shù,pi is an irrational number
4739,原住民,yuán zhù mín,indigenous people (mountains or Taiwan),6,2,原来,original,住,live,民,people,,,这个地区的原住民有自己独特的文化,zhè gè dì qū de yuán zhù mín yǒu zì jǐ dú tè de wén huà,The indigenous people of this area have their own unique culture
4740,阅读器,yuè dú qì,e-reader,6,2,阅读,read,机器,machine,,,,,我用阅读器看电子书。,wǒ yòng yuè dú qì kàn diàn zǐ shū。,I read e-books on an e-reader.
4741,岳麓书院,yuè lù shū yuàn,Historic Confucian academy in Changsha,6,4,岳父,father-in-law,山麓,foothill,书,book,学院,college;academy,岳麓书院历史悠久。,yuè lù shū yuàn lì shǐ yōu jiǔ,Yuelu Academy has a long history.
4742,月牙泉,yuè yá quán,"Crescent Lake (Gansu), oasis near the desert dunes",6,3,月,moon,牙齿,tooth,泉,spring,,,月牙泉位于沙漠中。,yuè yá quán wèi yú shā mò zhōng,Crescent Lake lies in the desert.
4743,晕动病,yūn dòng bìng,motion sickness,6,2,头晕,dizzy,动,move,病,illness,,,他坐车容易晕动病,tā zuò chē róng yì yūn dòng bìng,he easily gets motion sickness
4744,孕妇,yùn fù,pregnant woman,6,3,孕,pregnant,妇,woman,,,,,地铁上要给孕妇让座,dìtiě shàng yào gěi yùnfù ràng zuò,you should give your seat to a pregnant woman on the subway
4745,熨烫,yùn tàng,ironing,6,4,熨斗,an iron,烫伤,to scald,,,,,这件衬衫需要熨烫。,zhè jiàn chèn shān xū yào yùn tàng,This shirt needs ironing.
4746,云养猫,yún yǎng māo,raise virtual cat,6,3,云,cloud,养,raise,猫,cat,,,她喜欢云养猫,tā xǐ huān yún yǎng māo,She likes raising cats online
4747,杂货配送,zá huò pèi sòng,grocery delivery,6,3,杂,miscellaneous,货物,goods,配送,delivery,,,现在很多人用杂货配送服务。,xiàn zài hěn duō rén yòng zá huò pèi sòng fú wù。,Many people now use grocery delivery services.
4748,杂酱面,Zá jiàng miàn,mixed (sauce) noodles,6,,,,,,,,,,杂酱面味道很香,zájiàng miàn wèidào hěn xiāng,minced meat noodles taste very good
4749,脏衣篮,zāng yī lán,dirty laundry basket,6,3,脏,dirty,衣服,clothes,篮球,basketball,,,把衣服放进脏衣篮。,bǎ yī fu fàng jìn zāng yī lán,Put clothes in the laundry basket.
4750,早恋,zǎo liàn,puppy love,6,3,早,early,恋爱,in love,,,,,家长反对早恋。,jiā zhǎng fǎn duì zǎo liàn,Parents oppose early romance.
4751,早晚,zǎo wǎn,sooner or later,6,2,早,early,晚,late,,,,,你早晚会成功,nǐ zǎowǎn huì chénggōng,you will succeed sooner or later
4752,增长率,zēng zhǎng lǜ,growth rate,6,,,,,,,,,,今年的经济增长率提高了,jīn nián de jīng jì zēng zhǎng lǜ tí gāo le,this years economic growth rate has increased
4753,炸弹兵,zhà dàn bīng,Bob-omb,6,3,炸弹,bomb,兵,soldier,,,,,炸弹兵在棋盘上爆炸了,zhà dàn bīng zài qí pán shàng bào zhà le,Bob-omb exploded on the board
4754,炸掉,zhà diào,blow up,6,4,爆炸,explode,掉,to fall;drop,,,,,我的手机突然炸掉一样卡住了,wǒ de shǒu jī tū rán zhà diào yí yàng kǎ zhù le,My phone froze like it blew up
4755,诈骗分子,zhà piàn fēn zǐ,fraudsters,6,,,,,,,,,,警察抓住了一名诈骗分子,Jǐngchá zhuāzhù le yī míng zhàpiàn fènzǐ,The police caught a scammer
4756,战斗机,zhàn dòu jī,fighter jet,6,3,战斗,battle,飞机,aircraft,,,,,战斗机在空中高速飞行。,zhàn dòu jī zài kōng zhōng gāo sù fēi xíng.,fighter jets fly at high speed in the air.
4757,詹姆斯,zhān mǔ sī,LeBron James,6,,,,,,,,,,詹姆斯是中国最有名的篮球运动员之一,zhān mǔ sī shì zhōng guó zuì yǒu míng de lán qiú yùn dòng yuán zhī yī,LeBron James is one of the most famous basketball players in China
4758,蟑螂,zhāng láng,cockroach,6,,-,,,,,,,,厨房里出现了蟑螂。,chú fáng lǐ chū xiàn le zhāng láng.,a cockroach appeared in the kitchen.
4759,长胖,zhǎng pàng,to put on weight,6,,,,,,,,,,他最近长胖了,tā zuì jìn zhǎng pàng le,He’s gained weight recently
4760,帐篷,zhàng péng,tent,6,,-,,,,,,,,我们在山上搭了一个帐篷。,wǒ men zài shān shàng dā le yí gè zhàng péng.,We set up a tent on the mountain.
4761,找茬,zhǎo chá,pick a fight,6,3,找,to look for,胡茬,stubble,,,,,别总是找茬,zhǎo chá bié zǒng shì zhǎo chá,stop always picking faults
4762,照常,zhào cháng,as usual,6,3,按照,according to,经常,often,,,,,虽然下雨了，比赛还是照常进行。,"suī rán xià yǔ le, bǐ sài hái shì zhào cháng jìn xíng.","Although it rained, the match went ahead as usual."
4763,招牌,zhāo pái,signboard,6,3,招呼,to greet,牌子,sign,,,,,这家店的招牌菜很好吃,zhè jiā diàn de zhāo pái cài hěn hǎo chī,The restaurant’s signature dish is delicious
4764,照相机,zhào xiàng jī,camera,6,,,,,,,,,,他买了一台新照相机,tā mǎi le yī tái xīn zhào xiàng jī,he bought a new camera
4765,招牌卤肉,Zhāopái lǔ ròu,Signature Braised Pork,6,,,,,,,,,,招牌卤肉非常入味,zhāopái lǔròu fēicháng rùwèi,the signature braised pork is very flavorful
4766,针对,zhēn duì,aimed at;to target,6,2,针,needle,面对,to confront,,,,,这项政策是针对学生的,zhè xiàng zhèngcè shì zhēnduì xuéshēng de,this policy is aimed at students
4767,诊室,zhěn shì,consulting room,6,4,诊断,diagnosis,室,room,,,,,请到三号诊室就诊。,qǐng dào sān hào zhěn shì jiù zhěn。,Please go to consultation room number three。
4768,侦探,zhēn tàn,detective,6,3,侦查,to investigate,探索,to explore,,,,,他梦想成为一名侦探,tā mèng xiǎng chéng wéi yī míng zhēn tàn,he dreams of becoming a detective
4769,疹子,zhěn zi,rash,6,,-,,,,,,,,他身上起了疹子。,tā shēn shàng qǐ le zhěn zi,He developed a rash.
4770,政府部门,zhèng fǔ bù mén,Government departments,6,,,,,,,,,,政府部门正在研究政策,zhèng fǔ bù mén zhèng zài yán jiū zhèng cè,the government department is studying the policy
4771,政府机构,zhèng fǔ jī gòu,Government agencies,6,,,,,,,,,,他在政府机构工作,tā zài zhèng fǔ jī gòu gōng zuò,he works in a government institution
4772,正能量,zhèng néng liàng,positive energy,6,4,正确,correct,能量,energy,,,,,他说话充满正能量,zhèng néng liàng tā shuō huà chōng mǎn zhèng néng liàng,his words are full of positive energy
4773,证书,zhèng shū,certificate;credentials,6,2,证明,proof,书,book,,,,,我拿到了英语证书,wǒ ná dào le yīng yǔ zhèng shū,i got an English certificate
4774,整体,zhěng tǐ,in general,6,,,,,,,,,,整体来说结果不错,zhěng tǐ lái shuō jié guǒ bù cuò,overall the result is good
4775,正相关,zhèng xiāng guān,positive correlation,6,4,正常,regular,相关,correlation,,,,,这两个变量正相关,zhè liǎng gè biàn liàng zhèng xiāng guān,these two variables are positively correlated
4776,整形外科,zhěng xíng wài kē,plastic surgery department,6,2,调整,to adjust,形,shape,外科,surgery,,,整形外科提供美容手术,zhěng xíng wài kē tí gōng měi róng shǒu shù,The plastic surgery department offers cosmetic surgeries
4777,正循环,zhèng xún huán,positive cycle,6,3,正,right;proper,循环,cycle,,,,,好习惯会让生活进入正循环,hǎo xí guàn huì ràng shēng huó jìn rù zhèng xún huán,Good habits help life enter a positive cycle
4778,争议,zhēng yì,dispute;controversy,6,3,战争,war,会议,meeting,,,,,这个决定引发了争议。,zhè gè jué dìng yǐn fā le zhēng yì.,This decision sparked controversy.
4779,政治局面,zhèng zhì jú miàn,political situation,6,,,,,,,,,,政治局面正在变化,zhèng zhì jú miàn zhèng zài biàn huà,the political situation is changing
4780,郑州,Zhèngzhōu,Zhengzhou,6,6,郑,(uncommon),州,state,,,,,郑州是河南省的省会,Zhèngzhōu shì Hénán shěng de shěng huì,Zhengzhou is the capital of Henan province
4781,珍珠奶茶,Zhēnzhū nǎichá,Pearl milk tea,6,,,,,,,,,,她最爱喝珍珠奶茶,tā zuì ài hē zhēnzhū nǎichá,she loves drinking bubble tea
4782,支出,zhī chū,expenditure,6,4,支付,pay,出,out,,,,,这个月支出很高。,zhè gè yuè zhī chū hěn gāo。,Expenses are high this month.
4783,直达,zhí dá,direct;nonstop,6,2,直,straight,到达,to arrive at;reach,,,,,这趟高铁直达上海,zhè tàng gāo tiě zhí dá shàng hǎi,this train goes directly to Shanghai
4784,值得吐槽,zhí dé tǔ cáo,worth complaining about,6,,,,,,,,,,这个电影真的值得吐槽,zhè gè diàn yǐng zhēn de zhí dé tǔ cáo,this movie is really worth complaining about
4785,质地,zhí dì,texture,6,3,质量,quality,地,ground,,,,,这件衣服的质地很舒服,zhè jiàn yīfu de zhìdì hěn shūfu,the texture of this clothing is very comfortable
4786,执法,zhí fǎ,law enforcement,6,,,,,,,,,,警察正在执法,jǐng chá zhèng zài zhí fǎ,the police are enforcing the law
4787,支付方式,zhī fù fāng shì,Payment method,6,,,,,,,,,,你选择哪种支付方式,nǐ xuǎn zé nǎ zhǒng zhī fù fāng shì,which payment method do you choose
4788,只好,zhǐ hǎo,to have to,6,4,只能,can only,好,good,,,,,下雨了我们只好回家,xià yǔ le wǒ men zhǐ hǎo huí jiā,it rained so we had no choice but to go home
4789,值机柜台,zhí jī guì tái,check in counter,6,4,值机,check-in,柜台,counter,,,,,请提前到值机柜台办理手续。,qǐng tí qián dào zhí jī guì tái bàn lǐ shǒu xù.,please go to the check in counter early to complete the process.
4790,直觉,zhí jué,intuition,6,2,直,straight,觉得,to think,,,,,她的直觉告诉她事情不对劲,tā de zhí jué gào sù tā shì qíng bú duì jìn,Her intuition told her something was wrong
4791,指控,zhǐ kòng,accusation;criminal charge,6,2,手指,finger,控制,control,,,,,他被指控逃税。,tā bèi zhǐ kòng táo shuì,He was accused of tax evasion.
4792,智力,zhì lì,intelligence,6,4,智,wisdom,力,power,,,,,这个游戏需要很高的智力,zhè gè yóu xì xū yào hěn gāo de zhì lì,this game requires high intelligence
4793,殖民地,zhí mín dì,colony,6,2,生殖,to reproduce,人民,the people,地,land,,,这个地区曾是殖民地。,zhè gè dì qū céng shì zhí mín dì,This area was once a colony.
4794,指南,zhǐ nán,to guide;guidebook,6,2,指,finger,南,south,,,,,这本书是旅行指南,zhè běn shū shì lǚ xíng zhǐ nán,this book is a travel guide
4795,智商税,zhì shāng shuì,money wasted on useless things;IQ tax,6,3,智商,IQ,税,tax,,,,,买那些没用的东西就是交智商税,mǎi nà xiē méi yòng de dōng xi jiù shì jiāo zhì shāng shuì,Buying useless things is like paying an IQ tax
4796,知识产权,zhī shí chǎn quán,intellectual property,6,4,知识,knowledge,生产,produce,权利,right,,,公司重视知识产权保护。,gōng sī zhòng shì zhī shí chǎn quán bǎo hù。,The company values intellectual property protection.
4797,知识青年上山下乡,zhī shi qīng nián shàng shān xià xiāng,Down to the Countryside Movement,6,4,知识,knowledge,青年,youth,上山,up the mountain,下乡,going to the countryside,知识青年上山下乡发生在特殊年代。,zhī shi qīng nián shàng shān xià xiāng fā shēng zài tè shū nián dài,The Down to the Countryside Movement happened during a special historical period.
4798,直辖市,zhí xiá shì,province level city,6,3,直接,direct,管辖,jurisdiction,城市,city,,,北京是中国的直辖市之一。,běi jīng shì zhōng guó de zhí xiá shì zhī yī,Beijing is one of China’s municipalities directly under the central government.
4799,制造业,zhì zào yè,manufacturing,6,,,,,,,,,,制造业在这里很发达,zhì zào yè zài zhè lǐ hěn fā dá,manufacturing is very developed here
4800,蜘蛛网,zhī zhū wǎng,cobweb,6,2,蜘蛛,spider,网,net,,,,,角落里结满了蜘蛛网。,jiǎo luò lǐ jié mǎn le zhī zhū wǎng。,The corners were full of spider webs.
4801,蜘蛛侠,zhī zhū xiá,Spider Man,6,4,蜘蛛,spider,侠,knight;hero,,,,,蜘蛛侠能在城市间飞跃。,zhī zhū xiá néng zài chéng shì jiān fēi yuè.,spider-man can swing between buildings.
4802,支装,zhī zhuāng,pack (of drinks),6,2,支付,payment,包装,to pack,,,,,饮料有支装和罐装可选,Yǐnliào yǒu zhīzhuāng hé guànzhuāng kě xuǎn,The drink comes in bottles and cans
4803,中成药,zhōng chéng yào,patented Chinese medicine,6,4,中国,China,成功,success,药,medicine,,,很多人喜欢吃中成药。,hěn duō rén xǐ huan chī zhōng chéng yào.,Many people like taking Chinese patent medicines.
4804,重点,zhòng diǎn,focus;key;main point,6,3,重要,important,点,point,,,,,老师强调了考试重点,Lǎoshī qiángdiào le kǎoshì zhòngdiǎn,The teacher emphasized the key points for the exam
4805,钟点工,zhōng diǎn gōng,hourly worker,6,4,钟,clock,点,point,工人,worker,,,她请了钟点工打扫。,tā qǐng le zhōng diǎn gōng dǎ sǎo。,She hired an hourly cleaner.
4806,中风,zhòng fēng,stroke,6,3,中,middle,风,wind,,,,,中风后需要康复训练。,zhòng fēng hòu xū yào kāng fù xùn liàn.,rehabilitation is needed after a stroke.
4807,中国银联,zhōng guó yín lián,China UnionPay,6,3,中国,China,银行,bank,联盟,union,,,这张卡是中国银联发行的。,zhè zhāng kǎ shì zhōng guó yín lián fā xíng de,This card is issued by China UnionPay.
4808,肿瘤内科,zhǒng liú nèi kē,oncology department,6,2,肿瘤,tumor,内科,internal medicine,,,,,肿瘤内科的护士非常细心。,zhǒng liú nèi kē de hù shì fēi cháng xì xīn。,The nurses in the oncology department are very attentive。
4809,众数,zhòng shù,mode (statistic),6,2,众,crowd,数,number,,,,,这个数据集中众数是五,zhè gè shù jù jí zhōng zhòng shù shì wǔ,the mode in this dataset is five
4810,中途,zhōng tú,halfway;midway,6,4,中,middle,途径,way;channel,,,,,我们中途休息了一下,wǒ men zhōng tú xiū xī le yī xià,We took a break halfway
4811,中旬,zhōng xún,middle of the month,6,3,中,middle,旬,ten-day period,,,,,会议将在五月中旬举行,huì yì jiāng zài wǔ yuè zhōng xún jú xíng,the meeting will be held in mid May
4812,中庸,zhōng yōng,moderation;golden mean,6,4,中,middle,平庸,mediocre,,,,,他说话总是很中庸,tā shuō huà zǒng shì hěn zhōng yōng,he always speaks in a moderate way
4813,种种,zhǒng zhǒng,all kinds of; various,6,3,种类,type,种类,type,,,,,因为种种原因，这个计划最后取消了。,"yīn wèi zhǒng zhǒng yuán yīn, zhè ge jì huà zuì hòu qǔ xiāo le.","For various reasons, the plan was eventually canceled."
4814,种族歧视,zhǒng zú qí shì,racism,6,3,种族,race,歧视,discriminate,,,,,我们反对种族歧视,wǒ men fǎn duì zhǒng zú qí shì,we oppose racial discrimination
4815,周到,zhōu dào,thoughtful;considerate,6,3,周,week,到,arrive,,,,,服务员服务很周到,fúwùyuán fúwù hěn zhōudào,the waiter provided thoughtful service
4816,周年,zhōu nián,anniversary,6,2,周,cycle,年,year,,,,,今年是公司成立十周年。,jīn nián shì gōng sī chéng lì shí zhōu nián,This year marks the company’s 10th anniversary.
4817,周庄,zhōu zhuāng,Historic water town with canals in Jiangsu,6,3,周围,surroundings,村庄,village,,,,,周庄被称为水乡古镇。,zhōu zhuāng bèi chēng wéi shuǐ xiāng gǔ zhèn,Zhouzhuang is known as a water-town ancient village.
4818,逐步,zhú bù,progressively;step by step;gradually,6,4,逐渐,to pursue;gradually,步,step,,,,,问题正在逐步解决,wèn tí zhèng zài zhú bù jiě jué,the problem is being solved step by step
4819,主键,zhǔ jiàn,primary key,6,4,主,master,键盘,keyboard,,,,,这个表的主键是id,zhè gè biǎo de zhǔ jiàn shì āi dí,The primary key of this table is id
4820,主路,zhǔ lù,main road,6,4,主,main,路,road,,,,,请沿着主路一直走。,Qǐng yánzhe zhǔlù yìzhí zǒu.,Please continue along the main road.
4821,珠穆朗玛峰,zhū mù lǎng mǎ fēng,mount everest,6,4,珍珠,pearl,穆朗玛,phonetics,高峰,peak,,,珠穆朗玛峰是世界最高峰。,zhū mù lǎng mǎ fēng shì shì jiè zuì gāo fēng.,mount everest is the highest mountain in the world.
4822,注射器,zhù shè qì,syringe,6,1,注射,injection,器,device,,,,,护士准备好了注射器。,hù shì zhǔn bèi hǎo le zhù shè qì.,the nurse prepared the syringe.
4823,助手,zhù shǒu,assistant,6,1,帮助,help,手,hand,,,,,他是我的助手。,tā shì wǒ de zhù shǒu。,He is my assistant.
4824,主题曲,zhǔ tí qǔ,theme song,6,4,主题,theme,歌曲,song,,,,,这部电视剧的主题曲很好听。,zhè bù diàn shì jù de zhǔ tí qǔ hěn hǎo tīng,The theme song of this TV drama is very good.
4825,住宅楼,zhù zhái lóu,residential building,6,4,住宅,residence,楼,building,,,,,这里有很多住宅楼。,zhè lǐ yǒu hěn duō zhù zhái lóu,There are many residential buildings here.
4826,抓马,zhuā mǎ,drama;dramatic,6,4,抓,grab;scratch;catch,马,horse,,,,,这件事太抓马了。,zhè jiàn shì tài zhuā mǎ le。,This is so dramatic.
4827,转变,zhuǎn biàn,to transform; change,6,5,转,turn,变化,change,,,,,他的态度发生了很大的转变。,tā de tài dù fā shēng le hěn dà de zhuǎn biàn.,His attitude changed significantly.
4828,转行,zhuǎn háng,change careers,6,3,转,turn,行业,industry,,,,,他三十岁后决定转行。,tā sān shí suì hòu jué dìng zhuǎn háng,He decided to change careers after turning thirty.
4829,转回,zhuǎn huí,turn around,6,2,回,to return,转,to turn,,,,,他转回身看我,Tā zhuǎnhuí shēn kàn wǒ,He turned around to look at me
4830,专利,zhuān lì,patent,6,2,专家,expert,利用,to exploit,,,,,这项技术已经申请了专利。,Zhè xiàng jìshù yǐjīng shēnqǐng le zhuānlì.,This technology has already been patented.
4831,赚钱的机器,zhuàn qián de jī qì,money-making machine,6,,,,,,,,,,这个项目像赚钱的机器,Zhège xiàngmù xiàng zhuànqián de jīqì,This project is like a money making machine
4832,转账,zhuǎn zhàng,to transfer (money),6,4,转,transfer,账,account,,,,,我给你转账一千元,wǒ gěi nǐ zhuǎn zhàng yī qiān yuán,i will transfer you one thousand yuan
4833,转租,zhuǎn zū,to sublet,6,2,转,turn;transfer,出租,rent out,,,,,他把房子转租给别人了。,tā bǎ fáng zi zhuǎn zū gěi bié rén le,He subleased the apartment to someone else.
4834,装满,zhuāng mǎn,to fill up a container,6,,,,,,,,,,水桶装满了水,shuǐ tǒng zhuāng mǎn le shuǐ,The bucket is filled with water
4835,装蒜,zhuāng suàn,play dumb,6,2,装,to pretend,蒜,garlic,,,,,他明明知道却装蒜,tā míng míng zhī dào què zhuāng suàn,he clearly knew but pretended not to
4836,追赶,zhuī gǎn,to chase; to pursue,6,,-,,,,,,,,他在追赶公交车。,tā zài zhuī gǎn gōng jiāo chē,He is chasing the bus.
4837,追剧,zhuī jù,binge watch,6,4,追求,to pursue,电视剧,TV drama,,,,,她周末都在家追剧,zhuī jù tā zhōu mò dōu zài jiā zhuī jù,she spends weekends at home binge watching shows
4838,追求,zhuī qiú,pursue,6,,,,,,,,,,他追求梦想,tā zhuī qiú mèng xiǎng,he pursues his dreams
4839,追完,zhuī wán,to finish watching (binge),6,3,追,chase,完成,to complete,,,,,我昨天终于把这部剧追完了。,wǒ zuó tiān zhōng yú bǎ zhè bù jù zhuī wán le,I finally finished binge-watching this drama yesterday.
4840,追尾,zhuī wěi,rear-end collision,6,3,追,chase,尾巴,tail,,,,,两辆车发生了追尾。,liǎng liàng chē fā shēng le zhuī wěi.,Two cars had a rear-end collision.
4841,捉迷藏,zhuō mí cáng,hide and seek,6,4,捉,to clutch;catch,迷路,get lost,藏,hide,,,我们小时候最爱玩捉迷藏,wǒ men xiǎo shí hòu zuì ài wán zhuō mí cáng,We loved playing hide and seek when we were kids
4842,资产,zī chǎn,assets,6,3,投资,investment,产品,goods,,,,,他的资产很多。,tā de zī chǎn hěn duō.,He has many assets.
4843,自动报警,zì dòng bào jǐng,automatic alert,6,,,,,,,,,,系统触发了自动报警,xì tǒng chù fā le zì dòng bào jǐng,The system triggered an automatic alarm
4844,字段,zì duàn,field (data),6,4,字,character,段,section,,,,,请在这个字段里填写名字,qǐng zài zhè gè zì duàn lǐ tián xiě míng zì,Please fill in the name in this field
4845,自费,zì fèi,self-funded,6,4,自己,self,费用,fee,,,,,这次旅行需要自费。,zhè cì lǚ xíng xū yào zì fèi,This trip must be self-funded.
4846,子公司,zǐ gōng sī,subsidiary company,6,3,孩子,child,公司,company,,,,,这家公司有很多子公司。,zhè jiā gōng sī yǒu hěn duō zǐ gōng sī,This company has many subsidiaries.
4847,自控力,zì kòng lì,self control,6,4,自,self,控制,control,力,power,,,他没有很强的自控力,tā méi yǒu hěn qiáng de zì kòng lì,he does not have strong self control
4848,自拍杆,zì pāi gǎn,selfie stick,6,4,自拍,selfie,杆子,stick,,,,,她用自拍杆拍了一张合照,tā yòng zì pāi gǎn pāi le yì zhāng hé zhào,She took a group photo with a selfie stick
4849,紫外线,zǐ wài xiàn,ultraviolet rays,6,2,紫,purple,外,outside,线,line,,,太阳的紫外线很强,tài yáng de zǐ wài xiàn hěn qiáng,the sun’s ultraviolet rays are strong
4850,自相矛盾,zì xiāng máo dùn,self-contradicting,6,5,自相,self,矛盾,contradiction,,,,,他说话前后自相矛盾,tā shuō huà qián hòu zì xiāng máo dùn,his words are self contradictory
4851,自由女神,zì yóu nǚ shén,Statue of Liberty,6,2,自由,freedom,女神,goddess,,,,,我参观了纽约的自由女神像,wǒ cān guān le niǔ yuē de zì yóu nǚ shén xiàng,I visited the Statue of Liberty in New York
4852,自治,zì zhì,autonomy,6,2,自,self,政治,politics,,,,,这个地区有自己的自治权,Zhège dìqū yǒu zìjǐ de zìzhìquán,This region has its own autonomy
4853,总算,zǒng suàn,finally;at long last,6,2,总是,always,算,to count,,,,,我们总算到家了,wǒmen zǒngsuàn dào jiā le,we finally got home
4854,总索引,zǒng suǒ yǐn,directory;general index,6,,,,,,,,,,你可以在总索引中查找相关内容。,nǐ kě yǐ zài zǒng suǒ yǐn zhōng chá zhǎo xiāng guān nèi róng。,You can find related content in the general index。
4855,综艺,zōng yì,variety show,6,2,综合,comprehensive,艺术,art,,,,,我喜欢看综艺。,wǒ xǐ huān kàn zōng yì,I like watching variety shows.
4856,综合果汁,Zònghé guǒzhī,mixed (combination) juice,6,,,,,,,,,,我喜欢早餐喝综合果汁,wǒ xǐhuān zǎocān hē zōnghé guǒzhī,I like drinking mixed fruit juice for breakfast
4857,走廊,zǒu láng,corridor,6,3,走,to walk,画廊,gallery,,,,,走廊很长。,zǒu láng hěn cháng,The corridor is long.
4858,走神,zǒu shén,to zone out;distracted;absent-minded,6,3,走,walk,精神,spirit;mind,,,,,上课的时候他总走神。,shàng kè de shí hou tā zǒng zǒu shén,He always zones out during class.
4859,祖先,zǔ xiān,ancestors,6,,,,,,,,,,清明节我们会去祭拜祖先。,qīngmíng jié wǒmen huì qù jìbài zǔxiān,We visit our ancestors during Qingming Festival.
4860,诅咒,zǔ zhòu,curse,6,,,,,,,,,,他觉得自己被诅咒了,tā jué de zì jǐ bèi zǔ zhòu le,he felt he was cursed
4861,最大化,zuì dà huà,to maximize,6,2,最,most,大,big,变化,change,,,我们要最大化收益。,wǒ men yào zuì dà huà shōu yì.,We need to maximize profits.
4862,罪恶,zuì è,sinful,6,3,有罪,guilty,邪恶,evil,,,,,他无法摆脱内心的罪恶感,tā wú fǎ bǎi tuō nèi xīn de zuì è gǎn,He can’t get rid of his inner guilt
4863,嘴替,zuǐ tì,someone who says what you were thinking,6,2,嘴巴,mouth,代替,to replace,,,,,他说出了我心里的想法简直是我的嘴替,tā shuōchū le wǒ xīn lǐ de xiǎngfǎ jiǎnzhí shì wǒ de zuǐtì,he spoke my thoughts he is my spokesperson
4864,最大的弱点,Zuìdà de ruòdiǎn,Biggest weakness,6,,,,,,,,,,信任是他的最大弱点,xìn rèn shì tā de zuì dà ruò diǎn,trust is his biggest weakness
4865,坐标轴,zuò biāo zhóu,axis (visualization),6,4,坐标,coordinate,轴,axis,轴,,,,请注意横坐标轴,qǐng zhù yì héng zuò biāo zhóu,Please pay attention to the x axis
4866,做好,zuò hǎo,to do well;finish;complete,6,,,,,,,,,,我已经做好晚餐了,wǒ yǐ jīng zuò hǎo wǎn cān le,I’ve already made dinner
4867,坐好,zuò hǎo,to sit properly,6,,,,,,,,,,请坐好系好安全带,qǐng zuò hǎo xì hǎo ān quán dài,Please sit properly and fasten your seatbelt
4868,作家,zuò jiā,writer,6,,,,,,,,,,她是一名畅销书作家,tā shì yī míng chàng xiāo shū zuò jiā,she is a bestselling writer
4869,做运动,zuò yùn dòng,do exercise,6,,,,,,,,,,他每天都做运动,tā měi tiān dōu zuò yùn dòng,He exercises every day
4870,阿富汗,ā fù hàn,Afghanistan,7,3,阿姨,aunt,丰富,rich,汗,sweat,,,阿富汗在亚洲中部,ā fù hàn zài yà zhōu zhōng bù,afghanistan is in central asia
4871,阿姆斯特朗,ā mǔ sī tè lǎng,neil armstrong,7,,-,,,,,,,,尼尔·阿姆斯特朗登上了月球。,ní ěr · ā mǔ sī tè lǎng dēng shàng le yuè qiú.,neil armstrong walked on the moon.
4872,AB测试,AB cè shì,AB testing,7,,,,,,,,,,我们做了一个AB测试,wǒ men zuò le yī gè āi bǐ cè shì,We ran an AB test
4873,爱迪生,ài dí shēng,Thomas Edison,7,,-,,,,,,,,爱迪生发明了电灯。,ài dí shēng fā míng le diàn dēng.,edison invented the light bulb.
4874,爱泼斯坦,ài pō sī tǎn,Epstein,7,,-,,,,,,,,新闻提到了爱泼斯坦案件。,xīn wén tí dào le ài pō sī tǎn àn jiàn。,The news mentioned the Epstein case.
4875,安抚奶嘴,ān fǔ nǎi zuǐ,pacifier,7,2,安抚,to placate;appease,牛奶,milk,嘴巴,mouth,,,安抚奶嘴能安抚宝宝。,ān fǔ nǎi zuǐ néng ān fǔ bǎo bǎo.,pacifiers soothe babies.
4876,安乐死,ān lè sǐ,euthanasia,7,1,安全,safe,快乐,happy,死亡,death,,,安乐死是一个有争议的话题。,ān lè sǐ shì yí gè yǒu zhēng yì de huà tí.,Euthanasia is a controversial topic.
4877,鞍山,Ānshān,Anshan,7,3,鞍,saddle,山,mountain,,,,,鞍山以钢铁工业闻名,Ānshān yǐ gāng tiě gōng yè wén míng,Anshan is famous for its steel industry
4878,安阳,Ānyáng,Anyang,7,3,安,safe,阳光,sunlight,,,,,安阳是殷商文化发源地,Ānyáng shì Yīn Shāng wén huà fā yuán dì,Anyang is the birthplace of Yin Shang culture
4879,奥地利,ào dì lì,Austria,7,5,奥运,olympic games,地,land,权利,power,,,奥地利风景很美,ào dì lì fēng jǐng hěn měi,austria has beautiful scenery
4880,奥克兰,ào kè lán,Oakland,7,,,,,,,,,,奥克兰在新西兰北岛,àokèlán zài xīnxīlán běidǎo,Auckland is on New Zealand’s North Island
4881,澳门特别行政区,ào mén tè bié xíng zhèng qū,Macau Special Administrative Region,7,3,澳洲,Australia,门,door,特别,special,行政区,administrative region,澳门以赌场和美食著名。,ào mén yǐ dǔ chǎng hé měi shí zhù míng,Macau is famous for casinos and cuisine.
4882,奥斯汀,ào sī tīng,Austin,7,,,,,,,,,,奥斯汀有很多音乐节,àosītīng yǒu hěn duō yīnyuè jié,Austin has many music festivals
4883,八角,bā jiǎo,star anise,7,3,八,eight,角,angle,,,,,炖肉时会放八角。,dùn ròu shí huì fàng bā jiǎo.,star anise is used when stewing meat.
4884,八廓街,bā kuò jiē,"Barkhor Street (Lhasa, Tibet), historic market street around Jokhang Temple",7,4,八,eight,广阔,broad,街,street,,,拉萨八廓街充满宗教气氛。,lā sà bā kuò jiē chōng mǎn zōng jiào qì fēn,Barkhor Street in Lhasa is full of religious atmosphere.
4885,巴塞罗那,bā sài luó nà,Barcelona,7,,,,,,,,,,巴塞罗那以足球著名,bā sài luó nà yǐ zú qiú zhù míng,Barcelona is famous for soccer
4886,85度C,bā shí wǔ dù c,85°C Bakery,7,,,,,,,,,,85度C的蛋糕很好吃,bā shí wǔ dù c de dàn gāo hěn hǎo chī,the cakes at 85°C are very tasty
4887,霸王龙,bà wáng lóng,tyrannosaurus rex,7,2,霸王,overlord,恐龙,dinosaur,,,,,霸王龙是著名的肉食恐龙。,bà wáng lóng shì zhù míng de ròu shí kǒng lóng.,t-rex is a famous carnivorous dinosaur.
4888,八喜,bā xǐ,Baskin Robbins,7,4,八,eight,喜欢,to like,,,,,八喜冰淇淋口味很多。,bā xǐ bīng qí lín kǒu wèi hěn duō.,baskin-robbins has many flavors.
4889,白宫,bái gōng,White House,7,4,白,white,宫,palace,,,,,白宫发表了一项重要声明。,bái gōng fā biǎo le yī xiàng zhòng yào shēng míng。,The White House issued an important statement。
4890,百合,bǎi hé,lily,7,4,百,hundred,合适,suitable,,,,,百合象征纯洁。,bǎi hé xiàng zhēng chún jié.,lilies symbolize purity.
4891,拜金女,bài jīn nǚ,golddigger,7,2,拜托,please,金,money,女,woman,,,他觉得她是个拜金女,bài jīn nǚ tā jué de tā shì gè bài jīn nǚ,he thinks she is a gold digger
4892,白马寺,bái mǎ sì,"White Horse Temple (Luoyang, Henan), China’s first Buddhist temple",7,4,白色,white,马,horse,寺庙,temple,,,白马寺被认为是中国第一寺。,bái mǎ sì bèi rèn wéi shì zhōng guó dì yī sì,White Horse Temple is considered China’s first temple.
4893,白内障,bái nèi zhàng,cataract,7,2,白,white,内,interior,障碍,barrier;obstacle,,,我爷爷做了白内障手术现在看东西清楚多了,wǒ yé ye zuò le bái nèi zhàng shǒu shù xiàn zài kàn dōng xi qīng chu duō le,My grandpa had cataract surgery and can see much more clearly now
4894,白跑,bái pǎo,run for nothing;a wasted trip,7,4,白,white,跑,run,,,,,今天去了一趟结果白跑了。,jīn tiān qù le yí tàng jié guǒ bái pǎo le。,I went there today but it was for nothing.
4895,拜神了,bài shén le,worship;go pray to gods,7,3,拜托,please,精神,spirit,了,past tense,,,奶奶一大早就去庙里拜神了。,nǎinai yí dàzǎo jiù qù miào lǐ bài shén le.,Grandma went to the temple early to pray.
4896,白蚁,bái yǐ,termite,7,2,白色,white,蚂蚁,ant,,,,,白蚁会破坏木结构。,bái yǐ huì pò huài mù jié gòu.,termites can damage wooden structures.
4897,班加罗尔,bān jiā luó ěr,Bangalore,7,,,,,,,,,,班加罗尔是印度的IT中心,bān jiā luó ěr shì yìn dù de IT zhōng xīn,Bangalore is the IT hub of India
4898,斑马,bān mǎ,zebra,7,2,斑,spotted;striped,马,horse,,,,,动物园里有一匹漂亮的斑马,dòngwùyuán lǐ yǒu yì pǐ piàoliàng de bānmǎ,There is a beautiful zebra in the zoo
4899,搬砖,bān zhuān,doing dull work daily,7,4,搬,to move,砖,bricks,,,,,我每天上班感觉像在搬砖,bān zhuān wǒ měi tiān shàng bān gǎn jué xiàng zài bān zhuān,going to work every day feels like carrying bricks
4900,棒棒,bàng bàng,stick,7,,,,,,,,,,小朋友管棒棒糖叫棒棒,xiǎopéngyǒu guǎn bàngbàngtáng jiào bàngbàng,children call lollipops bangbang
4901,榜单,bǎng dān,ranking list,7,4,榜样,model;example,清单,list,,,,,这份榜单很有参考价值。,zhè fèn bǎng dān hěn yǒu cān kǎo jià zhí.,This ranking is very useful.
4902,榜样,bǎng yàng,example;role model,7,,,,,,,,,,他是我的榜样,tā shì wǒ de bǎngyàng,he is my role model
4903,棒约翰,bàng yuē hàn,Papa John's,7,,,,,,,,,,棒约翰的披萨味道不错,bàng yuē hàn de pī sà wèi dào bù cuò,Papa John's pizza tastes pretty good
4904,保镖,bǎo biāo,bodyguard,7,2,保护,protect,镖,dart,,,,,明星身边常常有保镖。,míng xīng shēn biān cháng cháng yǒu bǎo biāo.,celebrities often have bodyguards around them.
4905,宝蛋,bǎo dàn,precious eggs (playful term),7,,,,,,,,,,宝蛋这个词带点可爱的意味,bǎo dàn zhège cí dài diǎn kě’ài de yìwèi,the word treasured eggs sounds a bit cute
4906,饱和,bǎo hé,saturated,7,3,吃饱,full by eating,和平,peace,,,,,这个市场已经接近饱和了。,Zhège shìchǎng yǐjīng jiējìn bǎohé le.,This market is already close to saturation.
4907,报价,bào jià,quoted price,7,3,报告,to report,价格,price,,,,,请给我一个报价。,qǐng gěi wǒ yī gè bào jià,Please give me a quote.
4908,宝蓝,bǎo lán,royal blue,7,4,宝贝,treasure,蓝色,blue,,,,,宝蓝色裙子很抢眼,bǎo lán sè qún zi hěn qiǎng yǎn,A royal blue dress stands out
4909,抱团,bào tuán,to stick together (group),7,4,拥抱,hug,团,group,,,,,大家喜欢抱团取暖。,dà jiā xǐ huān bào tuán qǔ nuǎn.,People like to stick together.
4910,褒义,bāo yì,positive connotation,7,4,褒,praise,意义,meaning,,,,,这个词是褒义的。,zhè gè cí shì bāo yì de,This word has a positive meaning.
4911,爆炸声,bào zhà shēng,sound of an explosion,7,4,爆炸,explode,声音,sound,,,,,大家都听到了爆炸声。,dà jiā dōu tīng dào le bào zhà shēng.,Everyone heard the sound of an explosion.
4912,抱子甘蓝,bào zǐ gān lán,brussel sprouts,7,2,抱,to hold,子,child,甘蓝,cabbage,,,我喜欢吃抱子甘蓝,wǒ xǐ huān chī bào zǐ gān lán,i like eating brussels sprouts
4913,保定,Bǎodìng,Baoding,7,4,保护,protect,一定,surely,,,,,保定有丰富的历史遗迹,Bǎodìng yǒu fēng fù de lì shǐ yí jì,Baoding has rich historical sites
4914,包头,Bāotóu,Baotou,7,4,包,wrap,头,head,,,,,包头是中国重要的钢铁城市,Bāotóu shì zhōng guó zhòng yào de gāng tiě chéng shì,Baotou is an important steel city in China
4915,贝多芬,bèi duō fēn,Beethoven,7,,-,,,,,,,,贝多芬是伟大的作曲家。,bèi duō fēn shì wěi dà de zuò qǔ jiā.,beethoven was a great composer.
4916,备份,bèi fèn,backup (data),7,4,准备,to prepare,份,portion,,,,,请每天做数据备份,qǐng měi tiān zuò shù jù bèi fèn,Please do data backups daily
4917,北海公园,běi hǎi gōng yuán,"Beihai Park (Beijing), imperial garden with lake and pavilions",7,4,北,north,海洋,sea,公园,park,,,北海公园适合散步。,běi hǎi gōng yuán shì hé sàn bù,Beihai Park is good for walking.
4918,北京市,běi jīng shì,Beijing Municipality,7,3,北,north,京,capital city,市,city,,,北京是中国的首都。,běi jīng shì zhōng guó de shǒu dū,Beijing is the capital of China.
4919,背景音乐,bèi jǐng yīn yuè,background music,7,,,,,,,,,,背景音乐很轻柔,bèi jǐng yīn yuè hěn qīng róu,the background music is very soft
4920,贝壳白,bèi ké bái,shell white,7,4,贝壳,shell,白色,white,,,,,贝壳白非常柔和,bèi ké bái fēi cháng róu hé,Shell white is very soft
4921,北上广深,běi shàng guǎng shēn,"Beijing, Shanghai, Guangzhou and Shenzhen;Tier-1 cities",7,4,北京,Beijing,上海,Shanghai,广州,Guangzhou,深圳,Shenzhen,很多年轻人想去北上广深发展。,hěn duō nián qīng rén xiǎng qù běi shàng guǎng shēn fā zhǎn.,Many young people want to develop their careers in China’s top-tier cities.
4922,本国人,běn guó rén,their own people,7,4,本地,local,国家,country,人,person,,,本国人可以享受优惠。,běn guó rén kě yǐ xiǎng shòu yōu huì.,Citizens receive discounts.
4923,蹦极,bèng jí,bungee jumping,7,3,蹦跳,to hop,极,extreme,,,,,我第一次蹦极时很紧张,wǒ dì yī cì bèng jí shí hěn jǐn zhāng,I was nervous the first time I went bungee jumping
4924,崩塌,bēng tā,collapse,7,,-,,,,,,,,他的心理防线彻底崩塌了。,tā de xīn lǐ fáng xiàn chè dǐ bēng tā le,His psychological defense completely collapsed.
4925,必不可少,bì bù kě shǎo,essential;indispensable,7,4,必须,must,不可,cannot,少,few,,,水是生活中必不可少的。,shuǐ shì shēng huó zhōng bì bù kě shǎo de.,water is indispensable in life.
4926,壁咚,bì dōng,wall slam;pin to wall,7,,,,,,,,,,他突然把她壁咚吓了她一跳,tā tūrán bǎ tā bìdōng xià le tā yī tiào,he suddenly did a wall slam and startled her
4927,壁虎,bì hǔ,gecko,7,2,隔壁,next door,老虎,tiger,,,,,壁虎常出现在墙上。,bì hǔ cháng chū xiàn zài qiáng shàng.,geckos often appear on walls.
4928,必要性,bì yào xìng,necessity,7,,,,,,,,,,教育的必要性很明显,jiào yù de bì yào xìng hěn míng xiǎn,the necessity of education is obvious
4929,便当,biàn dāng,bento box,7,4,方便,convenient,当然,of course,,,,,中午我带了便当,zhōng wǔ wǒ dài le biàn dāng,I brought a lunch box for noon
4930,边界感,biān jiè gǎn,sense of boundaries,7,5,边界,boundary,感觉,sense,,,,,亲密也要有边界感,biān jiè gǎn qīn mì yě yào yǒu biān jiè gǎn,even in closeness you need a sense of boundaries
4931,边境,biān jìng,border;frontier,7,2,边,edge,环境,environment,,,,,他们住在边境附近,tā men zhù zài biān jìng fù jìn,they live near the border
4932,变色龙,biàn sè lóng,chameleon,7,2,改变,to change,颜色,color,龙,dragon,,,变色龙会改变颜色。,biàn sè lóng huì gǎi biàn yán sè.,chameleons can change color.
4933,标语,biāo yǔ,slogan,7,2,标志,sign,语言,language,,,,,墙上写着标语。,qiáng shàng xiě zhe biāo yǔ,There is a slogan on the wall.
4934,标准普尔500指数,biāo zhǔn pǔ ěr wǔ bǎi zhǐ shù,S&P 500 index,7,4,标准,standard,普尔,"""poor""",指数,index,数字,number,标准普尔500指数创下新高。,biāo zhǔn pǔ ěr wǔ bǎi zhǐ shù chuàng xià xīn gāo。,The S&P 500 index hit a new high.
4935,宾客,bīn kè,guest,7,,,,,,,,,,宾客们已经陆续到来,bīn kè men yǐ jīng lù xù dào lái,the guests have already arrived one after another
4936,病变,bìng biàn,lesion,7,3,病,illness,变化,change,,,,,医生发现他肺部有病变,yī shēng fā xiàn tā fèi bù yǒu bìng biàn,the doctor found a lesion in his lung
4937,病理,bìng lǐ,pathology,7,1,病,disease,理由,reason,,,,,病理科负责分析组织样本,bìng lǐ kē fù zé fēn xī zǔ zhī yàng běn,The pathology department analyzes tissue samples
4938,饼图,bǐng tú,pie chart,7,4,饼,pie,图表,chart,,,,,他们用饼图来表示比例,tā men yòng bǐng tú lái biǎo shì bǐ lì,They used a pie chart to show proportions
4939,薄荷绿,bò hé lǜ,mint green,7,4,薄荷,mint,绿色,green,,,,,薄荷绿看起来很清爽,bò hé lǜ kàn qǐ lái hěn qīng shuǎng,Mint green looks refreshing
4940,伯克利,bó kè lì,Berkeley,7,,,,,,,,,,伯克利以大学闻名,bókèlì yǐ dàxué wénmíng,Berkeley is known for its university
4941,柏林,bó lín,Berlin,7,,,,,,,,,,柏林曾经被分为东柏林和西柏林,bó lín céng jīng bèi fēn wéi dōng bó lín hé xī bó lín,Berlin used to be divided into East and West Berlin
4942,波特兰,bō tè lán,Portland,7,,,,,,,,,,波特兰是俄勒冈州的城市,bōtèlán shì éluègāng zhōu de chéngshì,Portland is a city in Oregon
4943,不动产,bù dòng chǎn,immovable assets;real estate,7,5,不,not,动,to move,财产,property,,,他投资了很多不动产,tā tóu zī le hěn duō bù dòng chǎn,He invested in a lot of real estate
4944,步伐,bù fá,pace,7,,,,,,,,,,士兵们步伐一致,shìbīngmen bùfá yīzhì,The soldiers marched in step
4945,步枪,bù qiāng,rifle,7,2,步,step,枪,gun,,,,,士兵手里拿着步枪。,shì bīng shǒu lǐ ná zhe bù qiāng.,the soldier is holding a rifle.
4946,不妥,bù tuǒ,inappropriate,7,4,不,not,妥当,appropriate;proper,,,,,这样做恐怕不妥。,zhè yàng zuò kǒng pà bù tuǒ。,I'm afraid this isn't appropriate.
4947,布依古寨,bù yī gǔ zhài,"Buyi Ancient Village (Guizhou), traditional Buyi ethnic village",7,3,布,cloth,依靠,rely on,古,ancient,寨,stockaded village,布依古寨充满民族特色。,bù yī gǔ zhài chōng mǎn mín zú tè sè,Buyi ancient villages are full of ethnic characteristics.
4948,菜刀,cài dāo,kitchen knife,7,3,菜,vegetable,刀,knife,,,,,厨房里有一把菜刀,chúfáng lǐ yǒu yī bǎ càidāo,there is a kitchen knife in the kitchen
4949,采样,cǎi yàng,sampling,7,3,采,to pick,样,kind,,,,,采样方法不同会影响分析结果,cǎi yàng fāng fǎ bù tóng huì yǐng xiǎng fēn xī jié guǒ,different sampling methods affect analysis results
4950,沧州,Cāngzhōu,Cangzhou,7,4,沧,blue-green (water),州,state,,,,,沧州是河北省的武术之乡。,cāng zhōu shì hé běi shěng de wǔ shù zhī xiāng,Cangzhou is known as the hometown of martial arts in Hebei Province.
4951,测试集,cè shì jí,test set,7,,,,,,,,,,测试集可以用来检验模型准确率,cè shì jí kě yǐ yòng lái jiǎn yàn mó xíng zhǔn què lǜ,the test set can be used to check model accuracy
4952,茶百道,chá bǎi dào,ChaBaiDao,7,4,茶,tea,百,hundred,道,path,,,茶百道的果茶很好喝,chá bǎi dào de guǒ chá hěn hǎo hē,ChaBaiDao fruit tea tastes great
4953,差异化,chā yì huà,differentiation,7,4,差异,difference,变化,change,,,,,产品需要差异化竞争。,chǎn pǐn xū yào chā yì huà jìng zhēng。,Products need differentiated competition.
4954,蝉,chán,cicada,7,,-,,,,,,,,夏天经常能听到蝉叫。,xià tiān jīng cháng néng tīng dào chán jiào.,you often hear cicadas in summer.
4955,产品经理,chǎn pǐn jīng lǐ,product manager,7,4,产品,product,经理,manager,,,,,她是一名产品经理。,tā shì yì míng chǎn pǐn jīng lǐ.,She is a product manager.
4956,馋身子,chán shēn zi,crave someone,7,,,,,,,,,,她馋他的身子很久了。,Tā chán tā de shēnzi hěn jiǔ le.,She’s been horny for his body for a long time.
4957,铲屎官,chǎn shǐ guān,cat owner;pooper scooper,7,2,铲,to shovel,屎,shit,官,official;public servant,,,我作为铲屎官每天都很忙。,wǒ zuò wéi chǎn shǐ guān měi tiān dōu hěn máng.,"As a cat owner, I’m busy every day."
4958,长白山,cháng bái shān,Changbai Mountain,7,5,长,long,白,white,山,mountain,,,长白山的风景非常壮丽,cháng bái shān de fēng jǐng fēi cháng zhuàng lì,the scenery of Changbai Mountain is magnificent
4959,肠道,cháng dào,gut,7,2,肠,intestines,道,path,,,,,肠道门诊主要治疗消化问题,cháng dào mén zhěn zhǔ yào zhì liáo xiāo huà wèn tí,The intestinal clinic mainly treats digestive issues
4960,长笛,cháng dí,flute,7,3,长,long,笛子,bamboo flute,,,,,她练习长笛已经两年了。,tā liàn xí cháng dí yǐ jīng liǎng nián le.,She has been practicing the flute for two years.
4961,长号,cháng hào,trombone,7,4,长,long,信号,signal,,,,,他会吹长号。,tā huì chuī cháng hào.,He can play the trombone.
4962,长袍,cháng páo,long robe;gown,7,5,长,long,袍子,robe;gown,,,,,他穿着一件黑色长袍上台。,tā chuān zhe yí jiàn hēi sè cháng páo shàng tái.,he went on stage wearing a black long robe.
4963,长舌妇,cháng shé fù,busybody;gossip,7,2,长,long,舌,tongue,妇,woman,,,村里人说她是个长舌妇,cūn lǐ rén shuō tā shì gè cháng shé fù,the villagers say she is a gossip woman
4964,畅销,chàng xiāo,bestseller,7,,,,,,,,,,这本书很畅销,zhè běn shū hěn chàngxiāo,This book sells very well
4965,长春,Chángchūn,Changchun,7,3,长,long,春天,spring,,,,,长春是中国汽车工业基地,Chángchūn shì zhōng guó qì chē gōng yè jī dì,Changchun is China’s automobile industry base
4966,超能力,chāo néng lì,superpower,7,3,超级,super,能力,ability,,,,,他幻想自己拥有超能力。,tā huàn xiǎng zì jǐ yōng yǒu chāo néng lì.,he imagines having superpowers.
4967,朝鲜语,cháo xiǎn yǔ,Korean language,7,4,朝鲜,Korea,语言,language,,,,,她学习朝鲜语。,tā xué xí cháo xiǎn yǔ,She studies Korean.
4968,潮州,Cháozhōu,Chaozhou,7,4,潮,tide,州,state,,,,,潮州的工艺品非常精美,Cháozhōu de gōng yì pǐn fēi cháng jīng měi,Chaozhou’s handicrafts are very exquisite
4969,秤,chèng,balance scale,7,,,,,,,,,,她在秤上称了体重,tā zài chèng shàng chēng le tǐ zhòng,she weighed herself on the scale
4970,承德避暑山庄,chéng dé bì shǔ shān zhuāng,"Chengde Mountain Resort (Hebei), imperial summer retreat",7,4,承德,Chengde,避,avoid,暑,summer heat,山庄,mountain resort,承德避暑山庄是皇家园林。,chéng dé bì shǔ shān zhuāng shì huáng jiā yuán lín,The Chengde Mountain Resort is an imperial garden.
4971,充分,chōng fèn,fully;thorough,7,4,充满,full,分,part;points,,,,,我们做了充分准备。,wǒ men zuò le chōng fèn zhǔn bèi,We made full preparations.
4972,重庆市,chóng qìng shì,Chongqing Municipality,7,3,重,to repeat,庆祝,to celebrate,市,city,,,重庆以火锅闻名。,chóng qìng yǐ huǒ guō wén míng,Chongqing is famous for its hotpot.
4973,丑八怪,chǒu bā guài,ugly person,7,4,丑陋,ugly,八,all-around,怪物,monster,,,他开玩笑说自己是个丑八怪,tā kāi wán xiào shuō zì jǐ shì gè chǒu bā guài,he joked that he’s an ugly person
4974,丑毛衣,chǒu máo yī,ugly Christmas sweater,7,4,丑,ugly,毛衣,sweater,,,,,聚会主题是丑毛衣,jùhuì zhǔtí shì chǒu máoyī,The party theme is ugly sweaters
4975,丑小鸭,chǒu xiǎo yā,The Ugly Duckling,7,4,丑,ugly,小,little,鸭子,duck,,,丑小鸭最终变成了天鹅。,chǒu xiǎo yā zuì zhōng biàn chéng le tiān é.,the ugly duckling finally became a swan.
4976,厨房粉碎机,chú fáng fěn suì jī,garbage disposal,7,2,厨房,kitchen,粉碎,to crush;smash,机,machine,,,厨房粉碎机很好用。,chú fáng fěn suì jī hěn hǎo yòng.,The kitchen garbage disposal is very useful.
4977,出卖,chū mài,to betray,7,3,出去,go out,卖,to sell,,,,,他为了利益出卖了朋友。,tā wèi le lì yì chū mài le péng you,He betrayed his friend for利益.
4978,初衷,chū zhōng,original intention,7,4,当初,at that time,衷心,heartfelt,,,,,不要忘记自己的初衷。,bú yào wàng jì zì jǐ de chū zhōng,Don’t forget your original intention.
4979,传教士,chuán jiào shì,missionary,7,1,传播,spread,宗教,religion,士兵,soldier,,,他年轻时去海外当传教士。,tā nián qīng shí qù hǎi wài dāng chuán jiào shì.,When young he worked abroad as a missionary.
4980,锤子兄弟,chuí zi xiōng dì,Hammer Bro,7,4,锤子,hammer,兄弟,brother,,,,,锤子兄弟成为了玩家角色,chuí zi xiōng dì chéng wéi le wán jiā jué sè,Hammer Bro became a player character
4981,刺,cì,thorn;to stab,7,,,,,,,,,,这朵玫瑰花的刺很尖。,zhè duǒ méi guī huā de cì hěn jiān.,The thorns on this rose are very sharp.
4982,刺耳,cì ěr,harsh to the ear,7,4,刺,thorn,耳朵,ear,,,,,这个声音很刺耳。,zhè gè shēng yīn hěn cì ěr,This sound is harsh.
4983,磁器口,cí qì kǒu,"Ciqikou Ancient Town (Chongqing), historic river town",7,3,磁铁,magnet,器,device,口,opening,,,磁器口古镇游客很多。,cí qì kǒu gǔ zhèn yóu kè hěn duō,Ciqikou Ancient Town has many tourists.
4984,从众心理,cóng zhòng xīn lǐ,herd mentality,7,3,从,from,众,crowd,心理,mentality,,,他买那个产品只是因为从众心理,tā mǎi nà gè chǎn pǐn zhǐ shì yīn wèi cóng zhòng xīn lǐ,he bought that product only because of herd mentality
4985,醋笋壳鱼,Cù sǔn ké yú,Fish with vinegar and bamboo shoots,7,,,,,,,,,,他们点了醋笋壳鱼,tāmen diǎn le cù sǔn ké yú,they ordered fish with vinegar bamboo shoots
4986,催婚,cuī hūn,to pressure someone to marry,7,4,催,urge,结婚,marry,,,,,父母一直催婚。,fù mǔ yì zhí cuī hūn.,My parents keep pressuring me to get married.
4987,催眠曲,cuī mián qǔ,lullaby,7,2,催眠,hypnosis,歌曲,song,,,,,这首歌像一首温柔的催眠曲,Zhè shǒu gē xiàng yī shǒu wēnróu de cuīmiánqǔ,This song is like a gentle lullaby
4988,矬子,cuó zi,short person;dwarf,7,,,,,,,,,,他个子不高，却从不拿矬子自嘲。,"tā gè zi bù gāo, què cóng bù ná cuó zi zì cháo",He is short but never mocks himself as a short person.
4989,大地,dà dì,earth,7,2,大,big,地,land,,,,,春天的大地一片绿色,chūn tiān de dà dì yī piàn lǜ sè,In spring the earth is covered in green
4990,打发时间,dǎ fā shí jiān,kill time,7,4,打,to hit,发,to send out,时间,time,,,我看电影来打发时间,wǒ kàn diàn yǐng lái dǎ fā shí jiān,I watch movies to kill time
4991,达芬奇,dá fēn qí,da Vinci,7,,-,,,,,,,,达芬奇不仅是画家还是科学家。,dá fēn qí bù jǐn shì huà jiā hái shì kē xué jiā.,da Vinci was both an artist and a scientist.
4992,大客户,dà kè hù,big customer,7,,,,,,,,,,我们需要维护好大客户。,wǒ men xū yào wéi hù hǎo dà kè hù.,We need to maintain key accounts.
4993,达美乐,dá měi lè,Domino's Pizza,7,4,到达,arrive,美,beauty,快乐,happy,,,达美乐的外卖速度很快,dá měi lè de wài mài sù dù hěn kuài,Domino's delivery is very fast
4994,大屁屁,dà pì pì,big booty,7,,,,,,,,,,宝宝有一个圆滚滚的大屁屁,bǎobǎo yǒu yīgè yuán gǔngǔn de dà pìpì,the baby has a chubby big butt
4995,大润发,dà rùn fā,rt-mart,7,3,大,big,利润,profit,发现,to discover,,,大润发是大型超市。,dà rùn fā shì dà xíng chāo shì.,rt-mart is a large supermarket.
4996,搭讪,dā shàn,chat up;strike up a conversation,7,,,,,,,,,,他在咖啡馆和一个女孩搭讪,Tā zài kāfēiguǎn hé yīgè nǚhái dāshàn,He struck up a conversation with a girl at the café
4997,大提琴,dà tí qín,cello,7,2,大,big,提,hold in hand,琴,musical instrument,,,大提琴音色低沉。,dà tí qín yīn sè dī chén.,the cello has a deep tone.
4998,打听,dǎ tīng,inquire about,7,2,打,to hit,听,to hear,,,,,她在打听你的近况,tā zài dǎ tīng nǐ de jìn kuàng,She is inquiring about your recent situation
4999,大猩猩,dà xīng xīng,gorilla,7,3,大,big,猩猩,orangutan,,,,,动物园里有大猩猩,dòng wù yuán lǐ yǒu dà xīng xīng,there are gorillas in the zoo
5000,大雁,dà yàn,wild goose,7,,,,,,,,,,天空中飞过一群大雁,tiān kōng zhōng fēi guò yī qún dà yàn,a flock of wild geese flew across the sky
5001,打折季,dǎ zhé jì,sale season,7,4,打折,discount,季节,season,,,,,打折季到了。,dǎ zhé jì dào le.,The sale season has arrived.
5002,代言,dài yán,to endorse,7,2,代表,represent,语言,speech,,,,,这位明星代言了这个品牌。,zhè wèi míng xīng dài yán le zhè ge pǐn pái.,This celebrity endorsed the brand.
5003,大连,Dàlián,Dalian,7,3,大,big,连接,to link,,,,,大连是一座美丽的海滨城市。,dà lián shì yī zuò měi lì de hǎi bīn chéng shì,Dalian is a beautiful coastal city.
5004,蛋蛋的忧伤,dàn dàn de yōu shāng,the sorrow of eggs;male frustration,7,,,,,,,,,,电影讲述了蛋蛋的忧伤。,diàn yǐng jiǎng shù le dàn dàn de yōu shāng.,The movie tells the story of the sadness of the eggs.
5005,单簧管,dān huáng guǎn,clarinet,7,3,单,single,簧,metallic reed,管,pipe,,,单簧管是管乐器的一种。,dān huáng guǎn shì guǎn yuè qì de yī zhǒng.,The clarinet is a type of woodwind instrument.
5006,单身主义,dān shēn zhǔ yì,belief in staying single,7,,,,,,,,,,他坚持单身主义,Tā jiānchí dānshēn zhǔyì,He sticks to single-ism
5007,丹霞山,dān xiá shān,"Danxia Mountain (Guangdong), UNESCO site with red sandstone formations",7,4,丹砂,cinnabar;type of red rock,霞,rosy clouds;afterglow,山,mountain,,,丹霞山以红色岩石著名。,dān xiá shān yǐ hóng sè yán shí zhù míng,Danxia Mountain is famous for red rocks.
5008,胆小,dǎn xiǎo,timid,7,2,胆,guts,小,small,,,,,他从小就很胆小。,tā cóng xiǎo jiù hěn dǎn xiǎo,He has been timid since childhood.
5009,当铺,dàng pù,pawn shop,7,3,当地,local,铺,shop,,,,,他把手表拿到当铺去典当了,tā bǎ shǒu biǎo ná dào dàng pù qù diǎn dàng le,he took his watch to the pawn shop
5010,倒计时,dào jì shí,countdown,7,2,倒,inverted,计,count,时,time,,,比赛将在三秒后开始,bǐ sài jiāng zài sān miǎo hòu kāi shǐ,the race will start in three seconds
5011,道教,dào jiào,taoism,7,4,道,road,宗教,religion,,,,,道教重视长生不老。,dào jiào zhòng shì cháng shēng bù lǎo.,taoism values immortality.
5012,倒霉,dǎo méi,unlucky,7,3,倒,arrive,霉菌,mold,,,,,我今天真倒霉什么事都不顺,wǒ jīn tiān zhēn dǎo méi shén me shì dōu bú shùn,I am really unlucky today nothing goes right
5013,大同,Dàtóng,Datong,7,5,大,big,同,same;similar,,,,,大同的云冈石窟很有名,Dàtóng de Yún Gāng Shí Kù hěn yǒu míng,Datong’s Yungang Grottoes are very famous
5014,德里,dé lǐ,Delhi,7,,,,,,,,,,德里有很多古老的建筑,dé lǐ yǒu hěn duō gǔ lǎo de jiàn zhù,Delhi has many ancient buildings
5015,灯泡,dēng pào,light bulb;third wheel,7,2,灯,lamp,泡,bubble,,,,,他们约会还带了个灯泡,tēng pào tā men yuē huì hái dài le gè dēng pào,they even brought a third wheel on their date
5016,蒂华纳,dì huá nà,Tijuana,7,,,,,,,,,,蒂华纳在美墨边境,dìhuánà zài měi mò biānjìng,Tijuana is on the US Mexico border
5017,DQ,dí kù,Dairy Queen,7,,,,,,,,,,DQ的冰淇淋在夏天特别畅销,dí kù de bīng qí lín zài xià tiān tè bié chàng xiāo,Dairy Queen ice cream sells especially well in summer
5018,地狱,dì​ yù,hell,7,2,地球,earth,监狱,prison,,,,,他觉得生活像地狱一样,tā jué dé shēng huó xiàng dì yù yī yàng,he feels life is like hell
5019,地域,dì yù,region;area,7,4,地,land,领域,field,,,,,中国地域辽阔,zhōng guó dì yù liáo kuò,China has a vast territory
5020,笛子,dí zi,bamboo flute,7,,-,,,,,,,,笛子音色清亮。,dí zi yīn sè qīng liàng.,the flute has a clear tone.
5021,电动汽车牌子,diàn dòng qì chē pái zǐ,electric car brand,7,,,,,,,,,,特斯拉是很有名的电动汽车牌子,tè sī lā shì hěn yǒu míng de diàn dòng qì chē pái zi,Tesla is a famous electric car brand
5022,电工,diàn gōng,electrician,7,3,电,electricity,工作,work,,,,,电工正在修理线路。,diàn gōng zhèng zài xiū lǐ xiàn lù.,The electrician is repairing the wiring.
5023,电路,diàn lù,circuit,7,2,电,electric,路,road,,,,,这个电路有点问题,zhège diànlù yǒudiǎn wèntí,there is a problem with this circuit
5024,电驴,diàn lǘ,electric donkey;e-scooter,7,4,电,electric,驴,donkey,,,,,他骑电驴上班。,tā qí diàn lǘ shàng bān,He rides an e-scooter to work.
5025,电眼,diàn yǎn,electric eyes;seductive gaze,7,,,,,,,,,,她有一双迷人的电眼,tā yǒu yī shuāng mírén de diànyǎn,she has a pair of charming electric eyes
5026,掉线,diào xiàn,disconnected;mentally checked out,7,4,掉,drop,线,line,,,,,我刚才打游戏的时候掉线了,wo gangcai da youxi de shihou diaoxian le,I just got disconnected while playing a game
5027,钓鱼网站,diào yú wǎng zhàn,phishing website,7,,,,,,,,,,他差点在钓鱼网站输入了密码,tā chà diǎn zài diào yú wǎng zhàn shū rù le mì mǎ,he almost entered his password on a phishing website
5028,订书机,dìng shū jī,stapler,7,3,预订,place an order,书,book,机,machine,,,订书机把文件订好。,dìng shū jī bǎ wén jiàn dìng hǎo.,the stapler fastens the documents.
5029,钉鞋,dīng xié,spiked shoes;cleats,7,2,钉,nail,鞋子,shoes,,,,,运动员穿着钉鞋参加比赛。,yùn dòng yuán chuān zhe dīng xié cān jiā bǐ sài.,The athlete wore spiked shoes to compete.
5030,冬青,dōng qīng,holly,7,2,冬天,winter,青,blue-green,,,,,冬青在冬天依然保持绿色。,dōng qīng zài dōng tiān yī rán bǎo chí lǜ sè.,Holly stays green even in winter.
5031,东亚,dōng yà,East Asia,7,,,,,,,,,,中国是东亚国家之一。,zhōng guó shì dōng yà guó jiā zhī yī.,China is one of the East Asian countries.
5032,都江堰,dū jiāng yàn,"Dujiangyan Irrigation System (Sichuan), ancient water management project",7,4,都市,city,江,large river,堰,weir;dam,,,都江堰至今仍在使用。,dū jiāng yàn zhì jīn réng zài shǐ yòng,Dujiangyan is still in use today.
5033,独角兽,dú jiǎo shòu,unicorn,7,1,独自,alone,角,horn,兽,beast,,,独角兽常出现在童话中。,dú jiǎo shòu cháng chū xiàn zài tóng huà zhōng.,unicorns often appear in fairy tales.
5034,独木舟,dú mù zhōu,canoe,7,2,单独,alone,木头,wood,舟,boat,,,他们划独木舟过河。,tā men huá dú mù zhōu guò hé.,they paddled a canoe across the river.
5035,肚脐,dù qí,belly button,7,2,肚,belly,脐带,umbilical cord,,,,,宝宝的肚脐很可爱,bǎo bǎo de dù qí hěn kě ài,the baby's belly button is cute
5036,读心术,dú xīn shù,mind reading,7,2,读,read,心,heart,技术,technology,,,读心术只存在于幻想中。,dú xīn shù zhǐ cún zài yú huàn xiǎng zhōng.,mind reading exists only in fantasy.
5037,断亲,duàn qīn,cut off family ties,7,4,断,to break;cut off,亲人,relative,,,,,他决定和家里断亲。,tā jué dìng hé jiā lǐ duàn qīn,He decided to cut off ties with his family.
5038,对号,duì hào,checkmark,7,2,对,right,号,mark,,,,,考试结束后，老师要求大家自己对号。,"kǎo shì jié shù hòu, lǎo shī yào qiú dà jiā zì jǐ duì hào","After the exam, the teacher asked everyone to check the answers themselves."
5039,盾,dùn,shield,7,,,,,,,,,,战士举起盾保护自己。,zhàn shì jǔ qǐ dùn bǎo hù zì jǐ.,The warrior raised his shield to protect himself.
5040,墩,dūn,trick (card game);pier,7,,,,,,,,,,桥上有三个墩,qiáo shàng yǒu sān gè dūn,the bridge has three piers
5041,钝感,dùn gǎn,insensitive;emotionally thick-skinned,7,4,迟钝,dull;slow in one's reactions,情感,emotion,,,,,有时候钝感也是一种能力。,yǒu shí hou dùn gǎn yě shì yì zhǒng néng lì,Sometimes being less sensitive is also an ability.
5042,顿号,dùn hào,enumeration comma (、),7,,,,,,,,,,中文列举词语时要用顿号分隔,zhōng wén liè jǔ cí yǔ shí yào yòng dùn hào fēn gé,"In Chinese, an enumeration comma is used to separate listed items"
5043,多芬,duō fēn,Dove (soap),7,3,多,more,芬芳,fragrance,,,,,多芬的护肤产品很受欢迎。,duō fēn de hù fū chǎn pǐn hěn shòu huān yíng.,dove skincare products are very popular.
5044,多任务,duō rèn wù,multitasking,7,3,多,many,任务,task,,,,,他很擅长多任务处理。,tā hěn shàn cháng duō rèn wù chǔ lǐ,He is good at multitasking.
5045,多音字,duō yīn zì,polyphonetic characters;character with multiple pronunciations and separate meanings,7,3,多,many,音,sound,字,character,,,汉语里有很多多音字比如行,hànyǔ lǐ yǒu hěn duō duōyīnzì bǐrú xíng,Chinese has many polyphonic characters such as xíng
5046,恶毒,è dú,vicious;malicious,7,3,恶,evil,毒,poison,,,,,他说的话很恶毒,tā shuō de huà hěn è dú,What he said was very vicious
5047,鹅黄,é huáng,light yellow,7,3,鹅,goose,黄色,yellow,,,,,鹅黄色给人温暖感,é huáng sè gěi rén wēn nuǎn gǎn,Light yellow feels warm
5048,俄罗斯方块,è luó sī fāng kuài,tetris,7,1,俄罗斯,russia,方块,block,,,,,我小时候很喜欢玩俄罗斯方块,wǒ xiǎo shí hòu hěn xǐ huān wán é luó sī fāng kuài,i liked playing tetris when i was a kid
5049,鄂尔多斯,È’ěrduōsī,Ordos,7,6,鄂,(uncommon),尔多斯,phonetic,,,,,鄂尔多斯以草原风光闻名,È’ěrduōsī yǐ cǎo yuán fēng guāng wén míng,Ordos is famous for its grassland scenery
5050,发胶,fà jiāo,hair gel,7,3,头发,hair,胶水,glue,,,,,他用发胶定型。,tā yòng fà jiāo dìng xíng.,he uses hair gel to style his hair.
5051,发情,fā qíng,in heat,7,3,发,to send out,情,feeling,,,,,他开玩笑说自己像猫一样发情了。,Tā kāiwánxiào shuō zìjǐ xiàng māo yíyàng fāqíng le.,He joked that he’s in heat like a cat.
5052,发热门诊,fā rè mén zhěn,fever clinic,7,,,,,,,,,,发热门诊接待发烧病人,fā rè mén zhěn jiē dài fā shāo bìng rén,The fever clinic receives patients with fever
5053,法师,fǎ shī,mage,7,4,法律,law,大师,master,,,,,法师在战斗中施法,fǎ shī zài zhàn dòu zhōng shī fǎ,The mage cast spells during battle
5054,凡尔赛,fán ěr sài,humblebragging;Versailles,7,,,,,,,,,,她总是说话很凡尔赛,tā zǒng shì shuōhuà hěn fáněrsài,she always humblebrags
5055,范式,fàn shì,normalization (data),7,4,规范,norm,式,style,,,,,数据库设计遵循第三范式,shù jù kù shè jì zūn xún dì sān fàn shì,Database design follows the third normal form
5056,翻新,fān xīn,to refurbish,7,2,翻,flip over,新,new,,,,,房子刚翻新过。,fáng zi gāng fān xīn guò.,The house was just renovated.
5057,方差,fāng chā,variance,7,2,方,square,差异,difference,,,,,方差越大说明数据波动越大,fāng chā yuè dà shuō míng shù jù bō dòng yuè dà,the larger the variance the greater the data fluctuation
5058,放疗科,fàng liáo kē,radiotherapy;radiation oncology,7,,,,,,,,,,放疗科负责癌症放射治疗,fàng liáo kē fù zé ái zhèng fàng shè zhì liáo,The radiotherapy department handles cancer radiation therapy
5059,放疗中心,fàng liáo zhōng xīn,radiotherapy center,7,,,,,,,,,,放疗中心配备先进设备,fàng liáo zhōng xīn pèi bèi xiān jìn shè bèi,The radiotherapy center is equipped with advanced equipment
5060,放屁虫,fàng pì chóng,stink bug,7,2,放屁,fart,虫子,insect,,,,,孩子抓到了一只放屁虫。,hái zi zhuā dào le yì zhī fàng pì chóng,The kid caught a stink bug.
5061,放射科,fàng shè kē,radiology,7,4,放射,radiation,科,department,,,,,放射科负责X光检查,fàng shè kē fù zé X guāng jiǎn chá,The radiology department handles X-ray exams
5062,访问控制,fǎng wèn kòng zhì,access control,7,,,,,,,,,,服务器有访问控制,fú wù qì yǒu fǎng wèn kòng zhì,The server has access control
5063,翡翠绿,fěi cuì lǜ,emerald green,7,4,翡翠,jadeite,绿色,green,,,,,翡翠绿给人高贵感,fěi cuì lǜ gěi rén gāo guì gǎn,Emerald green feels luxurious
5064,肺功,fèi gōng,pulmonary,7,,,,,,,,,,医生检查了他的肺功能,yī shēng jiǎn chá le tā de fèi gōng néng,The doctor checked his lung function
5065,匪徒,fěi tú,bandit;gangster,7,,,,,,,,,,警察抓住了匪徒,jǐng chá zhuā zhù le fěi tú,The police caught the bandit
5066,粉红,fěn hóng,pink red,7,4,粉色,pink,红色,red,,,,,粉红色常见于甜品店,fěn hóng sè cháng jiàn yú tián pǐn diàn,Pink is common in dessert shops
5067,分类,fēn lèi,classification,7,1,分,to divide,类,type,,,,,这个问题可以用分类算法解决,zhè gè wèn tí kě yǐ yòng fēn lèi suàn fǎ jiě jué,this problem can be solved with a classification algorithm
5068,坟墓,fén mù,grave;tomb,7,,-,,,,,,,,这座坟墓已有上百年历史。,zhè zuò fénmù yǐ yǒu shàng bǎi nián lìshǐ,This grave is over a hundred years old.
5069,愤怒的小鸟,fèn nù de xiǎo niǎo,angry birds,7,3,愤怒,anger,的,adjectival suffix,小,small,鸟,bird,愤怒的小鸟曾风靡全球。,fèn nù de xiǎo niǎo céng fēng mí quán qiú.,angry birds once swept the world.
5070,讽刺喜剧,fěng cì xǐ jù,satirical comedy,7,4,讽刺,satire,喜剧,comedy,,,,,讽刺喜剧常反映社会问题。,fěng cì xǐ jù cháng fǎn yìng shè huì wèn tí.,satirical comedy often reflects social issues.
5071,凤凰,fèng huáng,Phoenix,7,,,,,,,,,,凤凰以阳光充足和沙漠风景而闻名。,fèng huáng yǐ yáng guāng chōng zú hé shā mò fēng jǐng ér wén míng.,Phoenix is known for its abundant sunshine and desert scenery.
5072,峰会,fēng huì,summit (meeting),7,3,顶峰,peak,会议,meeting,,,,,多国领导人出席了这次峰会。,duō guó lǐng dǎo rén chū xí le zhè cì fēng huì.,leaders from many countries attended the summit.
5073,疯狂动物城,fēng kuáng dòng wù chéng,Zootopia,7,2,疯狂,crazy,动物,animals,城市,city,,,我周末又看了一遍《疯狂动物城》。,wǒ zhōu mò yòu kàn le yí biàn fēng kuáng dòng wù chéng.,i watched zootopia again over the weekend.
5074,缝纫机,féng rèn jī,sewing machine,7,4,缝纫,to sew,机,machine,,,,,奶奶用缝纫机做衣服,nǎi nai yòng féng rèn jī zuò yī fú,Grandma makes clothes with a sewing machine
5075,风湿免疫科,fēng shī miǎn yì kē,rheumatology and immunology department,7,,,,,,,,,,风湿免疫科治疗关节炎患者,fēng shī miǎn yì kē zhì liáo guān jié yán huàn zhě,The rheumatology department treats arthritis patients
5076,风土人情,fēng tǔ rén qíng,local customs and practices,7,,,,,,,,,,我们要尊重当地的风土人情,Wǒmen yào zūnzhòng dāngdì de fēngtǔ rénqíng,We should respect the local customs and culture
5077,缝隙,fèng xì,crack,7,,,,,,,,,,阳光从窗帘的缝隙照进来,yáng guāng cóng chuāng lián de fèng xì zhào jìn lái,sunlight shines through the gap in the curtain
5078,佛罗里达,fó luó lǐ dá,Florida,7,,,,,,,,,,佛罗里达有很多海滩,fóluólǐdá yǒu hěn duō hǎitān,Florida has many beaches
5079,佛跳墙,fó tiào qiáng,Buddha Jumps Over the Wall (seafood dish),7,5,佛,Buddha,跳,to jump,墙,wall,,,佛跳墙是一道名贵的菜,fó tiào qiáng shì yī dào míng guì de cài,Buddha Jumps Over the Wall is a famous delicacy
5080,复旦大学,fù dàn dà xué,fudan university,7,4,恢复,to recover;reinstate,元旦,New Years Day,大学,university,,,复旦大学在上海。,fù dàn dà xué zài shàng hǎi.,fudan university is in shanghai.
5081,复活节,fù huó jié,Easter,7,1,重复,repeat,生活,life,节日,festival,,,很多国家都会庆祝复活节。,hěn duō guó jiā dōu huì qìng zhù fù huó jié.,Many countries celebrate Easter.
5082,服务台,fú wù tái,service desk,7,,,,,,,,,,请到服务台咨询,qǐng dào fú wù tái zī xún,Please ask at the service desk
5083,阜阳,Fùyáng,Fuyang,7,5,阜,mound,阳光,sunlight,,,,,阜阳是安徽省西北部的重要城市。,fù yáng shì ān huī shěng xī běi bù de zhòng yào chéng shì,Fuyang is an important city in the northwest of Anhui Province.
5084,福州,Fúzhōu,Fuzhou,7,4,幸福,happiness,州,state,,,,,福州的三坊七巷保存了许多古老的建筑。,fú zhōu de sān fāng qī xiàng bǎo cún le xǔ duō gǔ lǎo de jiàn zhù,Fuzhou’s Sanfang Qixiang preserves many ancient buildings.
5085,钙,gài,calcium,7,,,,,,,,,,牛奶富含钙,niú nǎi fù hán gài,Milk is rich in calcium
5086,改建,gǎi jiàn,to remodel;rebuild;renovate,7,2,改变,change,建设,build,,,,,这栋楼将被改建。,zhè dòng lóu jiāng bèi gǎi jiàn,This building will be renovated.
5087,肝病门诊,gān bìng mén zhěn,liver disease clinic,7,,,,,,,,,,他去肝病门诊做检查,tā qù gān bìng mén zhěn zuò jiǎn chá,He went to the liver disease clinic for an exam
5088,肝胆胰外科,gān dǎn yí wài kē,hepatobiliary and pancreatic surgery department,7,4,肝脏,liver,胆囊,gall bladder,胰腺,pancreas,外科,surgery department,肝胆胰外科的技术非常先进。,gān dǎn yí wài kē de jì shù fēi cháng xiān jìn。,The hepatobiliary and pancreatic surgery department has advanced techniques。
5089,甘地,gān dì,Mahatma Gandhi,7,,-,,,,,,,,甘地倡导非暴力。,gān dì chàng dǎo fēi bào lì.,gandhi advocated nonviolence.
5090,干旱,gān hàn,drought,7,,-,,,,,,,,干旱影响农业。,gān hàn yǐng xiǎng nóng yè.,drought affects agriculture.
5091,干活,gàn huó,to work manual labor,7,3,干嘛,what to do,生活,life,,,,,他一个人能把所有活都干完,tā yí gè rén néng bǎ suǒ yǒu huó dōu gàn wán,He can finish all the work alone
5092,杠杆,gàng gǎn,lever;financial leverage,7,,,,,,,,,,这个工具就像杠杆一样,zhè gè gōng jù jiù xiàng gàng gǎn yī yàng,This tool works like a lever
5093,钢铁侠,gāng tiě xiá,Iron Man,7,4,钢铁,steel,侠,knight;hero,,,,,钢铁侠依靠高科技战斗。,gāng tiě xiá yī kào gāo kē jì zhàn dòu.,iron man fights using high technology.
5094,赣州,Gànzhōu,Ganzhou,7,4,赣江,Gan River,州,state,,,,,赣州是一座有着深厚客家文化的城市。,gàn zhōu shì yī zuò yǒu zhe shēn hòu kè jiā wén huà de chéng shì,Ganzhou is a city with deep Hakka cultural roots.
5095,搞对象,gǎo duì xiàng,to be seeing someone,7,,,,,,,,,,他终于搞对象了。,tā zhōng yú gǎo duì xiàng le.,He finally got a partner.
5096,高尔夫球杆,gāo ěr fū qiú gǎn,golf club,7,3,高尔夫,golf,球,ball,杆,rod,,,他新买了一根高尔夫球杆。,tā xīn mǎi le yī gēn gāo ěr fū qiú gǎn.,He bought a new golf club.
5097,睾丸酮,gāo wán tóng,testosterone,7,3,睾丸,testicle,酮,ketone,,,,,医生抽血检查睾丸酮水平,yīshēng chōuxuè jiǎnchá gāowán tóng shuǐpíng,the doctor drew blood to check testosterone levels
5098,割韭菜,gē jiǔ cài,get exploited,7,3,割,cut,韭菜,chives,,,,,股市里很多人被割韭菜,gǔshì lǐ hěn duō rén bèi gē jiǔcài,many people are exploited in the stock market
5099,歌剧魅影,gē jù mèi yǐng,phantom of the opera,7,4,歌剧,opera,魅影,phantom,,,,,歌剧魅影很受欢迎。,gē jù mèi yǐng hěn shòu huān yíng.,the phantom of the opera is popular.
5100,跟风,gēn fēng,follow the trend,7,3,跟,to follow,风,wind,,,,,很多人喜欢跟风,hěnduō rén xǐhuān gēnfēng,Many people like to follow the trend
5101,跟踪,gēn zōng,to stalk,7,3,跟着,to follow,失踪,to be missing,,,,,有人在后面跟踪我。,yǒu rén zài hòu miàn gēn zōng wǒ,Someone was following me.
5102,公安,gōng ān,public security,7,,,,,,,,,,有事就找公安,youshi jiu zhao gongan,If something happens go to the police
5103,工具猫,gōng jù māo,"cat who only wants food, not love",7,,,,,,,,,,他家的猫是个工具猫每天只要吃的，从不理他。,tā jiā de māo shì gè gōng jù māo，měi tiān zhǐ yào chī de，cóng bù lǐ tā.,His cat is a Tool Cat，it only wants food every day and never pays attention to him.
5104,恭王府,gōng wáng fǔ,"Prince Gong Mansion (Beijing), historic Qing dynasty mansion",7,4,恭敬,congrats,王子,prince,府,mansion,,,恭王府保存得比较完整。,gōng wáng fǔ bǎo cún de bǐ jiào wán zhěng,Prince Gong’s Mansion is well preserved.
5105,狗熊,gǒu xióng,black bear,7,3,狗,dog,熊,bear,,,,,山里有一只大狗熊,shān lǐ yǒu yī zhī dà gǒu xióng,there is a big bear in the mountains
5106,谷爱凌,gǔ ài líng,Eileen Gu,7,,-,,,,,,,,谷爱凌在冬奥会上表现出色。,gǔ ài líng zài dōng ào huì shàng biǎo xiàn chū sè.,eileen gu performed excellently at the winter olympics.
5107,孤儿,gū ér,orphan,7,1,孤独,lonely,儿童,child,,,,,这个故事讲的是一个孤儿的成长。,zhè gè gù shì jiǎng de shì yí gè gū ér de chéng zhǎng。,The story is about an orphan’s growth.
5108,姑妈,gū mā,aunt;father’s sister (formal),7,3,姑姑,father’s sister,妈,mom,,,,,姑妈常常寄土特产给我,gū mā cháng cháng jì tǔ tè chǎn gěi wǒ,My aunt often sends me local specialties
5109,姑嫂,gū sǎo,sister-in-law relationship,7,5,姑姑,aunt,嫂子,sister-in-law,,,,,她们的姑嫂关系很好。,tāmen de gūsǎo guānxì hěn hǎo,Their sister-in-law relationship is very good.
5110,古铜色,gǔ tóng sè,bronze color,7,3,古代,ancient,铜,copper,颜色,color,,,古铜色肌肤很健康,gǔ tóng sè jī fū hěn jiàn kāng,Bronze skin looks healthy
5111,骨头库巴,gǔ tóu kù bā,Dry Bones,7,,,,,,,,,,骨头库巴掷出了特殊骰子,gǔ tóu kù bā zhì chū le tè shū shǎi zi,Dry Bones rolled a special dice
5112,管家,guǎn jiā,butler,7,2,管理,manage,家庭,family,,,,,酒店有专属管家服务。,jiǔ diàn yǒu zhuān shǔ guǎn jiā fú wù.,The hotel provides dedicated butler service.
5113,观望,guān wàng,to wait and see,7,4,观察,observe,希望,hope,,,,,很多人选择观望。,hěn duō rén xuǎn zé guān wàng,Many choose to wait and see.
5114,官宣,guān xuān,make relationship public,7,3,官,official,宣布,to announce,,,,,他们昨天终于官宣了恋情,tāmen zuótiān zhōngyú guān xuān le liànqíng,they finally made their relationship official yesterday
5115,贵族,guì zú,nobility,7,2,贵,expensive,民族,ethnic group,,,,,他出生于贵族家庭。,tā chū shēng yú guì zú jiā tíng.,He was born into a noble family.
5116,规格型号,guīgé xínghào,Specification model,7,,,,,,,,,,-,-,-
5117,锅铲,guō chǎn,spatula,7,2,锅,pot,铲子,shovel,,,,,他用锅铲翻炒蔬菜,tā yòng guōchǎn fānchǎo shūcài,he used a spatula to stir fry vegetables
5118,国防,guó fáng,national defense,7,4,国家,country,防御,defense,,,,,国防安全是国家安全的重要组成部分。,guó fáng ān quán shì guó jiā ān quán de zhòng yào zǔ chéng bù fèn.,national defense is an important part of national security.
5119,国际足联,guó jì zú lián,FIFA,7,3,国际,international,足球,football,联合,union,,,国际足联举办了世界杯。,guó jì zú lián jǔ bàn le shì jiè bēi.,FIFA organized the World Cup.
5120,国家地理,guó jiā dì lǐ,national geographic,7,3,国家,nation,地理,geography,,,,,国家地理杂志很有名。,guó jiā dì lǐ zá zhì hěn yǒu míng.,national geographic is well known.
5121,过拟合,guò nǐ hé,overfitting,7,2,过度,excessive,模拟,simulation;imitation,适合,to fit,,,如果模型过拟合它在新数据上表现会很差,rú guǒ mó xíng guò nǐ hé tā zài xīn shù jù shàng biǎo xiàn huì hěn chà,if the model is overfitted it will perform badly on new data
5122,哈利波特,hā lì bō tè,Harry Potter,7,,-,,,,,,,,哈利波特深受青少年喜爱。,hā lì bō tè shēn shòu qīng shào nián xǐ ài.,harry potter is loved by teenagers.
5123,海飞丝,hǎi fēi sī,Head & Shoulders,7,4,海,sea,飞,fly,丝,silk,,,他用海飞丝洗头。,tā yòng hǎi fēi sī xǐ tóu.,he uses head & shoulders shampoo.
5124,海螺沟,hǎi luó gōu,"Hailuogou Glacier (Sichuan), glacier and scenic valley",7,3,海洋,sea,螺,spiral shell,沟,ditch,,,海螺沟可以看到冰川。,hǎi luó gōu kě yǐ kàn dào bīng chuān,You can see glaciers in Hailuogou.
5125,海王星,hǎi wáng xīng,Neptune,7,2,海,sea,王,king,星,star,,,海王星气候寒冷。,hǎi wáng xīng qì hòu hán lěng.,neptune has a cold climate.
5126,旱冰鞋,hàn bīng xié,roller skates,7,2,干旱,drought,冰,ice,鞋,shoes,,,他穿着旱冰鞋在广场上滑行,tā chuānzhuó hàn bīngxié zài guǎngchǎng shàng huáxíng,He is skating in the square wearing roller skates
5127,邯郸,Hándān,Handan,7,6,邯,(uncommon),郸,(uncommon),,,,,"邯郸历史悠久, 是文化古城",Hándān lì shǐ yōu jiǔ，shì wén huà gǔ chéng,Handan has a long history and is an ancient cultural city
5128,好心人,hǎo xīn rén,good samaritan;good hearted person,7,,,,,,,,,,幸亏有个好心人帮忙,Xìngkuī yǒu gè hǎoxīnrén bāngmáng,Fortunately a kind person helped
5129,蚝油,háo yóu,oyster sauce,7,4,蚝,oyster,油,oil,,,,,炒菜时可以加一点蚝油。,chǎo cài shí kě yǐ jiā yì diǎn háo yóu.,You can add a bit of oyster sauce when stir-frying.
5130,盒饭,hé fàn,box lunch,7,4,盒,box,饭,meal,,,,,我买了一个盒饭,wǒ mǎi le yī gè hé fàn,I bought a boxed meal
5131,荷花,hé huā,lotus,7,,-,,,,,,,,荷花在池塘里开放。,hé huā zài chí táng lǐ kāi fàng.,lotus flowers bloom in ponds.
5132,河内,hé nèi,Hanoi,7,,,,,,,,,,河内是越南的首都,hé nèi shì yuè nán de shǒu dū,Hanoi is the capital of Vietnam
5133,核心运动,hé xīn yùn dòng,core exercise,7,,,,,,,,,,平板支撑是一种很好的核心运动,píngbǎn zhīchēng shì yī zhǒng hěn hǎo de héxīn yùndòng,Planking is a very good core exercise
5134,核医学科,hé yī xué kē,nuclear medicine,7,4,核心,nucleus;core,医,medicine,学科,science,,,核医学科进行放射性检查,hé yī xué kē jìn xíng fàng shè xìng jiǎn chá,The nuclear medicine department conducts radioactive scans
5135,黑豹,hēi bào,Black Panther,7,4,黑,black,豹,panther,,,,,黑豹的战衣非常先进。,hēi bào de zhàn yī fēi cháng xiān jìn.,black panther’s suit is very advanced.
5136,黑产,hēi chǎn,illegal industry,7,3,黑,black,产品,product,,,,,警方正在打击网络黑产。,jǐng fāng zhèng zài dǎ jī wǎng luò hēi chǎn.,The police are cracking down on cybercrime industries.
5137,黑五,hēi wǔ,black friday,7,4,黑,black,周五,Friday,,,,,黑五的时候很多商品会打折。,hēi wǔ de shí hou hěn duō shāng pǐn huì dǎ zhé,Many products go on sale during Black Friday.
5138,黑眼圈,hēi yǎn quān,dark circles under the eyes,7,3,黑,black,眼睛,eye,圆圈,circle,,,最近熬夜，黑眼圈很重。,"zuì jìn áo yè, hēi yǎn quān hěn zhòng.","I've been staying up late, so my dark circles are bad."
5139,很卡,hěn kǎ,very stuck,7,,,,,,,,,,这个软件很卡,zhè gè ruǎnjiàn hěn kǎ,This software is laggy
5140,衡阳,Héngyáng,Hengyang,7,4,平衡,balance,阳光,sunlight,,,,,衡阳有南岳衡山景区,Héngyáng yǒu Nán Yuè Héng Shān jǐng qū,Hengyang has the Nanyue Hengshan scenic area
5141,菏泽,Hézé,Heze,7,4,菏,He river,毛泽东,Mao Zedong,,,,,菏泽被誉为中国的“牡丹之都”。,hé zé bèi yù wéi zhōng guó de “mǔ dān zhī dū”,Heze is known as China’s “Peony Capital.”
5142,哄,hǒng,to soothe (someone upset),7,,-,,,,,,,,孩子哭了很久才被哄好。,hái zi kū le hěn jiǔ cái bèi hǒng hǎo,The child cried for a long time before being comforted.
5143,红宝石,hóng bǎo shí,ruby,7,2,红,red,宝石,gem,,,,,红宝石象征着热情。,hóng bǎo shí xiàng zhēng zhe rè qíng.,rubies symbolize passion.
5144,红遍,hóng biàn,became extremely popular,7,4,网红,internet celebrity,普遍,universal,,,,,这部剧一播出就红遍全国。,zhè bù jù yí bō chū jiù hóng biàn quán guó.,the show became famous nationwide once it aired.
5145,红龟壳,hóng guī ké,red shell,7,,,,,,,,,,红龟壳会自动追踪对手,hóng guī ké huì zì dòng zhuī zōng duì shǒu,the red shell will automatically chase opponents
5146,红海,hóng hǎi,red sea,7,4,红,red,海,sea,,,,,红海以珊瑚闻名。,hóng hǎi yǐ shān hú wén míng.,the red sea is famous for coral.
5147,红楼梦,hóng lóu mèng,Dream of the Red Chamber,7,4,红,red,楼,building,梦,dream,,,红楼梦是中国古典文学名著。,hóng lóu mèng shì zhōng guó gǔ diǎn wén xué míng zhù.,dream of the red chamber is a classic of chinese literature.
5148,红提,hóng tí,red grapes,7,3,红,red,提,hold in hand,,,,,我买了一斤红提,wǒ mǎi le yī jīn hóng tí,i bought a kilo of red grapes
5149,洪崖洞,hóng yá dòng,"Hongya Cave (Chongqing), riverside entertainment and historic area",7,3,洪水,flood,悬崖,cliff,山洞,cave,,,洪崖洞夜景很适合拍照。,hóng yá dòng yè jǐng hěn shì hé pāi zhào,Hongyadong’s night view is great for photos.
5150,后空翻,hòu kōng fān,backflip,7,4,后,back,空中,in the air,翻转,to flip,,,他在舞台上做了个后空翻,tā zài wǔ tái shàng zuò le gè hòu kōng fān,He did a backflip on stage
5151,后面,hòu miàn,backside;behind,7,,,,,,,,,,他说你可以从后面看得更清楚,tā shuō nǐ kěyǐ cóng hòumiàn kàn de gèng qīngchu,he said you can see more clearly from the back
5152,候鸟老人,hòu niǎo lǎo rén,migratory elderly,7,3,气候,climate,鸟,bird,老人,old person,,,很多候鸟老人冬天去南方。,hěn duō hòu niǎo lǎo rén dōng tiān qù nán fāng.,Many elderly migrate south in winter.
5153,后续,hòu xù,follow-up,7,2,后,after,继续,continue,,,,,后续情况我会通知你。,hòu xù qíng kuàng wǒ huì tōng zhī nǐ.,I'll update you on the follow-up.
5154,槲寄生,hú jì shēng,mistletoe,7,3,槲,Mongolian oak,寄托,to place one's hope in;entrust,生活,life,,,槲寄生常出现在节日装饰中,hújìshēng cháng chūxiàn zài jiérì zhuāngshì zhōng,Mistletoe often appears in holiday decor
5155,壶口古镇,hú kǒu gǔ zhèn,"Hukou Ancient Town (Shanxi), town near Hukou Waterfall",7,4,壶,pot,口,opening,古镇,ancient town,,,壶口古镇靠近黄河。,hú kǒu gǔ zhèn kào jìn huáng hé,Hukou Ancient Town is near the Yellow River.
5156,互联网思维,hù lián wǎng sī wéi,internet mindset,7,4,互联网,internet,思维,thinking,,,,,做生意也要有互联网思维。,zuò shēng yì yě yào yǒu hù lián wǎng sī wéi.,doing business also requires an internet mindset.
5157,琥珀色,hǔ pò sè,amber color,7,4,琥珀,amber,颜色,color,,,,,琥珀色灯光很温暖,hǔ pò sè dēng guāng hěn wēn nuǎn,Amber lighting feels warm
5158,呼吸机,hū xī jī,ventilator,7,1,呼吸,breathe,机,machine,,,,,重症患者需要呼吸机。,zhòng zhèng huàn zhě xū yào hū xī jī.,critical patients need ventilators.
5159,呼吸内科,hū xī nèi kē,respiratory medicine,7,2,呼吸,breathe,内科,internal medicine,,,,,呼吸内科收治哮喘患者,hū xī nèi kē shōu zhì xiào chuǎn huàn zhě,The respiratory medicine department treats asthma patients
5160,胡志明市,hú zhì míng shì,Ho Chi Minh City,7,,,,,,,,,,胡志明市在越南南部,hú zhì míng shì zài yuè nán nán bù,Ho Chi Minh City is in southern Vietnam
5161,花痴,huā chī,fangirl;infatuated,7,2,花,pretty,白痴,idiot,,,,,她看到偶像就变成花痴了,tā kàn dào ǒu xiàng jiù biàn chéng huā chī le,She turns into a fangirl when she sees her idol
5162,化学反应,huà xué fǎn yìng,chemical reaction,7,,,,,,,,,,这两个元素会发生化学反应,Zhè liǎng gè yuánsù huì fāshēng huàxué fǎnyìng,These two elements will undergo a chemical reaction
5163,花砖,huā zhuān,decorative tile,7,3,花朵,flower,砖头,brick,,,,,地上铺着彩色花砖。,dì shàng pū zhe cǎi sè huā zhuān.,The floor is paved with decorative tiles.
5164,淮安,Huái’ān,Huaian,7,5,淮河,Huai river,安,safe,,,,,淮安是周恩来的故乡,Huái’ān shì Zhōu Ēn Lái de gù xiāng,Huaian is the hometown of Zhou Enlai
5165,淮南,Huáinán,Huainan,7,5,淮河,Huai river,南,south,,,,,淮南以煤炭资源丰富闻名,Huáinán yǐ méi tàn zī yuán fēng fù wén míng,Huainan is famous for its rich coal resources
5166,环保少女,huán bǎo shào nǚ,environmental girl;Greta Thunberg,7,3,环保,environmentally friendly,少女,maiden,,,,,她被称为环保少女。,tā bèi chēng wéi huán bǎo shào nǚ,She is called the environmental girl.
5167,幻想,huàn xiǎng,fantasy;delusion,7,,,,,,,,,,她沉浸在自己的幻想中,Tā chénjìn zài zìjǐ de huànxiǎng zhōng,She is immersed in her own fantasies
5168,换鞋凳,huàn xié dèng,shoe-changing stool,7,3,换,change,鞋子,shoes,凳子,stool,,,门口放着一个换鞋凳。,mén kǒu fàng zhe yí gè huàn xié dèng,There is a shoe-changing stool by the door.
5169,换药室,huàn yào shì,dressing change room,7,,,,,,,,,,请到换药室换药,qǐng dào huàn yào shì huàn yào,Please go to the dressing room for wound care
5170,黄蜂,huáng fēng,wasp,7,2,黄,yellow,蜜蜂,bee,,,,,花园里有一只黄蜂,Huāyuán lǐ yǒu yì zhī huángfēng,There is a wasp in the garden
5171,黄海,huáng hǎi,yellow sea,7,4,黄,yellow,海,sea,,,,,黄海位于中国东部。,huáng hǎi wèi yú zhōng guó dōng bù.,the yellow sea lies east of china.
5172,呼和浩特,Hūhéhàotè,Hohhot,7,6,呼,to call,和,and,浩特,phonetic sounds,,,呼和浩特是内蒙古的首府,Hūhéhàotè shì Nèi Měnggǔ de shǒu fǔ,Hohhot is the capital of Inner Mongolia
5173,回归,huí guī,regression;to return to,7,,,,,,,,,,房价预测经常用到回归模型,fáng jià yù cè jīng cháng yòng dào huí guī mó xíng,regression models are often used in housing price prediction
5174,惠州,Huìzhōu,Huizhou,7,4,优惠,discount;privilege,州,state,,,,,惠州有美丽的西湖景区,Huìzhōu yǒu měi lì de Xī Hú jǐng qū,Huizhou has the beautiful West Lake scenic area
5175,火山爆发,huǒ shān bào fā,volcanic eruption,7,4,火山,volcano,爆发,erupt,,,,,火山爆发影响巨大。,huǒ shān bào fā yǐng xiǎng jù dà.,volcanic eruptions have huge impact.
5176,火焰山,huǒ yàn shān,"Flaming Mountains (Xinjiang), desert mountains from classic tales",7,4,火焰,flame,山,mountain,,,,,火焰山夏天非常炎热。,huǒ yàn shān xià tiān fēi cháng yán rè,Flaming Mountains are extremely hot in summer.
5177,基层,jī céng,grassroots,7,2,基础,foundation,层,level,,,,,他从基层做起。,tā cóng jī céng zuò qǐ。,He started from the grassroots level.
5178,肌电图,jī diàn tú,electromyography;EMG,7,,肌,muscle,电,electricity,图表,chart,,,医生要求做肌电图检查,yī shēng yāo qiú zuò jī diàn tú jiǎn chá,The doctor ordered an EMG test
5179,基督,jī dū,Christ,7,3,基本,basic,监督,to supervise,,,,,他们信仰基督,tā men xìn yǎng jī dū,they believe in christ
5180,饥饿营销,jī è yíng xiāo,hunger marketing,7,4,饥饿,hunger,营销,marketing,,,,,这家公司常用饥饿营销。,zhè jiā gōng sī cháng yòng jī è yíng xiāo。,This company often uses hunger marketing.
5181,基辅,jī fǔ,Kiev,7,,,,,,,,,,基辅是乌克兰的重要城市,jī fǔ shì wū kè lán de zhòng yào chéng shì,Kyiv is an important city in Ukraine
5182,机库,jī kù,hangar,7,1,飞机,plane,仓库,warehouse,,,,,飞机停在机库里。,fēi jī tíng zài jī kù lǐ。,The aircraft is parked in the hangar.
5183,吉隆坡,jí lóng pō,Kuala Lumpur,7,,,,,,,,,,吉隆坡有很多摩天大楼,jí lóng pō yǒu hěn duō mó tiān dà lóu,Kuala Lumpur has many skyscrapers
5184,肌肉记忆,jī ròu jì yì,muscle memory,7,,,,,,,,,,写字靠的是肌肉记忆,Xiězì kào de shì jīròu jìyì,Writing relies on muscle memory
5185,计时赛,jì shí sài,time trial,7,,,,,,,,,,欢迎来到计时赛,huān yíng lái dào jì shí sài,welcome to time trial mode
5186,奇数,jī shù,odd number,7,,,,,,,,,,五是一个奇数,wǔ shì yī gè jīshù,five is an odd number
5187,价保,jià bǎo,price protection,7,4,价格,price,保护,protect,,,,,这个商品支持价保。,zhè ge shāng pǐn zhī chí jià bǎo.,This product offers price protection.
5188,假客气,jiǎ kè qì,false politeness,7,,,,,,,,,,别跟我假客气了,Bié gēn wǒ jiǎ kèqì le,Don’t be falsely polite with me
5189,加勒比海,jiā lè bǐ hǎi,caribbean sea,7,,-,,,,,,,,加勒比海风景迷人。,jiā lè bǐ hǎi fēng jǐng mí rén.,the caribbean sea is beautiful.
5190,家乐福,jiā lè fú,Carrefour,7,4,家,home,快乐,happy,丰富,happiness,,,家乐福常常有折扣活动,jiā lè fú cháng cháng yǒu zhé kòu huó dòng,Carrefour often has discount events
5191,甲壳虫,jiǎ qiào chóng,beetle;The Beetles,7,3,指甲,fingernail,壳,shell,虫,insect,,,那只甲壳虫在树叶上慢慢爬行,nà zhī jiǎ qiào chóng zài shù yè shàng màn màn pá xíng,The beetle crawled slowly on the leaf
5192,加速计,jiā sù jì,accelerometer,7,2,加,to add,速,speed,计,to calculate,,,加速计可以测加速度。,jiā sù jì kě yǐ cè jiā sù dù.,an accelerometer measures acceleration.
5193,加油站,jiā yóu zhàn,boost pad;gas station,7,,,,,,,,,,驶过加油站获得速度,shǐ guò jiā yóu zhàn huò dé sù dù,drive over the boost pad to gain speed
5194,嘉峪关,jiā yù guān,"Jiayuguan Pass (Gansu), western end of the Great Wall",7,4,嘉宾,esteemed guest,峪,valley,关,mountain pass,,,嘉峪关是丝路要塞。,jiā yù guān shì sī lù yào sài,Jiayuguan was a key Silk Road fortress.
5195,夹杂,jiā zá,mix together,7,3,文件夹,folder,杂种,hybrid,,,,,他说话时夹杂着英语。,tā shuō huà shí jiā zá zhe yīng yǔ,He mixes English into his speech.
5196,间断性,jiàn duàn xìng,intermittent,7,2,时间,time,打断,interrupt,性,nature;property,,,他的疼痛是间断性的。,tā de téng tòng shì jiàn duàn xìng de.,His pain is intermittent.
5197,间隔号,jiàn gé hào,middle dot (·),7,4,间隔,interval,号,mark,,,,,外文人名之间通常用间隔号分开,wài wén rén míng zhī jiān tōng cháng yòng jiàn gé hào fēn kāi,Foreign names are usually separated by a middle dot
5198,监控系统,jiān kòng xì tǒng,monitoring system,7,,,,,,,,,,监控系统发现了可疑活动,jiān kòng xì tǒng fā xiàn le kě yí huó dòng,the monitoring system detected suspicious activity
5199,剑术,jiàn shù,fencing;swordsmanship,7,3,剑,sword,艺术,art,,,,,他练习剑术多年。,tā liàn xí jiàn shù duō nián。,He has practiced swordsmanship for years.
5200,见外,jiàn wài,to be polite as an outsider;regard someone as an outsider,7,4,见,see,外,outside;foreign,,,,,都是朋友别见外。,dōu shì péng you bié jiàn wài.,We're friends so don't be so formal.
5201,检验科,jiǎn yàn kē,laboratory department,7,,,,,,,,,,检验科负责血液和尿液检测,jiǎn yàn kē fù zé xuè yè hé niào yè jiǎn cè,The lab department handles blood and urine tests
5202,见证人,jiàn zhèng rén,witness,7,2,见,see,证明,proof,人,person,,,他是案件的见证人,tā shì ànjiàn de jiànzhèng rén,He is a witness of the case
5203,姜饼屋,jiāng bǐng wū,gingerbread house,7,4,姜,ginger,饼干,biscuit,屋,room,,,桌上摆着一个姜饼屋,zhuō shàng bǎizhe yí gè jiāngbǐng wū,A gingerbread house sits on the table
5204,江浙沪独生女,jiāng zhè hù dú shēng nǚ,only daughter from Jiangsu Zhejiang or Shanghai,7,4,江浙沪,"Jiangsu, Zhejiang, and Shanghai",单独,alone,出生,born,女儿,daughter,网上经常讨论江浙沪独生女。,wǎng shàng jīng cháng tǎo lùn jiāng zhè hù dú shēng nǚ.,People often discuss only daughters from Jiangsu Zhejiang and Shanghai online.
5205,酱紫,jiàng zǐ,plum purple,7,4,酱,sauce,紫色,purple,,,,,酱紫色很成熟,jiàng zǐ sè hěn chéng shú,Plum purple feels mature
5206,江门,Jiāngmén,Jiangmen,7,3,江,river,门,gate,,,,,江门有许多侨乡文化,Jiāngmén yǒu xǔ duō qiáo xiāng wén huà,Jiangmen has many overseas Chinese cultural sites
5207,搅拌,jiǎo bàn,to stir,7,3,打搅,to disturb,拌,mix,,,,,把材料搅拌均匀。,bǎ cái liào jiǎo bàn jūn yún,Stir the ingredients evenly.
5208,搅拌机,jiǎo bàn jī,blender,7,1,搅拌,to stir,机,machine,,,,,厨房里有搅拌机,chú fáng lǐ yǒu jiǎo bàn jī,There is a blender in the kitchen
5209,交叉验证,jiāo chā yàn zhèng,cross-validation,7,4,交叉,to cross;intersect,验证,to verify,,,,,交叉验证能帮助提高模型稳定性,jiāo chā yàn zhèng néng bāng zhù tí gāo mó xíng wěn dìng xìng,cross validation helps improve model stability
5210,侥幸,jiǎo xìng,wishful thinking;put faith in luck;by chance,7,,-,,,,,,,,他侥幸逃过一劫。,tā jiǎo xìng táo guò yí jié。,He narrowly escaped disaster.
5211,交易监控,jiāo yì jiān kòng,transaction monitoring,7,,,,,,,,,,交易监控系统发出警报,jiāo yì jiàn kòng xì tǒng fā chū jǐng bào,The transaction monitoring system raised an alert
5212,嘉兴,Jiāxīng,Jiaxing,7,4,嘉宾,esteemed guest,高兴,happy,,,,,嘉兴以粽子闻名,Jiāxīng yǐ zòng zi wén míng,Jiaxing is famous for its zongzi
5213,家用化学品,jiāyòng huàxué pǐn,Household chemicals,7,,,,,,,,,,家用化学品要注意存放,jiayong huaxuepin yao zhuyi cunfang,Household chemicals must be stored carefully
5214,解放,jiě fàng,liberation,7,3,解决,to resolve,放开,to free;let go,,,,,这个国家经历了独立和解放,zhè gè guó jiā jīng lì le dú lì hé jiě fàng,The country went through independence and liberation
5215,解放军,jiě fàng jūn,People's Liberation Army,7,4,解放,to liberate,军队,army,,,,,他曾在解放军服役。,tā céng zài jiě fàng jūn fú yì.,He once served in the PLA.
5216,解雇,jiě gù,to fire;terminate,7,3,解决,to resolve,雇佣,to employ,,,,,公司决定解雇他,Gōngsī juédìng jiěgù tā,The company decided to fire him
5217,睫毛膏,jié máo gāo,mascara,7,2,睫毛,eyelash,膏,paste,,,,,她每天都会涂睫毛膏。,tā měi tiān dōu huì tú jié máo gāo.,She wears mascara every day.
5218,洁癖,jié pǐ,OCD,7,3,清洁,clean,癖,craving;habit,,,,,他有严重的洁癖,tā yǒu yán zhòng de jié pǐ,He has a serious cleanliness obsession
5219,节日装饰,jié rì zhuāng shì,holiday decorations,7,4,节日,festival,装饰,decoration,,,,,家里换上了节日装饰,jiālǐ huàn shàng le jiérì zhuāngshì,The home has holiday decorations
5220,解压,jiě yā,unzip;relieve stress,7,3,解决,resolve,压力,pressure,,,,,听音乐可以解压。,tīng yīn yuè kě yǐ jiě yā.,Listening to music can relieve stress.
5221,捷运,jié yùn,Taiwan metro term,7,4,快捷,fast,运动,to move;exercise,,,,,我们坐捷运去市中心。,wǒ men zuò jié yùn qù shì zhōng xīn.,We took the MRT downtown.
5222,结直肠外科,jié zhí cháng wài kē,colorectal surgery,7,3,结,knot,直,straight,肠,intestines,外科,surgery,结直肠外科专治肠道疾病。,jié zhí cháng wài kē zhuān zhì cháng dào jí bìng。,The colorectal surgery department specializes in intestinal diseases。
5223,吉林,Jílín,Jilin,7,4,吉,lucky,林,woods,,,,,吉林的雾凇景观很美,Jílín de wù sōng jǐng guān hěn měi,The rime scenery in Jilin is beautiful
5224,金黄,jīn huáng,golden yellow,7,4,黄金,gold,黄色,yellow,,,,,稻田呈现金黄颜色,dào tián chéng xiàn jīn huáng yán sè,The fields turn golden
5225,金属,jīn shǔ,metal,7,,,,,,,,,,这把刀是金属做的,zhe ba dao shi jinshu zuo de,This knife is made of metal
5226,金星,jīn xīng,Venus,7,2,黄金,gold,星,star,,,,,金星是太阳系行星之一。,jīn xīng shì tài yáng xì xíng xīng zhī yī.,venus is one of the planets in the solar system.
5227,金鱼,jīn yú,goldfish,7,4,金,gold,鱼,fish,,,,,鱼缸里养着金鱼。,yú gāng lǐ yǎng zhe jīn yú.,there are goldfish in the tank.
5228,金州勇士,jīn zhōu yǒng shì,Golden State Warriors,7,4,金,gold,州,state,勇士,warrior,,,金州勇士打法快速。,jīn zhōu yǒng shì dǎ fǎ kuài sù.,the warriors play fast-paced basketball.
5229,金字塔,jīn zì tǎ,Pyramids,7,3,金,gold,字,character,塔,tower,,,埃及的金字塔举世闻名。,āi jí de jīn zì tǎ jǔ shì wén míng.,the pyramids of egypt are world famous.
5230,敬酒,jìng jiǔ,propose a toast,7,,,,,,,,,,年轻人先向长辈敬酒,nián qīng rén xiān xiàng zhǎng bèi jìng jiǔ,the younger people toast the elders first
5231,京剧,jīng jù,Peking opera,7,5,北京,Beijing,戏剧,drama,,,,,京剧是中国的传统艺术,jīng jù shì zhōng guó de chuán tǒng yì shù,Peking opera is a traditional Chinese art
5232,精灵,jīng líng,elf,7,3,精彩,wonderful,灵魂,soul,,,,,精灵在奇幻故事中很常见。,jīng líng zài qí huàn gù shì zhōng hěn cháng jiàn.,elves are common in fantasy stories.
5233,精确率,jīng què lǜ,precision,7,4,精确的,precise,率,rate,,,,,精确率低可能意味着很多误报,jīng què lǜ dī kě néng yì wèi zhe hěn duō wù bào,low precision may mean there are many false alarms
5234,精神卫生科,jīng shén wèi shēng kē,mental health department,7,3,精神,spirit,卫生,hygiene,科,department,,,精神卫生科提供心理咨询服务,jīng shén wèi shēng kē tí gōng xīn lǐ zī xún fú wù,The mental health department provides counseling services
5235,精听,jīng tīng,intensive listening,7,4,精神,spirit,听,listen,,,,,每天坚持精听很有帮助。,měi tiān jiān chí jīng tīng hěn yǒu bāng zhù,Daily intensive listening helps a lot.
5236,镜像赛,jìng xiàng sài,mirror mode,7,,,,,,,,,,你解锁了镜像赛,nǐ jiě suǒ le jìng xiàng sài,you unlocked mirror mode
5237,金华,Jīnhuá,Jinhua,7,4,金,metal;gold,华,China;magnificent,,,,,金华以火腿和古镇闻名。,jīn huá yǐ huǒ tuǐ hé gǔ zhèn wén míng,Jinhua is famous for its ham and ancient towns.
5238,济宁,Jǐníng,Jining,7,4,经济,economy,安宁,peaceful,,,,,济宁是孔子的故乡，文化底蕴深厚。,jǐ níng shì kǒng zǐ de gù xiāng wén huà dǐ yùn shēn hòu,Jining is Confucius’s hometown with a rich cultural heritage.
5239,紧急呼叫电话,Jǐnjí hūjiào diànhuà,Emergency call phone,7,,,,,,,,,,-,-,-
5240,囧,jiǒng,embarrassed,7,,,,,,,,,,他说错话时表情很囧,tā shuō cuò huà shí biǎo qíng hěn jiǒng,He looked awkward when he said something wrong
5241,酒杯,jiǔ bēi,wine glass,7,,,,,,,,,,他举起酒杯向大家敬酒,tā jǔ qǐ jiǔ bēi xiàng dà jiā jìng jiǔ,he raised his wine glass to toast everyone
5242,就诊,jiù zhěn,see a doctor,7,3,就,at once,诊断,diagnosis,,,,,他今天上午去医院就诊了。,tā jīn tiān shàng wǔ qù yī yuàn jiù zhěn le。,He went to the hospital for a consultation this morning。
5243,飓风,jù fēng,hurricane,7,,-,,,,,,,,飓风破坏力很强。,jù fēng pò huài lì hěn qiáng.,hurricanes are very destructive.
5244,橘红,jú hóng,orange-red,7,4,橘子,orange,红色,red,,,,,橘红色非常醒目,jú hóng sè fēi cháng xǐng mù,Orange red is eye catching
5245,卷王,juǎn wáng,overachiever who pressures everyone else,7,2,内卷,involution,王,king,,,,,她是班里的卷王,tā shì bān lǐ de juǎnwáng,she is the most competitive student in the class
5246,军绿色,jūn lǜ sè,army green,7,4,军队,military,绿色,green,,,,,军绿色外套很实用,jūn lǜ sè wài tào hěn shí yòng,Army green jackets are practical
5247,开封,Kāifēng,Kaifeng,7,4,开,open,密封,sealed,,,,,开封是北宋古都,Kāifēng shì Běi Sòng gǔ dū,Kaifeng is the ancient capital of the Northern Song Dynasty
5248,看不上,kàn bù shàng,look down on,7,3,看,look,不,not,上,up,,,他看不上这种小工作,Tā kànbushàng zhè zhǒng xiǎo gōngzuò,He looks down on this kind of small job
5249,看好,kàn hǎo,optimistic,7,2,看,to look,好,good,,,,,专家们非常看好这个行业的发展,zhuānjiā men fēicháng kànhǎo zhège hángyè de fāzhǎn,Experts are very optimistic about the development of this industry
5250,看上,kàn shàng,like;interested;fancy,7,3,看,look,上,up,,,,,可能是人家没看上我吧,Kěnéng shì rénjiā méi kàn shàng wǒ ba,Maybe they didn't like me.
5251,康师傅,kāng shī fù,master kong (instant noodles),7,3,健康,healthy,师傅,master,,,,,康师傅方便面很常见。,kāng shī fù fāng biàn miàn hěn cháng jiàn.,master kong instant noodles are common.
5252,烤火鸡,kǎo huǒ jī,roast turkey,7,4,烤,bake;roast,火鸡,turkey,,,,,烤火鸡是节日主菜,kǎo huǒjī shì jiérì zhǔ cài,Roast turkey is the main dish
5253,CoCo都可,kě kě dōu kě,CoCo Tea,7,,,,,,,,,,CoCo的奶茶在全国各地都有,kě kě de nǎi chá zài quán guó gè dì dōu yǒu,CoCo milk tea is found nationwide
5254,克隆,kè lóng,clone,7,,,,,,,,,,科学家正在研究克隆,Kēxuéjiā zhèngzài yánjiū kèlóng,Scientists are studying cloning
5255,可视化,kě shì huà,visualization,7,2,可,can,视,see,化,to change into;-ize,,,数据可视化让结果更直观,shù jù kě shì huà ràng jié guǒ gèng zhí guān,data visualization makes results more intuitive
5256,课外补习班,kè wài bǔ xí bān,extracurricular tutoring classes,7,4,课外,extracurricular,修补,to mend,学习,to learn,班,class,孩子们晚上要去课外补习班,Háizimen wǎnshàng yào qù kèwài bǔxíbān,Children have to attend after-school tutoring classes in the evening
5257,可乐罐,kělè guàn,cola cans,7,,,,,,,,,,-,-,-
5258,恐高的人,kǒng gāo de rén,people who are afraid of heights,7,,,,,,,,,,恐高的人不敢坐过山车,kǒng gāo de rén bù gǎn zuò guò shān chē,people afraid of heights do not dare to ride roller coasters
5259,孔雀蓝,kǒng què lán,peacock blue,7,4,孔雀,peacock,蓝色,blue,,,,,孔雀蓝让人印象深刻,kǒng què lán ràng rén yìn xiàng shēn kè,Peacock blue is memorable
5260,控制狂,kòng zhì kuáng,control freak,7,,,,,,,,,,她是个控制狂。,tā shì gè kòng zhì kuáng.,She is a control freak.
5261,空置率,kōng zhì lǜ,vacancy rate,7,2,空,empty,位置,position,率,rate,,,房屋空置率很高。,fáng wū kōng zhì lǜ hěn gāo,The vacancy rate is high.
5262,口口声声,kǒu kǒu shēng shēng,keep saying,7,4,口,mouth,口,mouth,声音,voice,,,他口口声声说会改结果还是老样子,tā kǒu kǒu shēng shēng shuō huì gǎi jié guǒ hái shì lǎo yàng zi,He kept saying he’d change but stayed the same
5263,口气清新,kǒu qì qīng xīn,fresh breath,7,,,,,,,,,,这个口香糖能让你口气清新,Zhège kǒuxiāngtáng néng ràng nǐ kǒuqì qīngxīn,This chewing gum can make your breath fresh
5264,哭穷,kū qióng,to complain (pretend) to be poor,7,5,哭,cry,穷,poor,,,,,他总喜欢在朋友面前哭穷,tā zǒng xǐ huān zài péng yǒu miàn qián kū qióng,He always likes to complain about being poor in front of friends
5265,宽带,kuān dài,broadband,7,4,宽,wide,带,belt,,,,,家里的宽带网速很快,jiā lǐ de kuān dài wǎng sù hěn kuài,The home broadband speed is fast
5266,昆汀,kūn tīng,quentin tarantino,7,,-,,,,,,,,昆汀的电影风格非常鲜明。,kūn tīng de diàn yǐng fēng gé fēi cháng xiǎn míng.,quentin tarantino’s film style is very distinctive.
5267,昆明,Kūnmíng,Kunming,7,4,昆虫,insect,明,bright,,,,,昆明一年四季如春，气候宜人。,kūn míng yī nián sì jì rú chūn qì hòu yí rén,Kunming has a spring-like climate all year round.
5268,邋遢,lā ta,sloppy;messy,7,,,,,,,,,,他总是穿得很邋遢,tā zǒng shì chuān de hěn lā ta,He always dresses very sloppily
5269,蓝宝石,lán bǎo shí,sapphire,7,2,蓝,blue,宝石,gem,,,,,她戴着蓝宝石项链。,tā dài zhe lán bǎo shí xiàng liàn.,she is wearing a sapphire necklace.
5270,蓝调,lán diào,blues,7,4,蓝,blue,调,tune,,,,,蓝调音乐表达情感。,lán diào yīn yuè biǎo dá qíng gǎn.,Blues music expresses emotions.
5271,蓝龟壳,lán guī ké,blue shell,7,,,,,,,,,,蓝龟壳会攻击第一名,lán guī ké huì gōng jī dì yī míng,the blue shell attacks the racer in first place
5272,蓝海,lán hǎi,blue ocean;untapped market,7,4,蓝,blue,海洋,ocean,,,,,很多创业者都在寻找蓝海市场。,Hěn duō chuàngyèzhě dōu zài xúnzhǎo lánhǎi shìchǎng.,Many entrepreneurs are looking for blue ocean markets.
5273,拦路虎,lán lù hǔ,obstacle;tiger in the way,7,4,拦截,to intercept,路,road,老虎,tiger,,,资金问题成了拦路虎。,zī jīn wèn tí chéng le lán lù hǔ,Funding became a major obstacle.
5274,浪漫喜剧,làng màn xǐ jù,romantic comedy,7,4,浪漫,romantic,喜剧,comedy,,,,,她喜欢看浪漫喜剧。,tā xǐ huān kàn làng màn xǐ jù.,she likes romantic comedies.
5275,唠叨,láo dao,nagging,7,,,,,,,,,,妈妈总是唠叨我,māma zǒng shì láodao wǒ,Mom always nags me
5276,老豆,lǎo dòu,old bean;Cantonese dad,7,4,老,old,豆,bean,,,,,我老豆年轻时是老师。,wǒ lǎo dòu nián qīng shí shì lǎo shī.,My dad was a teacher when he was young.
5277,老君山,lǎo jūn shān,"Mount Laojun (Henan), Taoist mountain with temples",7,3,老,old,君主,monarch,山,mountain,,,老君山冬天会下雪。,lǎo jūn shān dōng tiān huì xià xuě,Mount Laojun gets snow in winter.
5278,老年医学科,lǎo nián yī xué kē,geriatrics department,7,4,老年,old age,医,medicine,学科,subject,,,老年医学科专门照顾老人,lǎo nián yī xué kē zhuān mén zhào gù lǎo rén,The geriatrics department specializes in elderly care
5279,老破小,lǎo pò xiǎo,old small rundown apartment,7,4,老,old,破,broken,小,small,,,他买了一套老破小。,tā mǎi le yí tào lǎo pò xiǎo.,He bought an old rundown apartment.
5280,老乡鸡,lǎo xiāng jī,Laoxiangji,7,3,老,old,乡,township,鸡,chicken,,,老乡鸡卖的是安徽家常菜,lǎo xiāng jī mài de shì ān huī jiā cháng cài,Laoxiangji serves Anhui homestyle food
5281,老鹰,lǎo​ yīng,hawk,7,1,老,old,鹰,eagle,,,,,老鹰在高空盘旋,lǎo yīng zài gāo kōng pán xuán,the eagle is circling in the sky
5282,乐高,lè gāo,lego,7,2,快乐,happy,高,high,,,,,孩子很喜欢拼乐高。,hái zi hěn xǐ huān pīn lè gāo.,kids love building with lego.
5283,雷达,léi dá,radar,7,4,雷,thunder,达,to arrive at,,,,,船上装了雷达,Chuán shàng zhuāng le léidá,The ship is equipped with radar
5284,雷鬼,léi guǐ,reggae,7,3,雷,thunder,鬼,ghost,,,,,雷鬼音乐起源于牙买加。,léi guǐ yīn yuè qǐ yuán yú yá mǎi jiā.,Reggae music originated in Jamaica.
5285,雷神,léi shén,Thor,7,2,雷,thunder,神,deity,,,,,雷神使用雷电作为武器。,léi shén shǐ yòng léi diàn zuò wéi wǔ qì.,thor uses lightning as a weapon.
5286,冷场,lěng chǎng,awkward silence,7,4,冷,cold,场,open space,,,,,他的玩笑让现场冷场了。,tā de wán xiào ràng xiàn chǎng lěng chǎng le.,His joke created an awkward silence.
5287,冷冻室容积(升),lěngdòng shì róngjī (shēng),Freezer volume (liters),7,,,,,,,,,,-,-,-
5288,李白,lǐ bái,Li Bai (poet),7,4,李,plum,白,white,,,,,李白是著名诗人。,lǐ bái shì zhù míng shī rén.,li bai is a famous poet.
5289,理财,lǐ cái,financial management,7,4,管理,to manage,财富,wealth,,,,,他最近开始学习理财。,tā zuìjìn kāishǐ xuéxí lǐ cái.,He recently started learning financial management.
5290,李雷和韩梅梅,lǐ léi hé hán méiméi,Li Lei and Han Meimei (textbook couple),7,5,李雷,Li Lei,和,and,韩梅梅,Han Meimei,,,李雷和韩梅梅是课本里的经典人物。,lǐ léi hé hán méiméi shì kèběn lǐ de jīngdiǎn rénwù.,Li Lei and Han Meimei are classic characters in textbooks.
5291,李连杰,lǐ lián jié,Jet Li,7,,,,,,,,,,李连杰的动作片特别精彩,lǐ lián jié de dòng zuò piān tè bié jīng cǎi,Jet Li’s action films are especially exciting
5292,礼品,lǐ pǐn,gift,7,5,礼物,gift,产品,product,,,,,她送了一份精美的礼品,tā sòng le yí fèn jīng měi de lǐ pǐn,She gave a beautiful gift
5293,栗色,lì sè,chestnut color,7,4,栗子,chestnut,颜色,color,,,,,她把头发染成栗色,tā bǎ tóu fà rǎn chéng lì sè,She dyed her hair chestnut
5294,利他,lì tā,altruism,7,2,利益,benefit,其他,other,,,,,她一直坚持利他的理念。,tā yì zhí jiān chí lì tā de lǐ niàn,She has always adhered to altruistic values.
5295,礼物袋,lǐ wù dài,gift bag,7,4,礼物,gift,袋子,bag,,,,,礼物袋放在树下,lǐwù dài fàng zài shù xià,Gift bags are under the tree
5296,礼物盒,lǐ wù hé,gift box,7,4,礼物,gift,盒子,box,,,,,礼物盒被包装得很漂亮,lǐwù hé bèi bāozhuāng de hěn piàoliang,The gift box is nicely wrapped
5297,李小龙,lǐ xiǎo lóng,Bruce Lee,7,7,李子,plum,小,small,龙,dragon,,,李小龙影响了世界武术。,lǐ xiǎo lóng yǐng xiǎng le shì jiè wǔ shù.,bruce lee influenced martial arts worldwide.
5298,恋爱中,liàn ài zhōng,in love,7,,,,,,,,,,他们最近恋爱中每天都很甜,tāmen zuìjìn liàn’ài zhōng měitiān dōu hěn tián,they are in love recently and act sweet every day
5299,连接,lián jiē,join (data),7,,,,,,,,,,我们必须建立数据库连接,wǒ men bì xū jiàn lì shù jù kù lián jiē,We must establish a database connection
5300,链锯,liàn jù,chainsaw,7,4,链条,chain,锯子,saw,,,,,工人用链锯砍树。,gōng rén yòng liàn jù kǎn shù.,The worker uses a chainsaw to cut trees.
5301,连续,lián xù,continuous;in a row;successive,7,2,连,to link,继续,to continue,,,,,他已经连续工作了十个小时,tā yǐjīng liánxù gōngzuò le shí gè xiǎoshí,He has been working continuously for ten hours
5302,裂开,liè kāi,break down emotionally,7,3,裂,split,开,open,,,,,我看到这个消息整个人都裂开了,wǒ kàn dào zhège xiāoxi zhěnggèrén dōu lièkāi le,when I saw this news I totally collapsed inside
5303,林场,lín chǎng,forest farm,7,4,树林,forest,工厂,factory,,,,,他在林场工作了二十年。,tā zài lín chǎng gōng zuò le èr shí nián.,He has worked at the forest farm for twenty years.
5304,领导者,lǐng dǎo zhě,leaders,7,,,,,,,,,,他是一个优秀的领导者,tā shì yī gè yōu xiù de lǐng dǎo zhě,he is an excellent leader
5305,刘德华,liú dé huá,Andy Lau,7,,,,,,,,,,刘德华的歌很多人都会唱,liú dé huá de gē hěn duō rén dōu huì chàng,Many people can sing Andy Lau’s songs
5306,硫酸,liú suān,sulfuric acid,7,7,硫磺,sulfur,酸性,acid,,,,,硫酸有很强的腐蚀性,liú suān yǒu hěn qiáng de fǔ shí xìng,Sulfuric acid is highly corrosive
5307,刘翔,liú xiáng,Liu Xiang (Olympian),7,,-,,,,,,,,刘翔是奥运冠军。,liú xiáng shì ào yùn guàn jūn.,liu xiang is an olympic champion.
5308,六幺八,liù yāo bā,June 18 shopping festival,7,,,,,,,,,,,,
5309,六艺,liù yì,the Six Arts,7,4,六,six,艺术,art,,,,,六艺是古代教育内容。,liù yì shì gǔ dài jiào yù nèi róng.,The Six Arts were part of ancient education.
5310,龙猫,lóng māo,chinchilla;Totoro,7,1,龙,dragon,猫,cat,,,,,孩子们喜欢龙猫这部电影,hái zi men xǐ huān lóng māo zhè bù diàn yǐng,children like the movie my neighbor totoro
5311,龙门古街,lóng mén gǔ jiē,"Longmen Ancient Street (Henan), historic street near Longmen Grottoes",7,4,龙,dragon,门,gate,古街,old street,,,龙门古街充满历史气息。,lóng mén gǔ jiē chōng mǎn lì shǐ qì xī,Longmen Ancient Street is full of history.
5312,龙门石窟,lóng mén shí kū,"Longmen Grottoes (Henan), Buddhist cave sculptures",7,3,龙,dragon,门,gate,石窟,grotto;stone cave,,,龙门石窟有大量石刻佛像。,lóng mén shí kū yǒu dà liàng shí kè fó xiàng,Longmen Grottoes contain many stone Buddha carvings.
5313,龙年,lóng nián,year of the dragon,7,,,,,,,,,,他是在龙年出生的,tā shì zài lóngnián chūshēng de,He was born in the Year of the Dragon
5314,楼层,lóu céng,story;floor (of a building),7,,,,,,,,,,我们住在第五楼层,wǒ men zhù zài dì wǔ lóu céng,we live on the fifth floor
5315,录播,lù bō,recorded broadcast,7,4,记录,recorded,播放,play;broadcast,,,,,这门课提供录播视频。,zhè mén kè tí gōng lù bō shì pín.,This course provides recorded videos.
5316,绿茶婊,lǜ chá biǎo,manipulative woman,7,4,绿茶,green tea,婊,bitch,,,,,别信她的话她就是个绿茶婊,lǜ chá biǎo bié xìn tā de huà tā jiù shì gè lǜ chá biǎo,dont believe her she is such a manipulative girl
5317,绿龟壳,lǜ guī ké,green shell,7,,,,,,,,,,你发射了一个绿龟壳,nǐ fā shè le yī gè lǜ guī ké,you fired a green shell
5318,滤镜,lǜ jìng,filter (visualization),7,3,过滤,to filter,镜,lens,,,,,我给照片加了一个滤镜,wǒ gěi zhào piàn jiā le yī gè lǜ jìng,I added a filter to the photo
5319,绿巨人,lǜ jù rén,Hulk,7,2,绿,green,巨,huge,人,person,,,绿巨人生气时力量惊人。,lǜ jù rén shēng qì shí lì liàng jīng rén.,the hulk becomes incredibly strong when angry.
5320,撸猫,lū māo,to pet cats,7,,,,,,,,,,她最喜欢的爱好是撸猫。,tā zuì xǐ huān de ài hào shì lū māo.,Her favorite hobby is petting cats.
5321,鲁迅,lǔ xùn,Lu Xun (writer),7,,-,,,,,,,,鲁迅是中国现代文学代表人物。,lǔ xùn shì zhōng guó xiàn dài wén xué dài biǎo rén wù.,lu xun is a representative of modern chinese literature.
5322,论文答辩,lùn wén dá biàn,Thesis Defense,7,,,,,,,,,,我下周要参加论文答辩。,wǒ xià zhōu yào cānjiā lùnwén dábiàn.,I have to attend my thesis defense next week.
5323,锣,luó,gong,7,,,,,,,,,,庆典开始时敲响了锣,qìng diǎn kāi shǐ shí qiāo xiǎng le luó,The gong was struck when the ceremony began
5324,裸奔,luǒ bēn,streaking,7,4,裸体,naked,奔跑,run,,,,,他开玩笑说要裸奔。,tā kāi wán xiào shuō yào luǒ bēn。,He joked about running naked.
5325,裸婚,luǒ hūn,unprepared marriage,7,3,裸体,naked,结婚,marry,,,,,他们选择裸婚。,tā men xuǎn zé luǒ hūn.,They chose a bare marriage.
5326,罗马,luó mǎ,Rome,7,,,,,,,,,,罗马拥有宏伟的古罗马竞技场。,luó mǎ yōng yǒu hóng wěi de gǔ luó mǎ jìng jì chǎng.,Rome is home to the magnificent Colosseum.
5327,裸色,luǒ sè,nude color,7,4,裸体,nude,颜色,color,,,,,裸色鞋子很百搭,luǒ sè xié zi hěn bǎi dā,Nude shoes match easily
5328,洛杉矶湖人,luò shān jī hú rén,Los Angeles Lakers,7,4,洛杉矶,Los Angeles,湖,lake,人,people,,,洛杉矶湖人是著名球队。,luò shān jī hú rén shì zhù míng qiú duì.,the lakers are a famous team.
5329,洛阳,Luòyáng,Luoyang,7,5,洛河,Luo river,阳光,sunshine,,,,,洛阳的龙门石窟闻名世界,Luòyáng de Lóngmén Shí Kù wén míng shì jiè,Luoyang’s Longmen Grottoes are world famous
5330,马车,mǎ chē,carriage,7,2,马,horse,车,vehicle,,,,,博物馆里展示着一辆古老的马车。,bó wù guǎn lǐ zhǎn shì zhe yí liàng gǔ lǎo de mǎ chē.,the museum displays an old carriage.
5331,马化腾,mǎ huà téng,Pony Ma,7,,,,,,,,,,马化腾创立了腾讯,mǎ huà téng chuàng lì le téng xùn,Pony Ma founded Tencent
5332,马甲线,mǎ jiǎ xiàn,abs line,7,3,马,horse,指甲,fingernail,线,line,,,她每天锻炼为了练出马甲线,tā měi tiān duàn liàn wèi le liàn chū mǎ jiǎ xiàn,She works out every day to get defined abs
5333,码农,mǎ nóng,code farmer,7,4,码,code,农民,farmer,,,,,他自嘲自己是个码农。,tā zì cháo zì jǐ shì gè mǎ nóng.,He jokingly calls himself a code monkey.
5334,麻雀,má què,sparrow,7,,-,,,,,,,,麻雀在树上唱歌。,má què zài shù shàng chàng gē.,Sparrows sing on the tree.
5335,麻醉科,má zuì kē,anesthesiology department,7,5,麻醉,anesthesia,科,department,,,,,麻醉科负责为手术病人提供麻醉服务,má zuì kē fù zé wéi shǒu shù bìng rén tí gōng má zuì fú wù,The anesthesiology department provides anesthesia services for surgical patients
5336,漫长,màn cháng,very long (time),7,4,浪漫,romantic,长,long,,,,,这是一个漫长的过程。,zhè shì yī gè màn cháng de guò chéng,This is a long process.
5337,曼彻斯特,màn chè sī tè,Manchester,7,,,,,,,,,,曼彻斯特是英国的工业城市,màn chè sī tè shì yīng guó de gōng yè chéng shì,Manchester is an industrial city in the UK
5338,曼德拉,màn dé lā,Nelson Mandela,7,,-,,,,,,,,曼德拉为平等而奋斗。,màn dé lā wèi píng děng ér fèn dòu.,mandela fought for equality.
5339,芒果黄,máng guǒ huáng,mango yellow,7,4,芒果,mango,黄色,yellow,,,,,芒果黄看起来很活泼,máng guǒ huáng kàn qǐ lái hěn huó pō,Mango yellow looks lively
5340,冒充者,mào chōng zhě,impostor,7,3,冒险,adventure,充满,full of,者,one who,,,冒充者假装是银行工作人员,mào chōng zhě jiǎ zhuāng shì yín háng gōng zuò rén yuán,the impostor pretended to be a bank employee
5341,猫耳,māo ěr,cat ears,7,,,,,,,,,,她戴着猫耳发箍。,tā dài zhe māo ěr fà gū.,She is wearing a cat-ear headband.
5342,猫笼,māo lóng,cat carrier,7,,,,,,,,,,去医院要把猫放进猫笼里。,qù yī yuàn yào bǎ māo fàng jìn māo lóng lǐ.,Put the cat in the carrier to go to the vet.
5343,猫爬架,māo pá jià,cat climbing frame,7,,,,,,,,,,猫在猫爬架上玩得很开心。,māo zài māo pá jià shàng wán de hěn kāi xīn.,The cat is playing happily on the climbing frame.
5344,毛球,máo qiú,hairball,7,,,,,,,,,,猫容易吐毛球。,māo róng yì tǔ máo qiú.,Cats easily cough up hairballs.
5345,猫跳台,māo tiào tái,cat perch,7,3,猫,cat,跳,jump,台,platform,,,猫喜欢躺在猫跳台上。,māo xǐ huān tǎng zài māo tiào tái shàng.,The cat likes lying on the perch.
5346,猫窝,māo wō,cat bed,7,,,,,,,,,,猫在猫窝里休息。,māo zài māo wō lǐ xiū xi.,The cat is resting in the cat bed.
5347,玫瑰金,méi guī jīn,rose gold,7,4,玫瑰,rose,黄金,gold,,,,,玫瑰金手表很流行,méi guī jīn shǒu biǎo hěn liú xíng,Rose gold watches are trendy
5348,美国队长,měi guó duì zhǎng,Captain America,7,4,美国,USA,队长,captain,,,,,美国队长代表正义与责任。,měi guó duì zhǎng dài biǎo zhèng yì yǔ zé rèn.,captain america represents justice and responsibility.
5349,煤黑,méi hēi,coal black,7,4,煤炭,coal,黑色,black,,,,,煤黑色看起来很酷,méi hēi sè kàn qǐ lái hěn kù,Coal black looks cool
5350,梅花,méi huā,plum blossom,7,4,梅,plum,花,flower,,,,,梅花在冬天开放。,méi huā zài dōng tiān kāi fàng.,plum blossoms bloom in winter.
5351,美人鱼,měi rén yú,mermaid,7,1,美丽,beautiful,人,person,鱼,fish,,,美人鱼的故事很浪漫。,měi rén yú de gù shì hěn làng màn.,mermaid stories are very romantic.
5352,美少女战士,měi shào nǚ zhàn shì,Sailor Moon,7,4,美,pretty,少年,early youth,女,girl,战士,warrior,小时候我很喜欢看美少女战士,xiǎo shí hòu wǒ hěn xǐ huān kàn měi shào nǚ zhàn shì,I loved watching Sailor Moon when I was a kid
5353,没戏,méi xì,no chance,7,4,没有,no,游戏,game,,,,,这件事你没戏了。,zhè jiàn shì nǐ méi xì le.,You have no chance with this matter.
5354,湄洲岛,méi zhōu dǎo,"Meizhou Island (Fujian), sacred island for Mazu worship",7,4,湄,brink;water's edge,洲,continent,岛,island,,,湄洲岛是妈祖文化中心。,méi zhōu dǎo shì mā zǔ wén huà zhōng xīn,Meizhou Island is the center of Mazu culture.
5355,门诊结算,mén zhěn jié suàn,outpatient billing,7,,,,,,,,,,结算中心负责费用结算,jié suàn zhōng xīn fù zé fèi yòng jié suàn,The billing center handles payment settlement
5356,门诊手术室,mén zhěn shǒu shù shì,outpatient surgery room,7,,,,,,,,,,门诊手术室进行小型手术,mén zhěn shǒu shù shì jìn xíng xiǎo xíng shǒu shù,The outpatient surgery room performs minor operations
5357,蒙古语,méng gǔ yǔ,Mongolian language,7,4,蒙古,Mongolia,语言,language,,,,,他会一点蒙古语。,tā huì yì diǎn méng gǔ yǔ,He knows some Mongolian.
5358,蒙娜丽莎,méng nà lì shā,Mona Lisa,7,,-,,,,,,,,蒙娜丽莎的微笑很神秘。,méng nà lì shā de wēi xiào hěn shén mì.,the mona lisa’s smile is mysterious.
5359,蒙特利尔,méng tè lì ěr,Montreal,7,,,,,,,,,,蒙特利尔的冬天特别冷,méngtèlìěr de dōngtiān tèbié lěng,winter in Montreal is very cold
5360,密码管理器,mì mǎ guǎn lǐ qì,password manager,7,,,,,,,,,,使用密码管理器可以提高安全性,shǐ yòng mì mǎ guǎn lǐ qì kě yǐ tí gāo ān quán xìng,using a password manager improves security
5361,密室逃脱,mì shì táo tuō,escape room,7,4,秘密,secret,室,room,逃脱,escape,,,周末我们去玩了密室逃脱。,zhōu mò wǒ men qù wán le mì shì táo tuō.,we played an escape room game on the weekend.
5362,密西西比河,mì xī xī bǐ hé,mississippi river,7,,-,,,,,,,,密西西比河贯穿美国中部。,mì xī xī bǐ hé guàn chuān měi guó zhōng bù.,the mississippi river runs through the central u.s.
5363,面粉,miàn fěn,flour,7,,,,,,,,,,做蛋糕需要用面粉,Zuò dàngāo xūyào yòng miànfěn,You need flour to make a cake
5364,苗圃,miáo pǔ,plant nursery,7,4,树苗,seedling,花圃,flowerbed,,,,,这片苗圃种了很多树苗。,zhè piàn miáo pǔ zhòng le hěn duō shù miáo.,Many saplings are grown in this nursery.
5365,民法典,mín fǎ diǎn,civil code,7,2,人民,people,法律,law,词典,dictionary,,,民法典规定了许多人们生活中的权利义务,mín fǎ diǎn guī dìng le xǔ duō rén men shēng huó zhōng de quán lì yì wù,The civil code defines many rights and obligations in daily life
5366,命根子,mìng gēn zi,one's lifeblood;most precious thing,7,4,生命,life,根,root,孩子,child,,,孩子就是父母的命根子。,hái zi jiù shì fù mǔ de mìng gēn zi,Children are the most treasured thing to parents.
5367,冥王星,míng wáng xīng,Pluto,7,3,冥王,king of hell,星,star,,,,,冥王星曾被认为是行星。,míng wáng xīng céng bèi rèn wéi shì xíng xīng.,pluto was once considered a planet.
5368,魔都,mó dū,magic city;Shanghai,7,3,魔法,magic,成都,Chengdu,,,,,很多年轻人向往去魔都发展。,hěn duō nián qīng rén xiàng wǎng qù mó dū fā zhǎn.,many young people want to develop their careers in shanghai.
5369,魔方,mó fāng,rubik’s cube,7,2,魔法,magic,立方体,cube,,,,,他一分钟就能复原魔方。,tā yí fēn zhōng jiù néng fù yuán mó fāng.,he can solve a rubik’s cube in one minute.
5370,墨菲定律,mò fēi dìng lǜ,Murphy’s law,7,4,墨菲,Murphy,定律,law,,,,,墨菲定律说凡是可能出错的事都会出错,mò fēi dìng lǜ shuō fán shì kě néng chū cuò de shì dōu huì chū cuò,Murphy’s Law says anything that can go wrong will go wrong
5371,墨黑,mò hēi,inky black,7,4,墨水,ink,黑色,black,,,,,墨黑色显得很沉稳,mò hēi sè xiǎn de hěn chén wěn,Inky black looks steady
5372,墨迹,mò jì,ink mark,7,4,墨水,ink,痕迹,trace,,,,,纸上留有墨迹,zhǐ shàng liú yǒu mò jì,There are ink marks on the paper
5373,墨西哥城,mò xī gē chéng,Mexico City,7,,,,,,,,,,墨西哥城是世界上人口最多的城市之一,mò xī gē chéng shì shì jiè shàng rén kǒu zuì duō de chéng shì zhī yī,Mexico City is one of the most populous cities in the world
5374,墨西哥胡椒,mò xī gē hú jiāo,jalapeño,7,2,墨西哥,Mexico,胡椒,pepper,,,,,披萨上放了墨西哥胡椒,pī sà shàng fàng le mò xī gē hú jiāo,the pizza has jalapenos on it
5375,谋杀,móu shā,murder,7,2,阴谋,conspiracy,杀,kill,,,,,警方正在调查这起谋杀案。,jǐng fāng zhèng zài diào chá zhè qǐ móu shā àn.,the police are investigating this murder case.
5376,母狗,mǔ gǒu,bitch,7,4,母,mother,狗,dog,,,,,有人骂人说她是母狗,yǒurén mà rén shuō tā shì mǔ gǒu,someone insulted her calling her a bitch
5377,目录,mù lù,table of contents,7,3,节目,program,记录,to record,,,,,请先看书的目录,qǐng xiān kàn shū de mù lù,Please look at the table of contents first
5378,木星,mù xīng,Jupiter,7,2,木头,wood,星,star,,,,,木星是太阳系最大的行星。,mù xīng shì tài yáng xì zuì dà de xíng xīng.,jupiter is the largest planet in the solar system.
5379,纳木错,nà mù cuò,"Namtso Lake (Tibet), high-altitude saltwater lake",7,4,纳入,to bring into,木头,wood,错误,error,,,纳木错被称为圣湖。,nà mù cuò bèi chēng wéi shèng hú,Namtso is called a holy lake.
5380,拿破仑,ná pò lún,Napoleon Bonaparte,7,,-,,,,,,,,拿破仑是法国军事家。,ná pò lún shì fǎ guó jūn shì jiā.,napoleon was a french military leader.
5381,奶白,nǎi bái,milky white,7,4,牛奶,milk,白色,white,,,,,奶白色墙面很柔和,nǎi bái sè qiáng miàn hěn róu hé,Milky white walls feel soft
5382,奶粉,nǎi fěn,infant formula;powdered milk,7,5,牛奶,milk,粉,powder,,,,,这款奶粉很适合婴儿,zhè kuǎn nǎi fěn hěn shì hé yīng ér,This milk powder is suitable for babies
5383,奶油色,nǎi yóu sè,cream color,7,4,奶油,cream,颜色,color,,,,,奶油色墙面很温馨,nǎi yóu sè qiáng miàn hěn wēn xīn,Cream walls feel cozy
5384,南瓜色,nán guā sè,pumpkin orange,7,4,南瓜,pumpkin,颜色,color,,,,,南瓜色充满秋天气氛,nán guā sè chōng mǎn qiū tiān qì fēn,Pumpkin color feels autumnal
5385,南普陀寺,nán pǔ tuó sì,"Nanputuo Temple (Xiamen, Fujian), Buddhist temple near the coast",7,4,南,south,普通,common,陀,steep bank,寺庙,temple,南普陀寺香客很多。,nán pǔ tuó sì xiāng kè hěn duō,Nanputuo Temple has many worshippers.
5386,男权,nán quán,patriarchy,7,2,男,man,权力,power,,,,,他们在讨论男权问题。,tā men zài tǎo lùn nán quán wèn tí.,They are discussing patriarchy.
5387,难听,nán tīng,unpleasant (to hear),7,2,难,hard,听,hear,,,,,这句话很难听,zhè jù huà hěn nántīng,this sentence sounds unpleasant
5388,南浔古镇,nán xún gǔ zhèn,"Nanxun Ancient Town (Zhejiang), historic water town",7,3,南,south,寻,steep bank,古镇,ancient town,,,南浔古镇很适合慢慢逛。,nán xún gǔ zhèn hěn shì hé màn man guàng,Nanxun Ancient Town is great for strolling.
5389,难易,nán yì,difficulty,7,2,难,hard,容易,easy,,,,,这本书的难易适中,Zhè běn shū de nányì shìzhōng,The difficulty of this book is moderate
5390,南岳衡山,nán yuè héng shān,"Mount Heng (Hunan), sacred mountain with temples",7,4,南,south,岳父,father-in-law,平衡,balance,山,mountain,南岳衡山香火鼎盛。,nán yuè héng shān xiāng huǒ dǐng shèng,Mount Heng (South) has thriving incense offerings.
5391,难找,nán zhǎo,hard to find,7,4,难,hard,找,to look for,,,,,这种东西在市场上很难找,Zhè zhǒng dōngxī zài shìchǎng shàng hěn nán zhǎo,This kind of thing is hard to find in the market
5392,南充,Nánchōng,Nanchong,7,4,南,south,充满,full of,,,,,南充有丰富的川菜美食,Nánchōng yǒu fēng fù de Chuān cài měi shí,Nanchong has rich Sichuan cuisine
5393,南宁,Nánníng,Nanning,7,4,南,south,安宁,peaceful,,,,,南宁被称为“绿城”，空气特别清新。,nán níng bèi chēng wéi “lǜ chéng” kōng qì tè bié qīng xīn,Nanning is called the “Green City” and has very fresh air.
5394,南通,Nántōng,Nantong,7,4,南,south,通过,pass through,,,,,南通的狼山风景优美,Nántōng de Láng Shān fēng jǐng yōu měi,Langshan scenery in Nantong is beautiful
5395,内地,nèi dì,inland China excluding Western-most provinces,7,4,内,inner,地,land,,,,,她来自中国内地。,tā lái zì zhōng guó nèi dì.,She is from mainland China.
5396,内镜,nèi jìng,endoscopy,7,1,内,internal,镜头,camera lens,,,,,病人需要到内镜中心做检查。,bìng rén xū yào dào nèi jìng zhōng xīn zuò jiǎn chá。,The patient needs to go to the endoscopy center for an examination。
5397,内疚,nèi jiù,guilty,7,,-,,,,,,,,我对此感到很内疚。,wǒ duì cǐ gǎn dào hěn nèi jiù.,I feel very guilty about it.
5398,内蒙古自治区,nèi měng gǔ zì zhì qū,Inner Mongolia Autonomous Region,7,3,内,inner,蒙古,Mongolia,自治,autonomy,区,district,内蒙古草原非常辽阔。,nèi měng gǔ cǎo yuán fēi cháng liáo kuò,The grasslands of Inner Mongolia are vast.
5399,嫩草,nèn cǎo,young person,7,3,嫩,tender,草,grass,,,,,他喜欢开玩笑说自己不吃嫩草,tā xǐ huān kāi wán xiào shuō zì jǐ bù chī nèn cǎo,He jokes that he doesn’t date younger people
5400,尼罗河,ní luó hé,nile river,7,,-,,,,,,,,尼罗河孕育了古埃及文明。,ní luó hé yùn yù le gǔ āi jí wén míng.,the nile nurtured ancient egyptian civilization.
5401,泥石流,ní shí liú,mudslide;landslide,7,2,泥,mud,石,stone,流,flow,,,暴雨引发泥石流。,bào yǔ yǐn fā ní shí liú.,heavy rain triggered a mudslide.
5402,溺水,nì shuǐ,drowning,7,,-,,,,,,,,他差点溺水。,tā chà diǎn nì shuǐ.,he almost drowned.
5403,逆行,nì xíng,to go against traffic,7,4,逆风,headwind,进行,to advance,,,,,这条路禁止逆行。,zhè tiáo lù jìn zhǐ nì xíng.,Going against traffic is prohibited on this road.
5404,年龄焦虑,nián líng jiāo lǜ,age anxiety,7,4,年龄,age,焦虑,anxiety,,,,,很多人都会有年龄焦虑。,hěn duō rén dōu huì yǒu nián líng jiāo lǜ.,many people experience age anxiety.
5405,年龄歧视,nián líng qí shì,age discrimination,7,4,年龄,age,歧视,discrimination,,,,,年龄歧视在职场并不少见。,nián líng qí shì zài zhí chǎng bìng bù shǎo jiàn.,Age discrimination is not uncommon in the workplace.
5406,娘家,niáng jiā,wife’s family,7,4,姑娘,girl,家庭,family,,,,,她周末回娘家看父母。,tā zhōumò huí niángjiā kàn fùmǔ,She returned to her parents' home on the weekend.
5407,柠檬黄,níng méng huáng,lemon yellow,7,4,柠檬,lemon,黄色,yellow,,,,,柠檬黄色非常明亮,níng méng huáng sè fēi cháng míng liàng,Lemon yellow is very bright
5408,牛顿,niú dùn,Isaac Newton,7,,-,,,,,,,,牛顿提出了万有引力。,niú dùn tí chū le wàn yǒu yǐn lì.,newton proposed gravity.
5409,牛奶盒,niú nǎi hé,milk carton,7,,,,,,,,,,-,-,-
5410,纽约时报,niǔ yuē shí bào,The New York Times,7,4,纽约,New York,时间,time,报纸,newspaper,,,纽约时报报道国际新闻。,niǔ yuē shí bào bào dào guó jì xīn wén.,the new york times reports international news.
5411,牛仔蓝,niú zǎi lán,denim blue,7,4,牛仔裤,jeans,蓝色,blue,,,,,牛仔蓝一直很流行,niú zǎi lán yì zhí hěn liú xíng,Denim blue is always popular
5412,女强人,nǚ qiáng rén,strong career woman,7,4,女人,woman,强,strong,人,person,,,她是个女强人。,tā shì gè nǚ qiáng rén,She’s a strong career woman.
5413,女拳师,nǚ quán shī,feminist extremist,7,,,,,,,,,,有人用女拳师讽刺激进的女权主义者,yǒurén yòng nǚquánshī fěngcì jījìn de nǚquán zhǔyì zhě,some people use the term feminist boxer to mock radical feminists
5414,诺兰,nuò lán,Christopher Nolan,7,,-,,,,,,,,诺兰导演的电影情节复杂又精彩。,nuò lán dǎo yǎn de diàn yǐng qíng jié fù zá yòu jīng cǎi.,movies directed by nolan have complex and exciting plots.
5415,藕粉,ǒu fěn,lotus pink,7,4,莲,lotus,粉色,pink,,,,,藕粉色非常温柔,ǒu fěn sè fēi cháng wēn róu,Lotus pink feels gentle
5416,偶数,ǒu shù,even number,7,,,,,,,,,,四是一个偶数,sì shì yī gè ǒushù,four is an even number
5417,炮弹,pào dàn,artillery shell,7,2,大炮,cannon,子弹,bullet,,,,,炮弹爆炸声震耳欲聋,pào dàn bào zhà shēng zhèn ěr yù lóng,The explosion of the shell was deafening
5418,泡椒鸡胗面,Pào jiāo jī zhēn miàn,Pickled Pepper Chicken Gizzard Noodles,7,,,,,,,,,,她很喜欢泡椒鸡胗面,tā hěn xǐhuān pàojiāo jīzhēn miàn,she really likes pickled chili chicken gizzard noodles
5419,片段,piàn duàn,video clip,7,4,影片,film,段,paragraph;section,,,,,我只看了视频片段。,Wǒ zhǐ kàn le shìpín piànduàn.,I only watched a clip of the video.
5420,偏僻,piān pì,remote;out-of-the-way,7,,-,,,,,,,,这个地方很偏僻。,zhè gè dì fāng hěn piān pì,This place is remote.
5421,片头曲,piàn tóu qǔ,opening theme song,7,4,唱片,record,头,head;first,歌曲,song,,,这部剧的片头曲很好听。,Zhè bù jù de piàntóuqǔ hěn hǎotīng.,The opening theme song is very nice.
5422,偏头痛,piān tóu tòng,migraine,7,3,偏,slanting,头痛,headache,,,,,他经常有偏头痛,tā jīng cháng yǒu piān tóu tòng,he often has migraines
5423,漂移,piāo yí,drift,7,3,漂浮,float,移动,to move,,,,,在弯道上进行漂移,zài wān dào shàng jìn xíng piāo yí,drift on the curves
5424,漂移加速,piāo yí jiā sù,drift boost,7,,,,,,,,,,漂移时间越长加速越强,piāo yí shí jiān yuè cháng jiā sù yuè qiáng,the longer you drift the stronger the boost
5425,频繁,pín fán,frequent;often,7,3,频率,frequency,繁荣,propsperous,,,,,他最近频繁出差,tā zuì jìn pín fán chū chāi,He has been traveling frequently for work
5426,品检,pǐn jiǎn,quality control,7,4,产品,goods,检查,inspection,,,,,工厂进行品检。,gōng chǎng jìn xíng pǐn jiǎn.,The factory conducts quality inspection.
5427,平地人,píng dì rén,lowland people,7,,,,,,,,,,平地人不太习惯山地的气候,píng dì rén bú tài xí guàn shān dì de qì hòu,Lowland people aren’t used to the mountain climate
5428,平民,píng mín,civilian,7,3,平,flat,民,the people,,,,,这个活动对所有平民都是免费的,zhè ge huó dòng duì suǒ yǒu píng mín dōu shì miǎn fèi de,This event is free for all civilians
5429,平壤,píng rǎng,Pyongyang,7,,,,,,,,,,"平壤的街道整洁宽阔, 建筑风格独特。","píng rǎng de jiē dào zhěng jié kuān kuò, jiàn zhù fēng gé dú tè.",Pyongyang’s streets are clean and wide with unique architecture.
5430,平替,píng tì,replacement;cheaper alternative,7,4,公平,fair,代替,replace,,,,,这个牌子算是大牌的平替。,zhè ge pái zi suàn shì dà pái de píng tì.,This brand is considered an affordable alternative to big names.
5431,婆家,pó jiā,husband’s family,7,4,婆婆,mother-in-law,家庭,family,,,,,结婚后她常常回婆家帮忙。,jiéhūn hòu tā chángcháng huí pójiā bāngmáng,After getting married she often helps out at her husband’s family home.
5432,破旧陶瓷品,pò jiù táo cí pǐn,old ceramics,7,,,,,,,,,,-,-,-
5433,普及率,pǔ jí lǜ,penetration rate,7,4,普通,common,几率,odds,,,,,智能手机的普及率越来越高。,Zhìnéng shǒujī de pǔjílǜ yuèláiyuè gāo.,The penetration rate of smartphones keeps rising.
5434,普内科,pǔ nèi kē,general internal medicine,7,4,普通,ordinary,内科,internal medicine,,,,,普内科医生每天接诊很多病人,pǔ nèi kē yī shēng měi tiān jiē zhěn hěn duō bìng rén,The general internal medicine doctor sees many patients daily
5435,葡萄牙,pú táo yá,Portugal,7,2,葡萄,grape,牙,tooth,,,,,他去年去了葡萄牙旅行,tā qù nián qù le pú táo yá lǚ xíng,he traveled to portugal last year
5436,普通外科,pǔ tōng wài kē,general surgery,7,4,普通,ordinary,外科,surgery,,,,,普通外科每天都有很多手术。,pǔ tōng wài kē měi tiān dōu yǒu hěn duō shǒu shù。,The general surgery department performs many operations daily。
5437,普胸外科,pǔ xiōng wài kē,thoracic surgery,7,4,普通,ordinary,胸部,chest;thorax,外科,surgery,,,普胸外科主要治疗肺部疾病,pǔ xiōng wài kē zhǔ yào zhì liáo fèi bù jí bìng,The thoracic surgery department mainly treats lung diseases
5438,莆田,Pútián,Putian,7,6,莆,(uncommon),田,field,,,,,莆田以传统工艺闻名,Pútián yǐ chuán tǒng gōng yì wén míng,Putian is famous for traditional crafts
5439,漆黑,qī hēi,pitch black,7,4,漆,varnish,黑色,black,,,,,夜里外面漆黑一片,yè lǐ wài miàn qī hēi yí piàn,It was pitch black outside at night
5440,奇诺比珂,qí nuò bǐ kē,Toadette,7,,,,,,,,,,奇诺比珂在商店里出现了,qí nuò bǐ kē zài shāng diàn lǐ chū xiàn le,Toadette appeared in the shop
5441,奇葩的人,qí pā de rén,oddball,7,,,,,,,,,,他真是个奇葩的人,Tā zhēn shì gè qípā de rén,He really is a bizarre person
5442,气派,qì pài,impressive;stylish;dignified,7,4,空气,ai r,派对,party,,,,,这栋大楼看起来很气派。,zhè dòng dà lóu kàn qǐ lái hěn qì pài.,This building looks very impressive.
5443,旗袍,qí páo,cheongsam;Chinese dress,7,2,国旗,Country flag,袍,gown,,,,,她穿着漂亮的旗袍,tā chuān zhe piào liang de qí páo,She is wearing a beautiful cheongsam
5444,气泡酒,qì pào jiǔ,sparkling wine,7,,,,,,,,,,他们开了一瓶气泡酒,tā men kāi le yī píng qì pào jiǔ,they opened a bottle of sparkling wine
5445,起跑线,qǐ pǎo xiàn,starting line,7,3,起来,to get up,跑,to run,线,line,,,赛车手们站在起跑线上,sài chē shǒu men zhàn zài qǐ pǎo xiàn shàng,the racers are at the start line
5446,旗下,qí xià,under the umbrella of,7,4,旗,banner;flag,下面,below,,,,,这是该公司旗下的品牌。,zhè shì gāi gōng sī qí xià de pǐn pái。,This is a brand under the company.
5447,气象,qì xiàng,meteorology,7,2,天气,weather,现象,phenomenon,,,,,今天的气象条件不错。,jīn tiān de qì xiàng tiáo jiàn bú cuò.,The weather conditions are good today.
5448,气压计,qì yā jì,barometer,7,2,气,gas,压力,pressure,计,to calculate,,,气压计用来测气压。,qì yā jì yòng lái cè qì yā.,a barometer measures air pressure.
5449,气晕,qì yūn,to faint from anger,7,4,生气,angry,头晕,dizzy,,,,,她差点被气晕了。,tā chà diǎn bèi qì yūn le.,She almost fainted from anger.
5450,欺诈评分模型,qī zhà píng fēn mó xíng,fraud scoring model,7,,,,,,,,,,银行使用欺诈评分模型,yín háng shǐ yòng qī zhà píng fēn mó xíng,Banks use fraud scoring models
5451,气质,qì zhì,temperament;disposition,7,3,气氛,mood,质量,quality,,,,,她很有气质。,tā hěn yǒu qì zhì.,She has great elegance.
5452,千焦,qiān jiāo,kilojoule,7,2,千,thousand,焦,burned,,,,,这个食品含有500千焦热量,zhè gè shí pǐn hán yǒu wǔ bǎi qiān jiāo rè liàng,this food contains 500 kilojoules
5453,欠拟合,qiàn nǐ hé,underfitting,7,3,欠,to owe,拟合,to fit (data to a model),,,,,欠拟合说明模型太简单,qiàn nǐ hé shuō míng mó xíng tài jiǎn dān,underfitting means the model is too simple
5454,潜水镜,qián shuǐ jìng,diving mask,7,2,潜水,dive,眼镜,glasses,,,,,戴上潜水镜才能看清水下景物。,dài shàng qián shuǐ jìng cái néng kàn qīng shuǐ xià jǐng wù.,You can see underwater clearly only with a diving mask.
5455,潜艇,qián tǐng,submarine,7,,,,,,,,,,海里有一艘潜艇,hǎi lǐ yǒu yī sōu qiántǐng,there is a submarine in the sea
5456,浅紫,qiǎn zǐ,light purple,7,4,浅,shallow,紫色,purple,,,,,浅紫色很浪漫,qiǎn zǐ sè hěn làng màn,Light purple feels romantic
5457,浅棕,qiǎn zōng,light brown,7,4,浅,shallow,棕色,brown,,,,,浅棕色地板很温馨,qiǎn zōng sè dì bǎn hěn wēn xīn,Light brown floors feel cozy
5458,抢手货,qiǎng shǒu huò,hot item,7,3,抢劫,to rob;robbery,手,hand,货,goods,,,这款手机是抢手货,Zhè kuǎn shǒujī shì qiǎngshǒu huò,This phone model is in hot demand
5459,桥洞,qiáo dòng,bridge arch underpass,7,3,桥,bridge,洞,hole,,,,,有人住在桥洞下面。,yǒu rén zhù zài qiáo dòng xià miàn.,Some people live under bridges.
5460,乔家大院,qiáo jiā dà yuàn,"Qiao Family Courtyard (Shanxi), historic merchant residence",7,4,乔,Joe,家庭,family,大,big,院子,courtyard,乔家大院体现了晋商文化。,qiáo jiā dà yuàn tǐ xiàn le jìn shāng wén huà,The Qiao Family Compound reflects Jin merchant culture.
5461,巧克力色,qiǎo kè lì sè,chocolate brown,7,4,巧克力,chocolate,颜色,color,,,,,巧克力色看起来很甜,qiǎo kè lì sè kàn qǐ lái hěn tián,Chocolate brown looks rich
5462,妾,qiè,concubine,7,,,,,,,,,,古代皇帝有很多妾,gǔ dài huáng dì yǒu hěn duō qiè,Ancient emperors had many concubines
5463,青城山,qīng chéng shān,"Mount Qingcheng (Sichuan), Taoist mountain with temples",7,3,青,blue-green,城市,city,山,mountain,,,青城山环境非常清幽。,qīng chéng shān huán jìng fēi cháng qīng yōu,Mount Qingcheng has a very tranquil environment.
5464,情景喜剧,qíng jǐng xǐ jù,sitcom,7,4,情景,scene;situation,喜剧,comedy,,,,,情景喜剧轻松幽默。,qíng jǐng xǐ jù qīng sōng yōu mò.,sitcoms are light and humorous.
5465,青绿,qīng lǜ,blue green,7,4,青,green-blue,绿色,green,,,,,青绿在山水画中常见,qīng lǜ zài shān shuǐ huà zhōng cháng jiàn,Blue green is common in landscape paintings
5466,清明上河园,qīng míng shàng hé yuán,"Qingming Riverside Landscape Garden (Kaifeng, Henan), park inspired by painting",7,4,清楚,clear,明,bright,上,upper,河园,river garden,清明上河园再现了宋代生活。,qīng míng shàng hé yuán zài xiàn le sòng dài shēng huó,Qingming Riverside Park recreates Song dynasty life.
5467,青提,qīng tí,green grapes,7,3,青,green,提,hold in hand,,,,,青提比红提更酸,qīng tí bǐ hóng tí gèng suān,green grapes are more sour than red ones
5468,蜻蜓,qīng tíng,dragonfly,7,,-,,,,,,,,蜻蜓在水面上飞来飞去。,qīng tíng zài shuǐ miàn shàng fēi lái fēi qù.,dragonflies fly over the water.
5469,情绪价值,qíng xù jià zhí,emotional value,7,4,情绪,mood,价值,value,,,,,他总是安慰大家很有情绪价值,qíng xù jià zhí tā zǒng shì ān wèi dà jiā hěn yǒu qíng xù jià zhí,he always comforts others which brings emotional value
5470,清真寺,qīng zhēn sì,mosque,7,3,清醒,sober,真,true;genuine,寺,temple,,,城里有一座很大的清真寺,chéng lǐ yǒu yī zuò hěn dà de qīngzhēnsì,There is a big mosque in the city
5471,丘吉尔,qiū jí ěr,Winston Churchill,7,,-,,,,,,,,丘吉尔在二战中发挥重要作用。,qiū jí ěr zài èr zhàn zhōng fā huī zhòng yào zuò yòng.,churchill played an important role in wwii.
5472,全科医学科,quán kē yī xué kē,general practice department,7,,,,,,,,,,全科医学科负责初步诊断,quán kē yī xué kē fù zé chū bù zhěn duàn,The general practice department handles initial diagnoses
5473,劝退,quàn tuì,to discourage from continuing,7,3,劝说,persuade,退出,to withdraw,,,,,高难度的课程劝退了不少人。,gāo nán dù de kè chéng quàn tuì le bù shǎo rén.,The difficult course discouraged many people.
5474,权限控制,quán xiàn kòng zhì,access control,7,,,,,,,,,,系统有严格的权限控制,xì tǒng yǒu yán gé de quán xiàn kòng zhì,The system has strict access control
5475,泉州,Quánzhōu,Quanzhou,7,4,泉,spring,州,state,,,,,泉州是海上丝绸之路起点,Quánzhōu shì hǎi shàng sī chóu zhī lù qǐ diǎn,Quanzhou is the starting point of the Maritime Silk Road
5476,雀斑,què bān,freckles,7,2,雀,small bird,斑,spot;spotted,,,,,她脸上有很多可爱的雀斑,tā liǎn shàng yǒu hěn duō kě ài de què bān,She has many cute freckles on her face
5477,热力图,rè lì tú,heatmap,7,4,热力,heat,图表,chart,,,,,热力图显示了访问量,rè lì tú xiǎn shì le fǎng wèn liàng,The heatmap shows the traffic
5478,热搜,rè sōu,trending search,7,4,热门,popular,搜索,search,,,,,这件事上了热搜。,zhè jiàn shì shàng le rè sōu.,This story trended online.
5479,人民日报,rén mín rì bào,People's Daily,7,3,人民,people,日常,daily,报纸,newspaper,,,我每天读人民日报了解新闻。,wǒ měi tiān dú rén mín rì bào liǎo jiě xīn wén.,I read People's Daily every day to get news.
5480,人民网,rén mín wǎng,people’s daily online;people.cn,7,3,人民,people,网络,network,,,,,人民网发布官方消息。,rén mín wǎng fā bù guān fāng xiāo xī.,people’s daily online releases official news.
5481,人鱼线,rén yú xiàn,v-line abs;mermaid line,7,,人鱼,mermaid,线,line,,,,,他练出明显的人鱼线,tā liàn chū míngxiǎn de rényú xiàn,he trained clear v lines on his abs
5482,日照,Rìzhào,Rizhao,7,5,日,day,照片,picture,,,,,日照的海滩很受游客欢迎,Rìzhào de hǎi tān hěn shòu yóu kè huān yíng,Rizhao’s beaches are very popular with tourists
5483,肉洞,ròu dòng,flesh hole,7,,,,,,,,,,网络上有人用肉洞这种说法,wǎngluò shàng yǒurén yòng ròu dòng zhèzhǒng shuōfǎ,online some people use the term meat hole
5484,肉毒,ròu dú,botox,7,1,肉,meat,毒,poison,,,,,她做了肉毒素注射,Tā zuò le ròudúsù zhùshè,She got a Botox injection
5485,肉桂卷,ròu guì juǎn,cinnamon roll;cinnabun,7,3,肉桂,cinnamon,卷,roll,,,,,早餐我吃了一个肉桂卷,zǎo cān wǒ chī le yī gè ròu guì juǎn,i ate a cinnamon roll for breakfast
5486,肉臀,ròu tún,meaty butt,7,,,,,,,,,,她的肉臀很丰满,tā de ròutún hěn fēngmǎn,her buttocks are very full
5487,肉眼,ròu yǎn,naked eye,7,3,肉,meat,眼睛,eye,,,,,这种细菌肉眼看不见。,zhè zhǒng xì jūn ròu yǎn kàn bú jiàn.,This kind of bacteria can’t be seen with the naked eye.
5488,入坑,rù kēng,to get into (a new hobby),7,3,进入,enter,坑,pit,,,,,我最近刚入坑摄影。,wǒ zuì jìn gāng rù kēng shè yǐng,I recently got into photography.
5489,乳酪,rǔ lào,cheese,7,,-,,,,,,,,这块乳酪很好吃,zhè kuài rǔ lào hěn hǎo chī,this cheese tastes good
5490,乳糖不耐症,rǔ táng bù nài zhèng,lactose intolerance,7,,,,,,,,,,她有乳糖不耐症不能喝牛奶,tā yǒu rǔtáng bù nài zhèng bùnéng hē niúnǎi,She has lactose intolerance and cannot drink milk
5491,乳腺外科,rǔ xiàn wài kē,breast surgery department,7,4,乳腺,mammary gland,外科,surgery,,,,,她去乳腺外科做检查,tā qù rǔ xiàn wài kē zuò jiǎn chá,She went to the breast surgery department for a checkup
5492,萨克斯,sà kè sī,saxophone,7,,-,,,,,,,,萨克斯常用于爵士乐。,sà kè sī cháng yòng yú jué shì yuè.,the saxophone is common in jazz.
5493,赛车,sài chē,racecar,7,4,比赛,match,车,vehicle,,,,,挑选你喜欢的赛车,tiāo xuǎn nǐ xǐ huān de sài chē,choose your favorite race car
5494,赛车手,sài chē shǒu,racer,7,,,,,,,,,,选择你的赛车手,xiǎnɡ zé nǐ de sài chē shǒu,choose your racer
5495,塞尔达传说,sài ěr dá chuán shuō,The Legend of Zelda,7,4,塞尔达,Zelda,传说,legend,,,,,塞尔达传说的世界观非常宏大。,sài ěr dá chuán shuō de shì jiè guān fēi cháng hóng dà.,the legend of zelda has a vast world.
5496,赛季,sài jì,sports season,7,3,比赛,match,季节,season,,,,,新的赛季开始了,xīn de sài jì kāi shǐ le,the new season has begun
5497,赛里木湖,sài lǐ mù hú,"Sayram Lake (Xinjiang), alpine lake with clear waters",7,4,比赛,competition,里,inside,木头,wood,湖,lake,赛里木湖像一块蓝宝石。,sài lǐ mù hú xiàng yí kuài lán bǎo shí,Sayram Lake looks like a blue gem.
5498,三部曲,sān bù qǔ,trilogy,7,2,三,three,部分,part,歌曲,song,,,这位导演拍了一部科幻三部曲。,zhè wèi dǎo yǎn pāi le yí bù kē huàn sān bù qǔ.,This director made a science-fiction trilogy.
5499,三国演义,sān guó yǎn yì,Romance of the Three Kingdoms,7,4,三,three,国家,country,表演,play,主义,ideology,三国演义讲述了群雄争霸的故事。,sān guó yǎn yì jiǎng shù le qún xióng zhēng bà de gù shì.,romance of the three kingdoms tells stories of warlords competing.
5500,三角龙,sān jiǎo lóng,triceratops,7,1,三,three,角,horn,恐龙,dinosaur,,,三角龙有三只角。,sān jiǎo lóng yǒu sān zhī jiǎo.,triceratops has three horns.
5501,三维动画,sān wéi dòng huà,3D animation,7,4,三维,3D,动画,animation,,,,,现在很多电影都使用三维动画。,xiàn zài hěn duō diàn yǐng dōu shǐ yòng sān wéi dòng huà,Many movies now use 3D animation.
5502,三星,sān xīng,Samsung,7,3,三,three,星,star,,,,,三星专卖店卖最新的手机,sān xīng zhuān mài diàn mài zuì xīn de shǒu jī,the Samsung store sells the newest phones
5503,三星堆,sān xīng duī,"Sanxingdui (Sichuan), archaeological site of ancient Shu civilization",7,4,三,three,星,star,堆,heap;pile,,,三星堆出土了神秘文物。,sān xīng duī chū tǔ le shén mì wén wù,Sanxingdui unearthed mysterious artifacts.
5504,扫兴,sǎo xìng,party pooper;to have spirit dampened,7,3,扫,sweep,高兴,happy,,,,,下雨真扫兴,xiàyǔ zhēn sǎoxìng,the rain is a real mood killer
5505,涩涩,sè sè,horny,7,,,,,,,,,,他每天晚上都想涩涩。,Tā měitiān wǎnshàng dōu xiǎng sè sè.,He wants to get horny every night.
5506,森林火灾,sēn lín huǒ zāi,forest fire,7,3,森林,forest,火,fire,灾难,disaster,,,森林火灾蔓延很快。,sēn lín huǒ zāi màn yán hěn kuài.,wildfires spread quickly.
5507,沙色,shā sè,sand color,7,4,沙,sand,颜色,color,,,,,沙色风衣很自然,shā sè fēng yī hěn zì rán,Sand colored trench coats feel natural
5508,莎士比亚,shā shì bǐ yà,William Shakespeare,7,,-,,,,,,,,莎士比亚写了许多戏剧。,shā shì bǐ yà xiě le xǔ duō xì jù.,shakespeare wrote many plays.
5509,砂纸,shā zhǐ,sandpaper,7,4,砂,sand,纸,paper,,,,,用砂纸打磨木头表面。,yòng shā zhǐ dǎ mó mù tóu biǎo miàn.,Use sandpaper to smooth the wood surface.
5510,删除,shān chú,delete (data),7,,,,,,,,,,管理员删除了旧文件,guǎn lǐ yuán shān chú le jiù wén jiàn,The admin deleted old files
5511,山地人,shān dì rén,mountain people,7,,,,,,,,,,山地人的生活很朴实,shān dì rén de shēng huó hěn pǔ shí,The mountain people live a simple life
5512,闪电侠,shǎn diàn xiá,The Flash,7,2,闪电,lightning,侠,knight;hero,,,,,闪电侠的速度非常快。,shǎn diàn xiá de sù dù fēi cháng kuài.,the flash is extremely fast.
5513,珊瑚色,shān hú sè,coral color,7,4,珊瑚,coral,颜色,color,,,,,珊瑚色很适合夏天,shān hú sè hěn shì hé xià tiān,Coral suits summer well
5514,扇叶,shàn yè,fan blade,7,2,风扇,electric fan,叶子,leaf,,,,,风扇的扇叶要清洗。,fēng shàn de shàn yè yào qīng xǐ.,The fan blades need cleaning.
5515,上菜,shàng cài,serve dishes,7,,,,,,,,,,服务员正在上菜,fú wù yuán zhèng zài shàng cài,the waiter is serving dishes
5516,上吊,shàng diào,hang oneself,7,4,上升,go up,吊,hang,,,,,警方发现有人在家中上吊自杀,jǐng fāng fā xiàn yǒu rén zài jiā zhōng shàng diào zì shā,The police found someone had hanged themselves at home
5517,上海市,shàng hǎi shì,Shanghai Municipality,7,3,上,upper,海,sea,市,city,,,上海是一座国际化大都市。,shàng hǎi shì yī zuò guó jì huà dà dū shì,Shanghai is a cosmopolitan metropolis.
5518,上流社会,shàng liú shè huì,high society;upper class,7,4,上,upper,流,flow,社会,society,,,她想进入上流社会,Tā xiǎng jìnrù shàngliú shèhuì,She wants to enter high society
5519,上牌,shàng pái,to get a license plate;register vehicle,7,4,上班,go to work,车牌,license plate,,,,,新车需要上牌。,xīn chē xū yào shàng pái,New cars need to be registered.
5520,上头,shàng tóu,to be obsessed with something;have a crush on someone,7,3,上,upper,头,head,,,,,这部剧太甜了我看得完全上头,zhè bù jù tài tián le wǒ kàn de wánquán shàngtóu,this drama is so sweet I am completely addicted
5521,商业秘密,shāng yè mì mì,trade secret,7,4,商业,business,秘密,secret,,,,,商业秘密受到法律保护。,shāng yè mì mì shòu dào fǎ lǜ bǎo hù。,Trade secrets are protected by law.
5522,上座,shàng zuò,seat of honor,7,,,,,,,,,,长辈通常坐在上座,zhǎng bèi tōng cháng zuò zài shàng zuò,elders usually sit in the seat of honor
5523,商丘,Shāngqiū,Shangqiu,7,7,商,business,丘,mound;hill,,,,,商丘是中国古代商朝的发源地之一。,shāng qiū shì zhōng guó gǔ dài shāng cháo de fā yuán dì zhī yī,Shangqiu is one of the birthplaces of the ancient Shang dynasty.
5524,社会大哥,shè huì dà gē,big shot gangster,7,,,,,,,,,,他在社区里很有威望，是个社会大哥。,tā zài shèqū lǐ hěn yǒu wēiwàng，shì gè shèhuì dàgē.,He is respected in the community and is a local social boss.
5525,神经内科,shén jīng nèi kē,neurology department,7,4,精神,spirit,内科,internal medicine,,,,,神经内科诊治中风患者,shén jīng nèi kē zhěn zhì zhōng fēng huàn zhě,The neurology department treats stroke patients
5526,神经外科,shén jīng wài kē,neurosurgery department,7,4,精神,spirit,外科,surgery,,,,,神经外科负责脑部手术,shén jīng wài kē fù zé nǎo bù shǒu shù,The neurosurgery department performs brain surgeries
5527,神经网络,shén jīng wǎng luò,neural network,7,4,神经,nerve,网络,network,,,,,神经网络可以处理复杂的数据,shén jīng wǎng luò kě yǐ chǔ lǐ fù zá de shù jù,neural networks can handle complex data
5528,神经心理评估,shén jīng xīn lǐ píng gū,neuropsychological assessment,7,4,精神,spirit,心理,psychology,评估,evaluation,,,神经心理评估可以评估记忆力,shén jīng xīn lǐ píng gū kě yǐ píng gū jì yì lì,Neuropsychological assessment can evaluate memory
5529,神农架,shén nóng jià,"Shennongjia (Hubei), forested mountain area with rare wildlife",7,4,精神,spirit,农场,farm,架,frame;shelf,,,神农架以原始森林闻名。,shén nóng jià yǐ yuán shǐ sēn lín wén míng,Shennongjia is famous for its primeval forests.
5530,神奇女侠,shén qí nǚ xiá,Wonder Woman,7,2,神奇,magical,女,woman,侠,knight;hero,,,神奇女侠象征力量与正义。,shén qí nǚ xiá xiàng zhēng lì liàng yǔ zhèng yì.,wonder woman symbolizes strength and justice.
5531,深紫,shēn zǐ,dark purple,7,4,深,deep,紫色,purple,,,,,深紫色显得神秘,shēn zǐ sè xiǎn de shén mì,Dark purple looks mysterious
5532,深棕,shēn zōng,dark brown,7,4,深,deep,棕色,brown,,,,,深棕色家具很稳重,shēn zōng sè jiā jù hěn wěn zhòng,Dark brown furniture feels solid
5533,圣诞蜡烛,shèng dàn là zhú,Christmas candle,7,4,圣诞,Christmas,蜡烛,candle,,,,,圣诞蜡烛让房间更温暖,shèngdàn làzhú ràng fángjiān gèng wēnnuǎn,Christmas candles make the room warmer
5534,圣诞礼物,shèng dàn lǐ wù,Christmas gift,7,4,圣诞,Christmas,礼物,gift,,,,,她收到了期待已久的圣诞礼物,tā shōudào le qīdài yǐjiǔ de shèngdàn lǐwù,She received a long awaited Christmas gift
5535,圣诞气氛,shèng dàn qì fēn,Christmas atmosphere,7,4,圣诞,Christmas,气氛,atmosphere,,,,,街上充满圣诞气氛,jiē shàng chōngmǎn shèngdàn qìfēn,The street is full of Christmas atmosphere
5536,圣诞颂歌,shèng dàn sòng gē,Christmas carol,7,4,圣诞,Christmas,颂歌,carol,,,,,教堂里传来圣诞颂歌,jiàotáng lǐ chuánlái shèngdàn sònggē,Carols come from the church
5537,圣诞袜,shèng dàn wà,Christmas stocking,7,4,圣诞,Christmas,袜子,socks,,,,,圣诞袜挂在壁炉旁边,shèngdàn wà guà zài bìlú pángbiān,Stockings hang by the fireplace
5538,圣诞音乐,shèng dàn yīn yuè,Christmas music,7,4,圣诞,Christmas,音乐,music,,,,,商场里一直播放圣诞音乐,shāngchǎng lǐ yìzhí bòfàng shèngdàn yīnyuè,Christmas music plays in malls
5539,圣诞祝福,shèng dàn zhù fú,Christmas wishes,7,4,圣诞,Christmas,祝福,blessing,,,,,朋友们互送圣诞祝福,péngyoumen hù sòng shèngdàn zhùfú,Friends exchange Christmas wishes
5540,生活化,shēng huó huà,relatable;life-oriented,7,4,生活,life,文化,culture,,,,,表达更生活化。,biǎo dá gèng shēng huó huà,The expression is more natural.
5541,圣经,shèng jīng,Holy Bible,7,2,圣,holy,经典,classic works,,,,,圣经对西方文化影响深远。,shèng jīng duì xī fāng wén huà yǐng xiǎng shēn yuǎn.,the bible has deeply influenced western culture.
5542,胜利,shèng lì,victory,7,,,,,,,,,,最后他获得了胜利,zuì hòu tā huò dé le shèng lì,in the end he achieved victory
5543,省略号,shěng lüè hào,ellipsis,7,2,省略,to omit,号,mark,,,,,省略号表示说话内容还没有结束,shěng lüè hào biǎo shì shuō huà nèi róng hái méi yǒu jié shù,An ellipsis shows that the speech is not finished
5544,圣母,shèng mǔ,overly holy woman,7,,,,,,,,,,她总是无条件原谅别人被叫圣母,tā zǒngshì wútiáojiàn yuánliàng biérén bèi jiào shèngmǔ,she always forgives others and gets called a saint mother
5545,生怕,shēng pà,be terribly afraid that,7,4,生活,life,害怕,fear,,,,,她生怕自己迟到。,tā shēng pà zì jǐ chí dào,She was terribly afraid of being late.
5546,生效,shēng xiào,took effect,7,4,发生,to happen,有效,effective,,,,,新规定从明天开始生效,xīn guī dìng cóng míng tiān kāi shǐ shēng xiào,the new rules will take effect tomorrow
5547,生产者名称,shēngchǎn zhě míngchēng,Manufacturer name,7,,,,,,,,,,标签上有生产者名称,biaoqian shang you shengchan zhe mingcheng,The label has the producer name
5548,沈阳,Shěnyáng,Shenyang,7,6,沈,(uncommon),阳光,sunlight,,,,,沈阳有著名的故宫景点,Shěnyáng yǒu zhù míng de gù gōng jǐng diǎn,Shenyang has the famous Imperial Palace site
5549,失败,shī bài,defeat;to lose;fail,7,,,,,,,,,,他们这回合失败了,tā men zhè huí hé shī bài le,they were defeated this turn
5550,石板灰,shí bǎn huī,slate gray,7,4,石板,slate,灰色,gray,,,,,石板灰适合现代风格,shí bǎn huī shì hé xiàn dài fēng gé,Slate gray suits modern styles
5551,湿冷,shī lěng,damp and cold,7,4,湿,moist,冷,cold,,,,,这里冬天又湿冷。,zhè lǐ dōng tiān yòu shī lěng.,Winters here are damp and cold.
5552,食人鱼,shí rén yú,piranha,7,1,食物,food,人,person,鱼,fish,,,亚马逊河里有食人鱼,yà mǎ xùn hé lǐ yǒu shí rén yú,there are piranhas in the amazon river
5553,十三陵,shí sān líng,"Ming Tombs (Beijing), mausoleums of Ming dynasty emperors",7,3,十三,thirteen,陵墓,tomb,,,,,十三陵埋葬着明代皇帝。,shí sān líng mái zàng zhe míng dài huáng dì,The Ming Tombs bury Ming emperors.
5554,时薪,shí xīn,hourly wage,7,4,小时,hour,薪水,salary,,,,,这份工作的时薪很高。,zhè fèn gōng zuò de shí xīn hěn gāo,This job has a high hourly wage.
5555,失信名单,shī xìn míng dān,blacklist of defaulters,7,4,失信,dishonesty;break a promise,名字,name,清单,list,,,公司被列入失信名单。,gōng sī bèi liè rù shī xìn míng dān.,The company was placed on the defaulters list.
5556,湿疹,shī zhěn,eczema,7,3,潮湿,damp;moist,皮疹,rash,,,,,他得了湿疹，皮肤很痒。,"tā dé le shī zhěn, pí fū hěn yǎng.","He has eczema, and his skin is itchy."
5557,狮子王,shī zi wáng,the lion king,7,4,狮子,lion,王,king,,,,,狮子王是一部经典动画。,shī zi wáng shì yí bù jīng diǎn dòng huà.,the lion king is a classic animation.
5558,失物招领架,Shīwù zhāolǐng jià,lost and found rack,7,,,,,,,,,,-,-,-
5559,手柄,shǒu bǐng,video game controller;handle,7,,,,,,,,,,我买了一个新的游戏手柄,wǒ mǎi le yī gè xīn de yóuxì shǒubǐng,I bought a new game controller
5560,首尔,shǒu ěr,Seoul,7,,,,,,,,,,首尔是韩国的首都。,shǒu ěr shì hán guó de shǒu dū.,Seoul is the capital of South Korea.
5561,首富,shǒu fù,richest person,7,4,首先,first,财富,wealth,,,,,他曾是当地首富。,Tā céng shì dāngdì shǒufù.,He was once the richest person in the area.
5562,手术刀,shǒu shù dāo,scalpel,7,1,手术,surgery,刀,knife,,,,,医生拿起了手术刀。,yī shēng ná qǐ le shǒu shù dāo.,the doctor picked up the scalpel.
5563,手术室,shǒu shù shì,operating room,7,,,,,,,,,,手术室里禁止使用手机。,shǒu shù shì lǐ jìn zhǐ shǐ yòng shǒu jī。,Mobile phones are not allowed in the operating room。
5564,数据迁移,shù jù qiān yí,data migration,7,,,,,,,,,,团队正在进行数据迁移,tuán duì zhèng zài jìn xíng shù jù qiān yí,The team is doing data migration
5565,数据泄露,shù jù xiè lòu,data breach,7,,,,,,,,,,昨天发生了数据泄露,zuó tiān fā shēng le shù jù xiè lòu,There was a data breach yesterday
5566,书名号,shū míng hào,title mark (《》),7,4,书,book,名,name,号,mark,,,中文中书名要用书名号表示,zhōng wén zhōng shū míng yào yòng shū míng hào biǎo shì,"In Chinese, book titles are shown with book title marks"
5567,树皮,shù pí,(tree) bark,7,1,树,tree,皮,skin,,,,,松树的树皮很粗糙,Sōngshù de shùpí hěn cūcāo,The bark of a pine tree is very rough
5568,数数,shǔ shù,to count numbers,7,4,数,number,数,number,,,,,老师让孩子们一起数数,lǎo shī ràng hái zi men yì qǐ shǔ shù,The teacher asked the kids to count numbers together
5569,输液,shū yè,infusion;I.V.,7,2,运输,to transport,血液,blood,,,,,输液室里有很多病人在输液,shū yè shì lǐ yǒu hěn duō bìng rén zài shū yè,There are many patients receiving infusions
5570,输液架,shū yè jià,iv stand,7,2,运输,transport,液,liquid,架,rack,,,输液架放在病床旁。,shū yè jià fàng zài bìng chuáng páng.,the iv stand is beside the hospital bed.
5571,甩手掌柜,shuǎi shǒu zhǎng guì,hands-off boss;arm-flinging shopkeeper,7,4,甩手,to shrug off;wash hands of;swing arms,掌柜,shopkeeper,,,,,他当老板却是个甩手掌柜。,tā dāng lǎo bǎn què shì gè shuǎi shǒu zhǎng guì,He’s a boss who leaves everything to others.
5572,双胞胎,shuāng ​bāo ​tāi,twins,7,1,双,double,细胞,cell,胎,unborn child;fetus,,,她生了一对双胞胎,Tā shēng le yī duì shuāngbāotāi,She gave birth to twins
5573,双向奔赴,shuāng xiàng bēn fù,two people in love,7,4,双,pair,向,towards,奔赴,rush to,,,真正的爱情是双向奔赴,shuāng xiàng bēn fù zhēn zhèng de ài qíng shì shuāng xiàng bēn fù,true love is about mutual effort
5574,水平尺,shuǐ píng chǐ,level (tool),7,2,水平的,horizontal,尺子,ruler,,,,,安装书架时用水平尺。,ān zhuāng shū jià shí yòng shuǐ píng chǐ.,Use a level when installing the bookshelf.
5575,水星,shuǐ xīng,Mercury,7,2,水,water,星,star,,,,,水星离太阳最近。,shuǐ xīng lí tài yáng zuì jìn.,mercury is closest to the sun.
5576,四大件,sì dà jiàn,four must-have items:watch;bicycle;sewing machine;radio,7,4,四,four,大,big,件,item,,,以前结婚讲究四大件。,yǐ qián jié hūn jiǎng jiū sì dà jiàn.,"People used to emphasize the ""four big items"" for marriage."
5577,丝滑,sī huá,silky smooth;frictionless;easy,7,3,丝绸,silk,光滑,smooth,,,,,这个操作非常丝滑。,zhè gè cāo zuò fēi cháng sī huá,This operation is very smooth.
5578,松弛感,sōng chí gǎn,sense of ease;Paris Olympics vibe,7,4,轻松,light,松弛,relaxation,感觉,feeling,,,她给人一种很强的松弛感。,Tā gěi rén yì zhǒng hěn qiáng de sōngchígǎn.,She gives people a strong sense of ease.
5579,嵩山,sōng shān,"Mount Song (Henan), sacred mountain with Shaolin Temple",7,4,嵩,lofty,山,mountain,,,,,嵩山是五岳之一。,sōng shān shì wǔ yuè zhī yī,Mount Song is one of the Five Sacred Mountains.
5580,松石绿,sōng shí lǜ,turquoise green,7,4,松石,turquoise gemstone,绿色,green,,,,,松石绿像海水一样,sōng shí lǜ xiàng hǎi shuǐ yí yàng,Turquoise green looks like seawater
5581,送终,sòng zhōng,to attend a parent's funeral;pay last respects,7,4,送,to see off,终于,finally,,,,,他一直陪在父亲身边送终。,tā yì zhí péi zài fù qīn shēn biān sòng zhōng,He stayed by his father’s side until the end.
5582,苏打水,sū dǎ shuǐ,soda water,7,5,苏打,soda,水,water,,,,,他喜欢喝柠檬味苏打水,tā xǐ huān hē níng méng wèi sū dǎ shuǐ,he likes lemon-flavored soda water
5583,速冻食品,sù dòng shí pǐn,frozen food,7,3,速,fast,冻,freeze,食物,food,产品,product,速冻食品做起来很方便。,sù dòng shí pǐn zuò qǐ lái hěn fāng biàn.,frozen food is very convenient to prepare.
5584,俗语,sú yǔ,folk saying;common saying,7,4,习俗,custom;tradition,语言,language,,,,,这是一句很常见的俗语。,Zhè shì yí jù hěn chángjiàn de súyǔ.,This is a very common folk saying.
5585,塔克拉玛干沙漠,tǎ kè lā mǎ gān shā mò,"Taklamakan Desert (Xinjiang), vast desert in western China",7,,-,,,,,,,,塔克拉玛干沙漠面积巨大。,tǎ kè lā mǎ gàn shā mò miàn jī jù dà,The Taklamakan Desert is vast.
5586,塔可钟,tǎ kě zhōng,Taco Bell,7,,,,,,,,,,塔可钟在上海开了几家店,tǎ kě zhōng zài shàng hǎi kāi le jǐ jiā diàn,Taco Bell has opened several stores in Shanghai
5587,泰姬陵,tài jī líng,Taj Mahal,7,,-,,,,,,,,泰姬陵象征永恒的爱情。,tài jī líng xiàng zhēng yǒng héng de ài qíng.,the taj mahal symbolizes eternal love.
5588,太极图,tài jí tú,Tai Chi diagram;yin yang,7,4,太,too much,极,extreme,图,picture;diagram,,,墙上挂着一幅太极图,Qiáng shàng guà zhe yì fú tàijítú,A Tai Chi diagram hangs on the wall
5589,太鲁阁,tài lǔ gé,Taroko Gorge (in Taiwan),7,5,太,too,鲁,Lu surname,阁,2-story pavilion,,,太鲁阁以壮丽峡谷闻名。,tài lǔ gé yǐ zhuàng lì xiá gǔ wén míng.,taroko gorge is famous for its magnificent canyons.
5590,太上皇,tài shàng huáng,retired emperor,7,5,太上,title of respect,皇帝,emperor,,,,,太上皇已经退位了,tài shàng huáng yǐ jīng tuì wèi le,The retired emperor has abdicated
5591,泰坦尼克号,tài tǎn ní kè hào,Titanic,7,,-,,,,,,,,我们在博物馆看了泰坦尼克号的展览。,wǒ men zài bó wù guǎn kàn le tài tǎn ní kè hào de zhǎn lǎn.,We saw the Titanic exhibition at the museum.
5592,太子妃,tài zǐ fēi,crown princess,7,5,太子,crown prince,王妃,princess,,,,,太子妃穿着华丽的礼服,tài zǐ fēi chuān zhe huá lì de lǐ fú,The crown princess wore a gorgeous gown
5593,炭灰,tàn huī,charcoal gray,7,4,木炭,charcoal,灰色,gray,,,,,炭灰色很耐看,tàn huī sè hěn nài kàn,Charcoal gray ages well
5594,坦克,tǎn kè,tank,7,,,,,,,,,,坦克开过了草地,Tǎnkè kāi guò le cǎodì,The tank drove across the grass
5595,摊牌,tān pái,show one’s cards;showdown,7,4,摊,to spread out;open,牌,card;tile,,,,,他们决定今天摊牌。,tā men jué dìng jīn tiān tān pái。,They decided to lay their cards on the table today.
5596,摊主,tān zhǔ,stall owner,7,4,摊位,vendor booth,主,owner,,,,,摊主热情地招呼顾客,Tānzhǔ rèqíng de zhāohu gùkè,The stall owner warmly greeted customers
5597,糖果传奇,táng guǒ chuán qí,Candy Crush,7,4,糖果,candy,传奇,saga,,,,,糖果传奇适合用来打发时间。,táng guǒ chuán qí shì hé yòng lái dǎ fā shí jiān.,candy crush saga is good for killing time.
5598,螳螂,táng láng,praying mantis,7,,,,,,,,,,螳螂正在抓虫子,táng láng zhèng zài zhuā chóng zi,The mantis is catching bugs
5599,唐老鸭,táng lǎo yā,Donald Duck,7,3,唐代,Tang dynasty,老,old,鸭子,duck,,,唐老鸭说话很有特点。,táng lǎo yā shuō huà hěn yǒu tè diǎn.,donald duck has a distinctive voice.
5600,唐山,Tángshān,Tangshan,7,4,唐朝,Tang dynasty,山,mountain,,,,,唐山以钢铁工业闻名全国。,táng shān yǐ gāng tiě gōng yè wén míng quán guó,Tangshan is famous nationwide for its steel industry.
5601,桃红,táo hóng,peach pink,7,4,桃子,peach,红色,red,,,,,桃红色看起来很甜美,táo hóng sè kàn qǐ lái hěn tián měi,Peach pink looks sweet
5602,淘汰赛阶段,táo tài sài jiē duàn,knockout stage,7,4,淘汰,to knock out;elimination,比赛,competition,阶段,stage,,,球队进入淘汰赛阶段。,qiú duì jìn rù táo tài sài jiē duàn。,The team entered the knockout stage.
5603,桃园,táo yuán,Taoyuan,7,,,,,,,,,,桃园有一个国际机场,táoyuán yǒu yī gè guójì jīchǎng,Taoyuan has an international airport
5604,特拉维夫,tè lā wéi fū,Tel Aviv,7,,,,,,,,,,特拉维夫位于以色列,tè lā wéi fū wèi yú yǐ sè liè,Tel Aviv is located in Israel
5605,特效,tè xiào,special effects,7,4,特别,special,效果,effects,,,,,这部电影的特效很震撼。,zhè bù diàn yǐng de tè xiào hěn zhèn hàn,The special effects in this movie are impressive.
5606,特征,tè zhēng,(data) feature,7,4,特,special,象征,emblem;symbol,,,,,这些特征在分类中非常重要,zhè xiē tè zhēng zài fēn lèi zhōng fēi cháng zhòng yào,these features are very important in classification
5607,疼痛科,téng tòng kē,pain management department,7,,,,,,,,,,疼痛科帮助病人减轻疼痛,téng tòng kē bāng zhù bìng rén jiǎn qīng téng tòng,The pain management department helps relieve pain
5608,体力活,tǐ lì huó,manual labor,7,3,身体,body,力量,strength,干活,to work,,,这是体力活。,zhè shì tǐ lì huó.,This is physical labor.
5609,天津市,tiān jīn shì,Tianjin Municipality,7,5,天,sky,津,(uncommon),市,city,,,天津靠近北京。,tiān jīn kào jìn běi jīng,Tianjin is close to Beijing.
5610,天平,tiān píng,balance scale,7,3,天空,sky,平衡,balance,,,,,实验室里有天平。,shí yàn shì lǐ yǒu tiān píng.,there is a balance scale in the lab.
5611,田鼠,tián​ shǔ,vole,7,2,田,field,鼠,rat,,,,,田野里有很多田鼠,tián yě lǐ yǒu hěn duō tián shǔ,there are many field mice in the field
5612,天王星,tiān wáng xīng,Uranus,7,2,天空,sky,王,king,星,star,,,天王星自转独特。,tiān wáng xīng zì zhuǎn dú tè.,uranus rotates uniquely.
5613,天主教,tiān zhǔ jiào,Catholicism,7,2,天,God,主,master,宗教,religion,,,他信仰天主教,Tā xìnyǎng Tiānzhǔjiào,He practices Catholicism
5614,舔爪子,tiǎn zhuǎ zi,lick paws,7,,,,,,,,,,猫经常舔爪子清洁自己。,māo jīng cháng tiǎn zhuǎ zi qīng jié zì jǐ.,Cats often lick their paws to clean themselves.
5615,跳动,tiào dòng,to beat;throb;pulse,7,2,跳,to jump,动,move,,,,,他的心脏在快速跳动,tā de xīn zàng zài kuài sù tiào dòng,his heart is beating fast
5616,跳水,tiào shuǐ,to dive;plunge,7,2,跳,jump,水,water,,,,,她是国家跳水队成员。,tā shì guó jiā tiào shuǐ duì chéng yuán.,she is a member of the national diving team.
5617,跳蚤,tiào zǎo,flea,7,,-,,,,,,,,跳蚤会叮咬人。,tiào zǎo huì dīng yǎo rén.,fleas bite people.
5618,铁灰,tiě huī,iron gray,7,4,铁,iron,灰色,gray,,,,,铁灰色显得冷静,tiě huī sè xiǎn de lěng jìng,Iron gray looks calm
5619,听说读写,tīng shuō dú xiě,listening speaking reading and writing,7,4,听,listen,说话,speak,阅读,read,写字,write,学习语言要练习听说读写。,xué xí yǔ yán yào liàn xí tīng shuō dú xiě.,Language learners should practice listening speaking reading and writing.
5620,听诊器,tīng zhěn qì,stethoscope,7,1,听,listen,诊断,diagnose,器,device,,,医生用听诊器检查心跳。,yī shēng yòng tīng zhěn qì jiǎn chá xīn tiào.,the doctor checks the heartbeat with a stethoscope.
5621,停滞,tíng zhì,to stagnate;stagnant,7,,-,,,,,,,,经济增长停滞了。,jīng jì zēng zhǎng tíng zhì le.,Economic growth has stagnated.
5622,同父异母姐妹,tóng fù yì mǔ jiě mèi,half-sister (same father),7,4,同父,same father,异母,different mother,姐妹,sisters,,,她和她的同父异母姐妹一起长大。,tā hé tā de tóng fù yì mǔ jiěmèi yīqǐ zhǎngdà,She grew up with her half-sister.
5623,同父异母兄弟,tóng fù yì mǔ xiōng dì,half-brother (same father),7,4,同父,same father,异母,different mother,兄弟,brothers,,,他介绍我认识他的同父异母兄弟。,tā jièshào wǒ rènshí tā de tóng fù yì mǔ xiōngdì,He introduced me to his half-brother.
5624,通婚,tōng hūn,to intermarry,7,4,通,to go through,结婚,to marry,,,,,两个民族长期通婚。,liǎng gè mín zú cháng qī tōng hūn.,The two ethnic groups have intermarried for a long time.
5625,同母异父姐妹,tóng mǔ yì fù jiě mèi,half-sister (same mother),7,4,同母,same mother,异父,different father,姐妹,sisters,,,我第一次见到我的同母异父姐妹。,wǒ dì-yī cì jiàndào wǒ de tóng mǔ yì fù jiěmèi,I met my half-sister for the first time.
5626,同母异父兄弟,tóng mǔ yì fù xiōng dì,half-brother (same mother),7,4,同母,same mother,异父,different father,兄弟,brothers,,,他们是同母异父兄弟，但感情特别好。,tāmen shì tóng mǔ yì fù xiōngdì dàn gǎnqíng tèbié hǎo,They are half-brothers and very close.
5627,铜色,tóng sè,copper color,7,4,铜,copper,颜色,color,,,,,铜色给人复古感,tóng sè gěi rén fù gǔ gǎn,Copper feels retro
5628,投币式,tóu bì shì,coin operated,7,3,投入,throw into,硬币,coin,方式,method,,,这里还有投币式洗衣机。,Zhèlǐ hái yǒu tóubìshì xǐyījī.,There are coin operated washing machines here.
5629,头巾,tóu jīn,hijab,7,1,头,head,巾,scarf,,,,,她戴着一条红色头巾,tā dàizhe yītiáo hóngsè tóujīn,She is wearing a red headscarf
5630,头皮,tóu pí,scalp,7,1,头,head,皮,skin,,,,,我的头皮很痒,wǒ de tóupí hěn yǎng,My scalp is very itchy
5631,吐槽大会,tǔ cáo dà huì,Roast Session (show),7,4,吐槽,complain,大会,general assembly;convention,,,,,他很喜欢看吐槽大会。,tā hěn xǐ huān kàn tǔ cáo dà huì.,he really likes watching roast shows.
5632,土黄,tǔ huáng,earth yellow,7,4,土,earth,黄色,yellow,,,,,土黄色很自然,tǔ huáng sè hěn zì rán,Earth yellow feels natural
5633,吐鲁番,tǔ lǔ fān,"Turpan (Xinjiang), oasis city with ancient ruins and vineyards",7,4,吐,vomit,鲁迅,"Lu Xun, Chinese writer",番茄,tomato,,,吐鲁番以葡萄闻名。,tǔ lǔ fān yǐ pú táo wén míng,Turpan is famous for grapes.
5634,土司城,tǔ sī chéng,"Tusi City (Guizhou), historic site of local chieftains",7,4,土地,land,司机,driver,城池,city,,,土司城展示了土司文化。,tǔ sī chéng zhǎn shì le tǔ sī wén huà,Tusi City displays Tusi culture.
5635,土星,tǔ xīng,Saturn,7,3,土豆,potato,星,star,,,,,土星有美丽的环。,tǔ xīng yǒu měi lì de huán.,saturn has beautiful rings.
5636,退烧药,tuì shāo yào,fever medicine,7,3,退,retreat,发烧,fever,药,medicine,,,医生给我开了退烧药。,yī shēng gěi wǒ kāi le tuì shāo yào.,The doctor prescribed fever medicine.
5637,托举,tuō jǔ,parental support;lifting up,7,4,拜托,please,举行,to hold (meeting),,,,,大家一起托举他成功。,dà jiā yì qǐ tuō jǔ tā chéng gōng,Everyone supported him to succeed.
5638,驼色,tuó sè,camel color,7,4,骆驼,camel,颜色,color,,,,,驼色大衣很显气质,tuó sè dà yī hěn xiǎn qì zhì,A camel coat looks elegant
5639,外包,wài bāo,outsource,7,3,外国,foreign,包,pack,,,,,公司决定把这个项目外包出去,gōng sī jué dìng bǎ zhè ge xiàng mù wài bāo chū qù,The company decided to outsource this project
5640,外包公司,wài bāo gōng sī,outsourcing company,7,4,外,outside,包,bag;package,公司,company,,,这项工作交给外包公司处理。,zhè xiàng gōng zuò jiāo gěi wài bāo gōng sī chǔ lǐ。,This work was assigned to an outsourcing company.
5641,歪果仁,wāi guǒ rén,foreigner,7,5,歪,crooked,果,fruit,仁慈,benevolent,,,那边来了个歪果仁,wāi guǒ rén nà biān lái le gè wāi guǒ rén,there comes a foreigner
5642,万年历,wàn nián lì,perpetual calendar,7,5,万,ten thousand,年,year,日历,calendar,,,爷爷收藏了一本老万年历,yé ye shōu cáng le yī běn lǎo wàn nián lì,grandpa keeps an old perpetual calendar
5643,晚宴,wǎn yàn,dinner party,7,,,,,,,,,,今晚我们要参加一个晚宴,jīn wǎn wǒ men yào cān jiā yī gè wǎn yàn,tonight we will attend a dinner party
5644,网红店,wǎng hóng diàn,internet-famous shop,7,4,网红,influencer,店,shop,,,,,那是一家很火的网红店。,nà shì yì jiā hěn huǒ de wǎng hóng diàn.,That is a very popular internet-famous shop.
5645,王家大院,wáng jiā dà yuàn,"Wang Family Courtyard (Shanxi), historic mansion complex",7,4,王,king,家庭,family,院子,courtyard,,,王家大院规模非常大。,wáng jiā dà yuàn guī mó fēi cháng dà,The Wang Family Compound is enormous.
5646,王力宏,wáng lì hóng,Leehom Wang,7,,,,,,,,,,王力宏的音乐很有才华,wáng lì hóng de yīn yuè hěn yǒu cái huá,Leehom Wang’s music is very talented
5647,网名,wǎng míng,online name,7,4,网络,internet,名字,name,,,,,这是我以前的网名。,zhè shì wǒ yǐ qián de wǎng míng,This was my old online username.
5648,王者荣耀,wáng zhě róng yào,Honor of Kings,7,4,王,king,者,one who,荣耀,glory;honor,,,他每天晚上都会打几把王者荣耀。,tā měi tiān wǎn shàng dōu huì dǎ jǐ bǎ wáng zhě róng yào.,he plays honor of kings every night.
5649,胃肠外科,wèi cháng wài kē,gastrointestinal surgery department,7,2,胃,stomach,肠,intestines,外科,surgery,,,胃肠外科的病人恢复得很好。,wèi cháng wài kē de bìng rén huī fù de hěn hǎo。,Patients in the gastrointestinal surgery department are recovering well。
5650,未经许可,wèi jīng xǔ kě,Without permission,7,,,,,,,,,,他未经许可就进来了,ta weijing xuke jiu jin lai le,He came in without permission
5651,维纳斯,wéi nà sī,Venus,7,,,,,,,,,,维纳斯是爱与美的女神,wéi nà sī shì ài yǔ měi de nǚ shén,Venus is the goddess of love and beauty
5652,微胖,wēi pàng,slightly chubby,7,4,微,a little,胖,fat,,,,,她属于微胖身材。,tā shǔ yú wēi pàng shēn cái.,She has a slightly chubby figure.
5653,维吾尔语,wéi wú ěr yǔ,Uyghur language,7,4,维吾尔,Uyghur,语言,language,,,,,当地人说维吾尔语。,dāng dì rén shuō wéi wú ěr yǔ,Locals speak Uyghur.
5654,伪造证件,wěi zào zhèng jiàn,fake documents,7,,,,,,,,,,他使用伪造证件进行诈骗,tā shǐ yòng wěi zào zhèng jiàn jìn xíng zhà piàn,he used fake documents to commit fraud
5655,潍坊,Wéifāng,Weifang,7,4,潍河,Wei River,作坊,workshop,,,,,潍坊被称为“世界风筝之都”。,wéi fāng bèi chēng wéi “shì jiè fēng zhēng zhī dū”,Weifang is known as the “World Kite Capital.”
5656,威海,Wēihǎi,Weihai,7,4,威胁,to threaten,海,sea,,,,,威海有漂亮的海滨风光,Wēihǎi yǒu piào liàng de hǎi bīn fēng guāng,Weihai has beautiful seaside scenery
5657,温哥华,wēn gē huá,Vancouver,7,,,,,,,,,,温哥华的生活质量很高,wēngēhuá de shēnghuó zhìliàng hěn gāo,Vancouver has a high quality of life
5658,我的世界,wǒ de shì jiè,Minecraft,7,3,我的,my,世界,world,,,,,我周末常和朋友一起玩我的世界。,wǒ zhōu mò cháng hé péng yǒu yì qǐ wán wǒ de shì jiè.,i often play minecraft with friends on weekends.
5659,乌黑,wū hēi,jet black,7,4,乌云,dark cloud,黑色,black,,,,,她有一头乌黑的头发,tā yǒu yì tóu wū hēi de tóu fà,She has jet black hair
5660,雾灰,wù huī,mist gray,7,4,雾,fog,灰色,gray,,,,,雾灰色很有质感,wù huī sè hěn yǒu zhì gǎn,Mist gray feels textured
5661,无家可归的人,wú jiā kě guī de rén,homeless people,7,,,,,,,,,,冬天对无家可归的人很残酷,dōngtiān duì wújiā kěguī de rén hěn cánkù,Winter is harsh for homeless people
5662,无解,wú jiě,no solution,7,4,无,without,解决,to resolve,,,,,有些问题暂时无解,yǒu xiē wèn tí zàn shí wú jiě,Some problems simply have no solution for now
5663,雾蓝,wù lán,mist blue,7,4,薄雾,mist,蓝色,blue,,,,,雾蓝色看起来很柔,wù lán sè kàn qǐ lái hěn róu,Mist blue looks soft
5664,无情,wú qíng,ruthless,7,2,无,without,情,feeling,,,,,他的批评太无情了,tā de pī píng tài wú qíng le,his criticism was too merciless
5665,污染纸张,wū rǎn zhǐ zhāng,contaminated paper,7,,,,,,,,,,-,-,-
5666,五台山,wǔ tái shān,"Mount Wutai (Shanxi), sacred Buddhist mountain with temples",7,4,五,five,台,platform,山,mountain,,,五台山是佛教圣地。,wǔ tái shān shì fó jiào shèng dì,Mount Wutai is a Buddhist holy site.
5667,无尾熊,wú wěi xióng,koala,7,1,无,no,尾巴,tail,熊,bear,,,无尾熊只吃桉树叶,wú wěi xióng zhǐ chī ān shù yè,koalas only eat eucalyptus leaves
5668,无性婚姻,wú xìng hūn yīn,sexless marriage,7,,,,,,,,,,企鹅长期分开可能导致无性婚姻,qìé chángqī fēnkāi kěnéng dǎozhì wúxìng hūnyīn,When penguins are separated too long it may lead to a sexless pairing
5669,武夷山,wǔ yí shān,"Mount Wuyi (Fujian), scenic mountain range and tea region",7,4,武器,weapon,夷,ancient barbarian tribes,山,mountain,,,武夷山盛产岩茶。,wǔ yí shān shèng chǎn yán chá,Mount Wuyi produces famous rock tea.
5670,物欲,wù yù,material desire,7,4,物,thing,欲望,desire,,,,,他没有太强的物欲。,tā méi yǒu tài qiáng de wù yù.,He isn't very materialistic.
5671,无锡,Wúxī,Wuxi,7,3,无,without,锡,tin,,,,,无锡以太湖美景和美食闻名。,wú xī yǐ tài hú měi jǐng hé měi shí wén míng,Wuxi is known for its Taihu Lake scenery and cuisine.
5672,西瓜红,xī guā hóng,watermelon red,7,4,西瓜,watermelon,红色,red,,,,,西瓜红很有夏天感觉,xī guā hóng hěn yǒu xià tiān gǎn jué,Watermelon red feels summery
5673,熄火,xī huǒ,stall out;to go out,7,5,熄灭,to extinguish,火,fire,,,,,汽车突然熄火了,qì chē tū rán xī huǒ le,The car suddenly stalled
5674,悉尼,xī ní,Sydney,7,,,,,,,,,,悉尼有著名的歌剧院,xī ní yǒu zhù míng de gē jù yuàn,Sydney has a famous opera house
5675,悉尼歌剧院,xī ní gē jù yuàn,Sydney Opera House,7,4,悉尼,Sydney,歌剧,opera,院,courtyard,,,悉尼歌剧院是地标建筑。,xī ní gē jù yuàn shì dì biāo jiàn zhù.,the sydney opera house is a landmark.
5676,夕阳,xī yáng,sunset,7,4,前夕,eve,太阳,sun,,,,,夕阳把天空染成了红色,xī yáng bǎ tiān kōng rǎn chéng le hóng sè,The sunset painted the sky red
5677,西游记,xī yóu jì,Journey to the West,7,4,西,west,旅行,travel,记,to record,,,西游记里的孙悟空家喻户晓。,xī yóu jì lǐ de sūn wù kōng jiā yù hù xiǎo.,sun wukong from journey to the west is known to every household.
5678,西藏自治区,xī zàng zì zhì qū,Tibet Autonomous Region,7,3,西,west,隐藏,to hide,自治区,autonomous region,,,西藏的平均海拔很高。,xī zàng de píng jūn hǎi bá hěn gāo,Tibet has a very high average elevation.
5679,下意识,xià yì shí,subconscious,7,,,,,,,,,,他下意识地点头,tā xiàyìshí de diǎntóu,he nodded unconsciously
5680,仙,xiān,immortal;transcendent,7,,,,,,,,,,她看起来像个仙女,tā kàn qǐ lái xiàng gè xiān nǚ,She looks like a fairy
5681,线路,xiàn lù,route,7,2,线,line,路,road,,,,,猴子顺着树枝当作线路跳跃,hóuzi shùnzhe shùzhī dāngzuò xiànlù tiàoyuè,Monkeys use tree branches as routes to leap
5682,显微镜,xiǎn wēi jìng,microscope,7,2,显示,to show,微,micro,,,,,学生在用显微镜观察细胞。,xué shēng zài yòng xiǎn wēi jìng guān chá xì bāo.,students are observing cells with a microscope.
5683,显眼包,xiǎn yǎn bāo,flashy and impractical person,7,3,明显,obvious,眼,eye,包,bag,,,他穿得像个显眼包,tā chuān de xiàng gè xiǎnyǎnbāo,he dressed to attract attention
5684,现状,xiàn zhuàng,status quo;current situation,7,3,现在,now,状态,state,,,,,我们需要面对现实的现状。,wǒmen xūyào miànduì xiànshí de xiàn zhuàng.,We need to face the current situation realistically.
5685,香槟色,xiāng bīn sè,champagne,7,4,香槟酒,champagne,颜色,color,,,,,香槟色灯光很柔和,xiāng bīn sè dēng guāng hěn róu hé,Champagne lighting feels soft
5686,香港特别行政区,xiāng gǎng tè bié xíng zhèng qū,Hong Kong Special Administrative Region,7,3,香,fragrant,港,port,特别,special,行政区,administrative region,香港是一个国际金融中心。,xiāng gǎng shì yī gè guó jì jīn róng zhōng xīn,Hong Kong is an international financial center.
5687,香蕉皮,xiāng jiāo pí,banana peel,7,,,,,,,,,,小心前方的香蕉皮,xiǎo xīn qián fāng de xiāng jiāo pí,watch out for the banana peel ahead
5688,想开车,xiǎng kāi chē,want to drive,7,,,,,,,,,,别再想开车了！,Bié zài xiǎng kāichē le!,Stop being horny (Stop thinking dirty)!
5689,香山,xīang shān,"Fragrant Hills (Beijing), park and historic site with temples",7,4,香,fragrant,山,mountain,,,,,秋天香山的红叶很美。,qiū tiān xiāng shān de hóng yè hěn měi,Xiangshan’s red leaves are beautiful in autumn.
5690,响尾蛇,xiǎng wěi shé,rattlesnake,7,3,影响,influence,尾巴,tail,蛇,snake,,,响尾蛇尾巴会响。,xiǎng wěi shé wěi bā huì xiǎng.,rattlesnakes rattle their tails.
5691,象牙,xiàng yá,ivory;elephant tusk,7,1,大象,elephant,牙齿,tooth,,,,,象牙贸易在很多国家被禁止,xiàng yá mào yì zài hěn duō guó jiā bèi jìn zhǐ,Ivory trade is banned in many countries
5692,象牙白,xiàng yá bái,ivory white,7,4,象牙,ivory,白色,white,,,,,象牙白看起来很高级,xiàng yá bái kàn qǐ lái hěn gāo jí,Ivory white looks elegant
5693,香干肉丝面,Xiānggān ròu sī miàn,Dried Tofu and Shredded Pork Noodles,7,,,,,,,,,,香干肉丝面很受欢迎,xiāng gān ròusī miàn hěn shòu huānyíng,shredded pork with dried tofu noodles is very popular
5694,襄阳,Xiāngyáng,Xiangyang,7,6,襄,(uncommon),阳光,sunshine,,,,,襄阳的古城墙历史悠久,Xiāngyáng de gǔ chéng qiáng lì shǐ yōu jiǔ,Xiangyang’s ancient city wall has a long history
5695,箫,xiāo,Chinese bamboo flute,7,,,,,,,,,,他吹起了古老的箫声,tā chuī qǐ le gǔ lǎo de xiāo shēng,He played an ancient flute melody
5696,小蛋蛋,xiǎo dàn dàn,little eggs,7,,,,,,,,,,他害羞地说小蛋蛋,tā hàixiū de shuō xiǎo dàndàn,he shyly said little balls
5697,小弟弟,xiǎo dì di,little brother,7,,,,,,,,,,小朋友常说小弟弟,xiǎopéngyǒu cháng shuō xiǎo dìdì,little kids often say little brother to mean penis
5698,小洞洞,xiǎo dòng dòng,little hole,7,,,,,,,,,,小孩子会说小洞洞,xiǎo háizi huì shuō xiǎo dòngdòng,little kids may call it little hole
5699,小粉红,xiǎo fěn hóng,little pink;nationalistic netizen,7,4,小,little,粉色,pink,红色,red,,,网上经常有人把他叫做小粉红。,wǎng shàng jīng cháng yǒu rén bǎ tā jiào zuò xiǎo fěn hóng,People online often call him a “Little Pink.”
5700,消化饼,xiāo huà bǐng,digestive biscuits,7,3,消化,digest,饼干,biscuit,,,,,下午茶我会配消化饼。,xià wǔ chá wǒ huì pèi xiāo huà bǐng.,i have digestive biscuits with afternoon tea.
5701,消化内科,xiāo huà nèi kē,gastroenterology,7,2,消化,digestion,内,internal,科学,science,,,医生建议我去消化内科看看。,yī shēng jiàn yì wǒ qù xiāo huà nèi kē kàn kan。,The doctor suggested I visit the gastroenterology department。
5702,小黄人,xiǎo huáng rén,Minions,7,1,小,little,黄,yellow,人,person,,,小黄人非常搞笑。,xiǎo huáng rén fēi cháng gǎo xiào.,the minions are very funny.
5703,消火栓,xiāo huǒ shuān,fire hydrant,7,3,消失,to disappear,火,fire,螺栓,bolt,,,大楼门口有一个消火栓,dalou menkou you yi ge xiaohuoshui,There is a fire hydrant at the building entrance
5704,小鸡鸡,xiǎo jī jī,little wee-wee,7,,,,,,,,,,他不好意思说小鸡鸡,tā bù hǎoyìsi shuō xiǎo jījī,he feels shy saying little peepee
5705,小蝌蚪,xiǎo kē dǒu,little tadpoles,7,,,,,,,,,,他开玩笑说自己留下了一堆小蝌蚪。,Tā kāiwánxiào shuō zìjǐ liúxià le yī duī xiǎo kēdǒu.,He joked that he left behind a bunch of little tadpoles.
5706,小卖部,xiǎo mài bù,small convenience store,7,4,小,small,卖,sell,部门,department,,,学校门口有一家小卖部。,xué xiào mén kǒu yǒu yì jiā xiǎo mài bù.,There is a small shop outside the school.
5707,小妹妹,xiǎo mèi mei,little sister,7,,,,,,,,,,她不好意思提到小妹妹,tā bù hǎoyìsi tí dào xiǎo mèimei,she felt shy mentioning her private part
5708,小明,xiǎo míng,Xiao Ming (simple name),7,5,小,small,明,bright,,,,,小明今天没来上课,xiǎo míng jīn tiān méi lái shàng kè,Xiaoming didn’t come to class today
5709,小燃,xiǎo rán,mildly exciting or inspiring,7,4,小,small,点燃,ignite,,,,,听完演讲我心里有点小燃,tīng wán yǎn jiǎng wǒ xīn lǐ yǒu diǎn xiǎo rán,I felt a little fired up after the speech
5710,小三,xiǎo sān,the third person;homewrecker,7,3,小,little,三,three,,,,,她不想被人说成是小三,tā bù xiǎng bèi rén shuō chéng shì xiǎosān,she does not want to be called the other woman
5711,小提琴,xiǎo tí qín,violin,7,2,小,small,提,hold in hand,琴,musical instrument,,,小提琴声音优美。,xiǎo tí qín shēng yīn yōu měi.,the violin sounds beautiful.
5712,小鱼干,xiǎo yú gān,dried fish snack for cats,7,,,,,,,,,,猫最喜欢小鱼干。,māo zuì xǐ huān xiǎo yú gān.,Cats love dried fish snacks.
5713,小杂种,xiǎo zá zhǒng,little bastard;mixed breed or person,7,3,小,little,杂,mixed,种子,seed,,,老师提醒学生，“小杂种”是很难听的骂人话,lǎo shī tí xǐng xué shēng ， “xiǎo zá zhǒng” shì hěn nán tīng de mà rén huà.,The teacher reminded the students that “little bastard” is a very offensive insult.
5714,新华网,xīn huá wǎng,Xinhua Net,7,3,新,new,华,China,网络,network,,,新华网报道权威新闻。,xīn huá wǎng bào dào quán wēi xīn wén.,xinhuanet reports authoritative news.
5715,新疆维吾尔自治区,xīn jiāng wéi wú ěr zì zhì qū,Xinjiang Uygur Autonomous Region,7,3,新,new,边疆,frontier;border,维吾尔,Uyghur ethnic group,自治区,autonomous region,新疆地域辽阔，物产丰富。,"xīn jiāng dì yù liáo kuò, wù chǎn fēng fù",Xinjiang is vast and rich in resources.
5716,新历,xīn lì,Gregorian calendar;solar calendar,7,2,新,new,历史,history,,,,,我们按照新历过元旦,wǒmen ànzhào xīnlì guò yuándàn,we celebrate new years day according to the new calendar
5717,心脏大血管外科,xīn zàng dà xuè guǎn wài kē,cardiovascular surgery,7,3,心脏,heart,大,big,血管,vein,外科,surgery,心脏大血管外科进行心脏搭桥手术,xīn zàng dà xuè guǎn wài kē jìn xíng xīn zàng dā qiáo shǒu shù,The cardiovascular surgery department performs bypass surgery
5718,腥,xīng,fishy (taste),7,,-,,,,,,,,这个味道有点腥。,zhè gè wèi dào yǒu diǎn xīng.,this smell is a bit fishy.
5719,性别歧视,xìng bié qí shì,gender discrimination,7,4,性别,gender,歧视,discrimination,,,,,公司反对性别歧视。,gōng sī fǎn duì xìng bié qí shì.,The company opposes gender discrimination.
5720,形婚,xíng hūn,marriage of convenience,7,4,形式,outer appearance,婚姻,marriage,,,,,他们选择了形婚。,tā men xuǎn zé le xíng hūn,They chose a marriage of convenience.
5721,杏色,xìng sè,apricot color,7,4,杏,apricot,颜色,color,,,,,杏色给人温暖感觉,xìng sè gěi rén wēn nuǎn gǎn jué,Apricot feels warm
5722,行为识别,xíng wéi shí bié,behavior recognition,7,,,,,,,,,,系统进行行为识别,xì tǒng jìn xíng xíng wéi shí bié,The system performs behavior recognition
5723,星夜,xīng yè,The Starry Night,7,4,星,star,夜晚,night,,,,,星夜是梵高的代表作。,xīng yè shì fàn gāo de dài biǎo zuò.,the starry night is van gogh’s masterpiece.
5724,西宁,Xīníng,Xining,7,3,西,west,安宁,peaceful,,,,,西宁是青海省的省会,Xīníng shì Qīnghǎi shěng de shěng huì,Xining is the capital of Qinghai province
5725,休眠,xiū mián,hibernation,7,3,休,rest,眠,sleep,,,,,电脑进入休眠状态,diàn nǎo jìn rù xiū mián zhuàng tài,the computer entered sleep mode
5726,休斯顿,xiū sī dùn,Houston,7,,,,,,,,,,休斯顿有很多石油公司,xiūsīdùn yǒu hěn duō shíyóu gōngsī,Houston has many oil companies
5727,休战,xiū zhàn,truce,7,1,休息,rest,战争,war,,,,,两国同意暂时休战。,liǎng guó tóngyì zhànshí xiū zhàn.,The two countries agreed to a temporary truce.
5728,许可证,xǔ kě zhèng,permit; license,7,4,允许,allow,可,can,证明,certificate,,,没有许可证不能营业。,méi yǒu xǔ kě zhèng bù néng yíng yè.,You can't operate without a permit.
5729,悬空寺,xuán kōng sì,"Hanging Monastery (Shanxi), temple built on cliffs",7,4,悬挂,to suspend;hang,天空,sky,寺庙,temple,,,悬空寺建在悬崖上。,xuán kōng sì jiàn zài xuán yá shàng,The Hanging Temple is built on a cliff.
5730,雪白,xuě bái,snow white,7,4,雪,snow,白色,white,,,,,雪白的床单非常干净,xuě bái de chuáng dān fēi cháng gān jìng,Snow white sheets are very clean
5731,雪崩,xuě bēng,avalanche,7,3,雪,snow,崩溃,collapse,,,,,雪崩威胁登山者。,xuě bēng wēi xié dēng shān zhě.,avalanches threaten climbers.
5732,血管外科,xuè guǎn wài kē,vascular surgery,7,4,血管,vein,外科,surgery,,,,,血管外科医生为病人做了手术,xuè guǎn wài kē yī shēng wèi bìng rén zuò le shǒu shù,The vascular surgeon performed an operation
5733,血汗钱,xuè hàn qián,hard-earned money,7,3,血,blood,汗,sweat,钱,money,,,这是父母的血汗钱。,zhè shì fù mǔ de xuè hàn qián.,This is the parents' hard-earned money.
5734,穴位,xué wèi,acupressure point,7,3,洞穴,cavern,位置,position,,,,,按摩这个穴位可以缓解头痛。,àn mó zhè ge xué wèi kě yǐ huǎn jiě tóu tòng.,Massaging this acupoint can relieve headaches.
5735,学习机,xué xí jī,learning device;educational tablet,7,3,学习,study,机,machine,,,,,很多学生都在用学习机。,hěn duō xué shēng dōu zài yòng xué xí jī,Many students use learning devices.
5736,血液病,xuè yè bìng,hematology,7,2,血液,blood,病,disease,,,,,血液病科正在收治新病人。,xuè yè bìng kē zhèng zài shōu zhì xīn bìng rén。,The hematology department is admitting new patients。
5737,训练集,xùn liàn jí,training set,7,,,,,,,,,,训练集包含了大量标注数据,xùn liàn jí bāo hán le dà liàng biāo zhù shù jù,the training set contains a large amount of labeled data
5738,薰衣草色,xūn yī cǎo sè,lavender,7,4,薰衣草,lavender,颜色,color,,,,,薰衣草色让人放松,xūn yī cǎo sè ràng rén fàng sōng,Lavender color is relaxing
5739,徐州,Xúzhōu,Xuzhou,7,5,徐徐,slowly;gently,州,state,,,,,徐州是江苏省的重要交通枢纽。,xú zhōu shì jiāng sū shěng de zhòng yào jiāo tōng shū niǔ,Xuzhou is an important transportation hub in Jiangsu Province.
5740,雅加达,yǎ jiā dá,Jakarta,7,,,,,,,,,,雅加达的交通非常拥堵,yǎ jiā dá de jiāo tōng fēi cháng yōng dǔ,Jakarta’s traffic is very congested
5741,亚马逊河,yà mǎ xùn hé,amazon river,7,,-,,,,,,,,亚马逊河流域雨林茂密。,yà mǎ xùn hé liú yù yǔ lín mào mì.,the amazon river basin has dense rainforests.
5742,鸭舌帽,yā shé mào,flat cap;curved-brim baseball hat,7,2,鸭子,duck,舌头,tongue,帽子,hat,,,他戴着鸭舌帽出门。,tā dài zhe yā shé mào chū mén.,He went out wearing a baseball cap.
5743,雁荡山,yàn dàng shān,"Yandang Mountain (Zhejiang), scenic mountain area",7,4,大雁,wild goose,震荡,to shake up;fluctuate,山,mountain,,,雁荡山以奇峰怪石著名。,yàn dàng shān yǐ qí fēng guài shí zhù míng,Mount Yandang is known for strange peaks and rocks.
5744,烟蒂,yān dì,cigarette butts,7,,,,,,,,,,-,-,-
5745,烟斗,yān dǒu,(smoking) pipe,7,4,烟,smoke,斗牛,big dipper,,,,,爷爷喜欢用烟斗抽烟,yé ye xǐ huān yòng yān dǒu chōu yān,Grandpa likes to smoke with a pipe
5746,烟灰色,yān huī sè,smoky gray,7,4,烟,smoke,灰色,gray,,,,,烟灰色显得很冷静,yān huī sè xiǎn de hěn lěng jìng,Smoky gray looks calm
5747,演练,yǎn liàn,to rehearse;drill,7,1,演员,actor,练习,practice,,,,,学校举行了消防演练。,xué xiào jǔ xíng le xiāo fáng yǎn liàn.,The school held a fire drill.
5748,烟民,yān mín,smoker,7,3,香烟,cigarette,民,person,,,,,他是个老烟民一天离不开烟,tā shì gè lǎo yān mín yī tiān lí bù kāi yān,He is a long-time smoker who can’t go a day without cigarettes
5749,颜色编码,yán sè biān mǎ,color coding,7,4,颜色,color,编码,to encode,,,,,图里用了颜色编码,tú lǐ yòng le yán sè biān mǎ,The chart used color coding
5750,砚台,yàn tái,inkstone,7,,,,,,,,,,古代文人常用砚台磨墨,gǔ dài wén rén cháng yòng yàn tái mó mò,Ancient scholars used inkstones to grind ink
5751,眼影,yǎn yǐng,eyeshadow,7,4,眼睛,eye,阴影,shadow,,,,,这个眼影颜色很好看。,zhè ge yǎn yǐng yán sè hěn hǎo kàn.,This eyeshadow color looks great.
5752,胭脂红,yān zhī hóng,rouge red,7,4,胭脂,rouge,红色,red,,,,,胭脂红很有复古味道,yān zhī hóng hěn yǒu fù gǔ wèi dào,Rouge red feels vintage
5753,燕子,yàn zi,swallow,7,,-,,,,,,,,春天燕子飞回来。,chūn tiān yàn zi fēi huí lái.,Swallows return in spring.
5754,养父,yǎng fù,adoptive father,7,4,培养,nourish;foster,父亲,father,,,,,养父一直把他当亲儿子看。,yǎngfù yìzhí bǎ tā dàng qīn érzi kàn,His adoptive father always treated him like his own son.
5755,洋节,yáng jié,foreign holiday,7,4,洋,western,节日,festival,,,,,现在很多年轻人也过洋节。,xiàn zài hěn duō nián qīng rén yě guò yáng jié.,Many young people also celebrate foreign holidays now.
5756,阳具,yáng jù,masculine organ,7,3,阳,male;light,具,tool,,,,,阳具是医学上的正式说法,yángjù shì yīxué shàng de zhèngshì shuōfǎ,penis is the formal medical term
5757,杨利伟,yáng lì wěi,yang liwei,7,,-,,,,,,,,杨利伟是中国首位航天员。,yáng lì wěi shì zhōng guó shǒu wèi háng tiān yuán.,yang liwei was china’s first astronaut.
5758,养母,yǎng mǔ,adoptive mother,7,4,培养,nourish;foster,母亲,mother,,,,,她的养母非常温柔。,tā de yǎngmǔ fēicháng wēnróu,Her adoptive mother is very gentle.
5759,养女,yǎng nǚ,adopted daughter,7,4,培养,nourish;foster,女儿,daughter,,,,,她是家里唯一的养女。,tā shì jiālǐ wéiyī de yǎngnǚ,She is the only adopted daughter in the family.
5760,羊水,yáng shuǐ,amniotic fluid,7,2,羊,sheep,水,water,,,,,医生检查了羊水,Yīshēng jiǎnchá le yángshuǐ,The doctor checked the amniotic fluid
5761,洋务运动,yáng wù yùn dòng,Westernization Movement,7,4,西洋,the West,任务,task;mission,运动,movement;exercise,,,洋务运动发生在清朝晚期。,yáng wù yùn dòng fā shēng zài qīng cháo wǎn qī,The Self-Strengthening Movement occurred in the late Qing dynasty.
5762,养子,yǎng zǐ,adopted son,7,4,培养,nourish;foster,儿子,son,,,,,他们把那个孩子收为养子。,tāmen bǎ nàgè háizi shōu wéi yǎngzǐ,They took that child in as their adopted son.
5763,扬州,Yángzhōu,Yangzhou,7,5,扬,to raise,州,region,,,,,扬州的瘦西湖非常漂亮,Yángzhōu de Shòu Xī Hú fēi cháng piào liàng,Slender West Lake in Yangzhou is very beautiful
5764,烟台,Yāntái,Yantai,7,2,烟,smoke,台,platform,,,,,烟台的海鲜很新鲜,Yāntái de hǎi xiān hěn xīn xiān,The seafood in Yantai is very fresh
5765,腰扣,yāo kòu,belt buckle,7,3,腰,waist,扣,buckle,,,,,他的腰扣很有设计感。,tā de yāo kòu hěn yǒu shè jì gǎn.,his belt buckle is well designed.
5766,野餐,yě cān,picnic,7,1,野,field;wilderness,餐,meal,,,,,我们周末去公园野餐,wǒmen zhōumò qù gōngyuán yěcān,We went to the park for a picnic on the weekend
5767,野牛,yě niú,bison,7,1,野,wild,牛,cow,,,,,野牛在草原上奔跑,yě niú zài cǎo yuán shàng bēn pǎo,bisons are running on the grassland
5768,业务员,yè wù yuán,salesperson,7,4,业务,business;professional work,员工,employee,,,,,他是一名业务员。,tā shì yì míng yè wù yuán.,He is a sales representative.
5769,仪表,yí biǎo,meter (measuring),7,4,仪式,ceremony,表现,to show,,,,,这个仪表坏了,zhege yibiao huai le,This gauge is broken
5770,异常值,yì cháng zhí,outlier,7,2,异常,abnormal,值,value,,,,,这个数据里有异常值,zhè gè shù jù lǐ yǒu yì cháng zhí,There are outliers in this dataset
5771,一次性餐具,yī cì xìng cān jù,one-time use utensil,7,,,,,,,,,,-,-,-
5772,异地婚姻,yì dì hūn yīn,long-distance marriage,7,4,差异,difference,地,land,婚姻,marriage,,,候鸟的异地婚姻就像它们的迁徙,hòuniǎo de yìdì hūnyīn jiù xiàng tāmen de qiānxǐ,Migratory birds long distance bonds are like long distance marriages
5773,一点点,yī diǎn diǎn,1点点,7,,,,,,,,,,一点点的珍珠奶茶很有名,yī diǎn diǎn de zhēn zhū nǎi chá hěn yǒu míng,1点点 is famous for its bubble tea
5774,一夫多妻,yī fū duō qī,polygamy,7,2,一,one,丈夫,husband,多,many,妻子,wife,一些国家允许一夫多妻,yī xiē guó jiā yǔn xǔ yī fū duō qī,some countries allow polygamy
5775,一加,yī jiā,OnePlus,7,4,一,one,加,add,,,,,我用一加手机拍照很清晰。,wǒ yòng yī jiā shǒu jī pāi zhào hěn qīng xī.,Photos are very clear with my OnePlus phone.
5776,一颗药,yī kē yào,a pill,7,,,,,,,,,,医生给了我一颗药,Yīshēng gěi le wǒ yī kē yào,The doctor gave me a pill
5777,宜人,yí rén,pleasant,7,4,适宜,suitable,人,person,,,,,这里的天气很宜人。,zhè lǐ de tiān qì hěn yí rén.,The weather here is pleasant.
5778,伊斯坦布尔,yī sī tǎn bù ěr,Istanbul,7,,,,,,,,,,伊斯坦布尔横跨欧亚大陆,yī sī tǎn bù ěr héng kuà ōu yà dà lù,Istanbul spans across Europe and Asia
5779,一条龙,yī tiáo lóng,one-stop service,7,4,一条,one,龙,dragon,,,,,这家公司提供一条龙服务,zhè jiā gōngsī tígōng yìtiáolóng fúwù,This company provides one stop service
5780,宜昌,Yíchāng,Yichang,7,5,便宜,cheap,昌盛,prosperous,,,,,宜昌是三峡大坝所在地,Yíchāng shì Sān Xiá Dà Bà suǒ zài dì,Yichang is the site of the Three Gorges Dam
5781,阴道,yīn dào,vagina,7,4,阴,female;dark,道,path,,,,,阴道健康对女性很重要,yīndào jiànkāng duì nǚxìng hěn zhòngyào,vaginal health is very important for women
5782,银灰,yín huī,silver gray,7,4,银,silver,灰色,gray,,,,,银灰色很有科技感,yín huī sè hěn yǒu kē jì gǎn,Silver gray feels high tech
5783,隐身,yǐn shēn,invisibility,7,2,隐藏,hide,身体,body,,,,,他有隐身的超能力。,tā yǒu yǐn shēn de chāo néng lì.,he has the power of invisibility.
5784,音质,yīn zhì,sound quality,7,,,,,,,,,,这首歌音质很好,zhè shǒu gē yīnzhì hěn hǎo,The sound quality of this song is very good
5785,银川,Yínchuān,Yinchuan,7,2,银,silver,川,river,,,,,银川是宁夏回族自治区首府,Yínchuān shì Níngxià Huízú Zìzhìqū shǒu fǔ,Yinchuan is the capital of Ningxia Hui Autonomous Region
5786,应酬,yìng chóu,social niceties,7,3,应该,should,报酬,remuneration,,,,,他晚上有应酬。,tā wǎn shàng yǒu yìng chóu。,He has a social engagement tonight.
5787,应付,yìng fù,cope,7,2,应该,should,付,pay,,,,,他只是随便应付一下工作而已,tā zhǐ shì suí biàn yìng fù yí xià gōng zuò ér yǐ,He is just casually coping with his work
5788,樱花粉,yīng huā fěn,cherry blossom pink,7,4,樱花,cherry blossom,粉色,pink,,,,,樱花粉很受欢迎,yīng huā fěn hěn shòu huān yíng,Cherry blossom pink is popular
5789,迎接,yíng jiē,to greet;meet,7,2,欢迎,welcome,接,receive,,,,,他们迎接新的一年,tā men yíng jiē xīn de yī nián,they are welcoming the new year
5790,应县木塔,yìng xiàn mù tǎ,"Yingxian Wooden Pagoda (Shanxi), ancient wooden pagoda",7,4,应该,should,县,county,木头,wood,宝塔,pagoda,应县木塔是纯木结构。,yīng xiàn mù tǎ shì chún mù jié gòu,Yingxian Wooden Pagoda is entirely wooden.
5791,英雄联盟,yīng xióng lián méng,League of Legends,7,3,英雄,hero,联盟,alliance,,,,,英雄联盟在年轻人中非常流行。,yīng xióng lián méng zài nián qīng rén zhōng fēi cháng liú xíng.,league of legends is very popular among young people.
5792,义乌,Yìwū,Yiwu,7,4,义务,duty,乌鸦,crow,,,,,义乌以小商品市场闻名,Yìwū yǐ xiǎo shāng pǐn shì chǎng wén míng,Yiwu is famous for its small commodities market
5793,宜兴,Yíxìng,Yixing,7,4,便宜,cheap,高兴,happy,,,,,宜兴以紫砂壶著名,Yíxìng yǐ zǐ shā hú zhù míng,Yixing is famous for its purple clay teapots
5794,雍和宫,yōng hé gōng,"Lama Temple (Beijing), Tibetan Buddhist temple",7,,-,,,,,,,,雍和宫是北京著名寺庙。,yōng hé gōng shì běi jīng zhù míng sì miào,Yonghe Temple is a famous Beijing temple.
5795,YYDS,yǒng yuǎn de shén,GOAT;forever god,7,,,,,,,,,,这位歌手是我的偶像简直YYDS,zhè wèi gēshǒu shì wǒ de ǒuxiàng jiǎnzhí YYDS,this singer is my idol forever the best
5796,有反应,yǒu fǎn yìng,got a reaction,7,,,,,,,,,,他看了之后立刻有反应。,Tā kàn le zhīhòu lìkè yǒu fǎnyìng.,He immediately got horny after seeing it.
5797,游轮,yóu lún,cruise ship,7,4,旅游,tourism,轮船,ship,,,,,他们坐游轮旅行。,tā men zuò yóu lún lǚ xíng.,they traveled by cruise ship.
5798,油轮,yóu lún,oil tanker,7,4,油,oil,轮船,ship,,,,,油轮体积巨大。,yóu lún tǐ jī jù dà.,oil tankers are huge.
5799,游牧民族,yóu mù mín zú,nomadic people,7,3,旅游,tourism,牧场,pasture,民族,ethnicity,,,他们曾是游牧民族。,tā men céng shì yóu mù mín zú.,They were once a nomadic people.
5800,有情况,yǒu qíng kuàng,something romantic going on,7,,,,,,,,,,昨晚酒会上有情况。,zuó wǎn jiǔ huì shàng yǒu qíng kuàng.,There was a situation at the party last night.
5801,油箱,yóu xiāng,fuel tank,7,3,汽油,gasoline,箱,box,,,,,车的油箱快空了。,chē de yóu xiāng kuài kōng le.,the car’s fuel tank is almost empty.
5802,悠悠球,yōu yōu qiú,yo-yo,7,,-,,,,,,,,悠悠球是很多人的童年回忆。,yōu yōu qiú shì hěn duō rén de tóng nián huí yì.,yo-yos are childhood memories for many people.
5803,有欲望,yǒu yù wàng,to have desire,7,,,,,,,,,,她承认自己有欲望。,Tā chéngrèn zìjǐ yǒu yùwàng.,She admitted she was horny.
5804,优质,yōu zhì,high quality,7,,,,,,,,,,他们生产优质产品,tā men shēng chǎn yōu zhì chǎn pǐn,they produce high quality products
5805,鱼钩,yú gōu,fish hook,7,4,鱼,fish,钩子,hook,,,,,鱼钩很尖。,yú gōu hěn jiān.,the fish hook is sharp.
5806,郁金香,yù jīn xiāng,tulip,7,4,抑郁,depressed,金,gold,香,fragrant,,,郁金香在春天盛开。,yù jīn xiāng zài chūn tiān shèng kāi.,tulips bloom in spring.
5807,娱乐场,yú lè chǎng,casino,7,2,娱乐,to entertain,场,open space,,,,,这是一家大型娱乐场,zhè shì yī jiā dà xíng yú lè chǎng,this is a large entertainment venue
5808,鱼线,yú xiàn,fishing line,7,3,鱼,fish,线,line,,,,,鱼线要够结实。,yú xiàn yào gòu jiē shi.,the fishing line must be strong.
5809,语言学,yǔ yán xué,linguistics,7,2,语言,language,学,study,,,,,他在大学里学语言学,tā zài dàxué lǐ xué yǔyán xué,He studies linguistics at university
5810,圆号,yuán hào,french horn,7,4,圆,round,信号,signal,,,,,圆号在管弦乐队中常见。,yuán hào zài guǎn xián yuè duì zhōng cháng jiàn.,The French horn is common in orchestras.
5811,圆明园,yuán míng yuán,"Old Summer Palace (Beijing), ruins of historic imperial gardens",7,4,圆,round,明,bright,花园,garden,,,圆明园遗址令人惋惜。,yuán míng yuán yí zhǐ lìng rén wǎn xī,The ruins of the Old Summer Palace are saddening.
5812,愿望清单,yuàn wàng qīng dān,wish list,7,4,愿望,desire;wish,清单,list,,,,,她提前写好愿望清单,tā tíqián xiě hǎo yuànwàng qīngdān,She prepared her wish list early
5813,原型,yuán xíng,prototype; original model,7,4,原来,original,模型,model,,,,,这个角色有现实原型。,zhè ge jué sè yǒu xiàn shí yuán xíng.,This character has a real-life prototype.
5814,月光族,yuè guāng zú,people who spend all salary;live paycheck-to-paycheck,7,4,月,moon;month,光,light,民族,group,,,他是月光族。,tā shì yuè guāng zú。,He spends all his salary.
5815,月活量,yuè huó liàng,monthly active users,7,4,月,month,活性,active,数量,quantity,,,这款应用的月活量增长很快。,Zhè kuǎn yìngyòng de yuè huó liàng zēngzhǎng hěn kuài.,This app's monthly active users are growing rapidly.
5816,云冈石窟,yún gāng shí kū,"Yungang Grottoes (Shanxi), ancient Buddhist rock carvings",7,3,云,cloud,冈,ridge;crest of hill,石窟,grotto;stone cave,,,云冈石窟规模宏大。,yún gāng shí kū guī mó hóng dà,Yungang Grottoes are grand in scale.
5817,杂草,zá cǎo,weeds,7,2,杂,mixed,草,grass,,,,,花园里长满了杂草,huā yuán lǐ zhǎng mǎn le zá cǎo,The garden is full of weeds
5818,藏蓝,zàng lán,navy blue,7,3,西藏,Tibet,蓝色,blue,,,,,藏蓝色西装很正式,zàng lán sè xī zhuāng hěn zhèng shì,Navy suits look formal
5819,藏语,zàng yǔ,Tibetan language,7,4,西藏,Tibet,语言,language,,,,,她在学习藏语。,tā zài xué xí zàng yǔ,She is learning Tibetan.
5820,枣红,zǎo hóng,jujube red,7,4,红枣,jujube,红色,red,,,,,枣红色很显气色,zǎo hóng sè hěn xiǎn qì sè,Jujube red brightens complexion
5821,早鸟价,zǎo niǎo jià,early bird price,7,4,早,early,鸟,bird,价格,price,,,鸟展的门票有早鸟价,niǎozhǎn de ménpiào yǒu zǎoniǎojià,The bird show tickets have an early bird price
5822,噪音,zào yīn,noise;rumble,7,6,噪声,noise,声音,sound,,,,,这附近的噪音太大了,zhe fù jìn de zào yīn tài dà le,The noise around here is too loud
5823,曾外祖父,zēng wài zǔ fù,great-grandfather (maternal),7,3,曾,great-grand,外,outside,祖先,ancestor,父亲,father,我只在小时候见过曾外祖父。,wǒ zhǐ zài xiǎoshíhòu jiànguò céng wàizǔfù.,I only met my maternal great-grandfather when I was a child.
5824,曾外祖母,zēng wài zǔ mǔ,great-grandmother (maternal),7,3,曾,great-grand,外,outside,祖先,ancestor,母亲,mother,曾外祖母特别喜欢唱老歌。,céng wàizǔmǔ tèbié xǐhuān chàng lǎogē.,My maternal great-grandmother loved singing old songs.
5825,诈骗电话,zhà piàn diàn huà,scam call,7,,,,,,,,,,他接到了一通诈骗电话,tā jiē dào le yī tōng zhà piàn diàn huà,he received a scam call
5826,栈道,zhàn dào,plank path,7,4,客栈,guesthouse,道,path,,,,,山上的栈道很窄要小心,shān shàng de zhàn dào hěn zhǎi yào xiǎo xīn,The plank path on the mountain is narrow so be careful
5827,斩杀线,zhǎn shā xiàn,kill threshold,7,4,斩首,behead,杀,kill,线,line,,,血量已经到斩杀线了。,xuè liàng yǐ jīng dào zhǎn shā xiàn le。,The HP has reached kill threshold.
5828,站住,zhàn zhù,to hold one's ground;stop walking,7,,,,,,,,,,小偷给警察喝令站住,xiǎo tōu gěi jǐng chá hē lìng zhàn zhù,The police shouted “Stop!” at the thief
5829,张白纸,zhāng báizhǐ,blank slate,7,3,张,flat object measure word,白,white,纸,paper,,,他说自己对这个领域就是一张白纸。,tā shuō zìjǐ duì zhège lǐngyù jiù shì yī zhāng báizhǐ.,He said he knows nothing about this field.
5830,掌柜,zhǎng guì,shopkeeper,7,3,掌握,master,专柜,shop counter,,,,,掌柜笑着迎接客人,zhǎng guì xiào zhe yíng jiē kè rén,The shopkeeper greeted the customers with a smile
5831,掌握,zhǎng wò,to master;control,7,4,手掌,palm,把握,grasp;seize,,,,,我已经掌握了这个语法。,wǒ yǐ jīng zhǎng wò le zhè ge yǔ fǎ.,I have mastered this grammar.
5832,张家口,Zhāngjiākǒu,Zhangjiakou,7,4,张,classifier for flat objects,家,family,口,opening,,,张家口是冬奥会赛场之一,Zhāngjiākǒu shì Dōng Ào Huì sài chǎng zhī yī,Zhangjiakou is one of the Winter Olympics venues
5833,湛江,Zhànjiāng,Zhanjiang,7,5,湛,(uncommon),江,river,,,,,湛江是广东的海港城市，海鲜特别新鲜。,zhàn jiāng shì guǎng dōng de hǎi gǎng chéng shì hǎi xiān tè bié xīn xiān,Zhanjiang is a port city in Guangdong known for fresh seafood.
5834,召回率,zhào huí lǜ,recall,7,4,召回,to recall (eg product),率,rate,,,,,召回率高说明模型能找到大部分正例,zhào huí lǜ gāo shuō míng mó xíng néng zhǎo dào dà bù fèn zhèng lì,a high recall rate means the model finds most of the positives
5835,着火了,zháo huǒ le,to be on fire,7,,,,,,,,,,房子突然着火了,Fángzi tūrán zháohuǒ le,The house suddenly caught on fire
5836,招生,zhāo shēng,enroll students,7,3,招呼,to greet,学生,student,,,,,学校开始招生了。,xué xiào kāi shǐ zhāo shēng le。,The school has started enrollment.
5837,折线图,zhé xiàn tú,line chart,7,4,折线,broken line,图表,chart,,,,,报告里有一张折线图,bào gào lǐ yǒu yī zhāng zhé xiàn tú,The report has a line chart
5838,砧板,zhēn bǎn,cutting board,7,3,砧,anvil,板,board,,,,,厨房里有一个砧板,chúfáng lǐ yǒu yī gè zhēnbǎn,there is a chopping board in the kitchen
5839,震级,zhèn jí,earthquake magnitude,7,4,地震,earthquake,级,level,,,,,这次地震震级为六点二级。,zhè cì dì zhèn zhèn jí wéi liù diǎn èr jí.,The earthquake had a magnitude of 6.2.
5840,震惊了,zhèn jīng le,shocked,7,,,,,,,,,,听到这个消息我整个人都震惊了,tīngdào zhège xiāoxi wǒ zhěnggèrén dōu zhènjīng le,When I heard the news I was completely shocked
5841,真心话大冒险,zhēn xīn huà dà mào xiǎn,truth or dare,7,3,真心,sincere,说话,words,大,big,冒险,adventure,聚会时大家玩起了真心话大冒险。,jù huì shí dà jiā wán qǐ le zhēn xīn huà dà mào xiǎn.,everyone played truth or dare at the party.
5842,震源,zhèn yuán,earthquake epicenter,7,4,地震,earthquake,来源,source,,,,,震源位于海底。,zhèn yuán wèi yú hǎi dǐ.,The earthquake's epicenter was under the sea.
5843,珍珠白,zhēn zhū bái,pearl white,7,4,珍珠,pearl,白色,white,,,,,珍珠白看起来很高级,zhēn zhū bái kàn qǐ lái hěn gāo jí,Pearl white looks refined
5844,直方图,zhí fāng tú,histogram,7,4,直,straight,方,square,图表,chart,,,这张直方图说明了分布,zhè zhāng zhí fāng tú shuō míng le fēn bù,This histogram explains the distribution
5845,芝加哥公牛,zhī jiā gē gōng niú,Chicago Bulls,7,4,芝加哥,Chicago,老公,husband,牛,cow,,,芝加哥公牛曾多次夺冠。,zhī jiā gē gōng niú céng duō cì duó guàn.,the chicago bulls have won many championships.
5846,致命,zhì mìng,fatal,7,4,导致,cause;to lead to,生命,life,,,,,这种病毒可能是致命的。,zhè zhǒng bìng dú kě néng shì zhì mìng de.,This virus could be fatal.
5847,执念,zhí niàn,obsession;fixation,7,4,执行,carry out;implement,想念,to miss;think of,,,,,他对成功有很深的执念。,tā duì chéng gōng yǒu hěn shēn de zhí niàn,He has a deep obsession with success.
5848,支票,zhī piào,check,7,2,支付,to pay,票,ticket,,,,,他用支票付款,tā yòng zhī piào fù kuǎn,he paid by check
5849,窒息,zhì xī,suffocation;to choke,7,,-,,,,,,,,异物可能导致窒息。,yì wù kě néng dǎo zhì zhì xī.,foreign objects can cause suffocation.
5850,职业前期,zhí yè qián qī,early career,7,4,职业,profession,前,front,期,period of time,,,他在职业前期积累了很多经验。,tā zài zhí yè qián qī jī lěi le hěn duō jīng yàn。,He gained a lot of experience in his early career。
5851,中场秀,zhōng chǎng xiù,halftime show,7,4,中,middle,场地,field,秀,show,,,中场秀非常精彩。,zhōng chǎng xiù fēi cháng jīng cǎi。,The halftime show was excellent.
5852,终点线,zhōng diǎn xiàn,finish line,7,4,最终,final,点,point,线,line,,,冲向终点线,chōng xiàng zhōng diǎn xiàn,race to the finish line
5853,中二,zhōng èr,overly self-conscious or immature,7,4,中学生,middle school student,二,two,,,,,他那种中二的行为太可爱了,tā nà zhǒng zhōng èr de xíng wéi tài kě ài le,His childish behavior is so cute
5854,中国达人秀,zhōng guó dá rén xiù,China's Got Talent (show),7,4,中国,China,达人,expert,秀,show,,,他通过中国达人秀被大家认识。,tā tōng guò zhōng guó dá rén xiù bèi dà jiā rèn shí.,he became known through china s got talent.
5855,中奖,zhòng jiǎng,Winning the lottery,7,4,中,central,奖,prize,,,,,他买彩票中奖了。,tā mǎi cǎi piào zhòng jiǎng le,He won the lottery.
5856,肿瘤外科,zhǒng liú wài kē,oncological surgery department,7,2,肿瘤,tumor,外科,surgery,,,,,肿瘤外科医生经验丰富。,zhǒng liú wài kē yī shēng jīng yàn fēng fù。,Surgeons in the oncology department are very experienced。
5857,终身,zhōng shēn,lifelong,7,2,终,end,身,body,,,,,这份合同是终身有效的,Zhè fèn hétóng shì zhōngshēn yǒuxiào de,This contract is valid for life
5858,中世纪,zhōng shì jì,middle ages;medieval,7,,,,,,,,,,他们研究中世纪历史,tāmen yánjiū zhōngshìjì lìshǐ,they study medieval history
5859,中央空调,zhōng yāng kōng tiáo,flirts with everyone;central AC,7,,,,,,,,,,他对谁都很温柔像个中央空调,tā duì shéi dōu hěn wēnróu xiàng gè zhōngyāng kōngtiáo,he is gentle to everyone like a central air conditioner
5860,中央人民广播电台,zhōng yāng rén mín guǎng bō diàn tái,china national radio,7,3,中央,central,人民,people,广播,broadcast,电台,radio station,中央人民广播电台历史悠久。,zhōng yāng rén mín guǎng bō diàn tái lì shǐ yōu jiǔ.,china national radio has a long history.
5861,皱纹,zhòu wén,wrinkle,7,,,,,,,,,,她的脸上开始出现皱纹,tā de liǎn shàng kāishǐ chūxiàn zhòuwén,Wrinkles have started to appear on her face
5862,周口,Zhōukǒu,Zhoukou,7,4,周,week,口,opening,,,,,周口有着悠久的历史，是伏羲的故乡。,zhōu kǒu yǒu zhe yōu jiǔ de lì shǐ shì fú xī de gù xiāng,Zhoukou has a long history and is the hometown of Fuxi.
5863,祝酒,zhù jiǔ,(drinking) toast,7,1,祝,to wish,酒,alcohol,,,,,晚宴开始时大家一起祝酒,wǎn yàn kāi shǐ shí dà jiā yī qǐ zhù jiǔ,everyone made a toast at the start of the dinner party
5864,注射,zhù shè,injection,7,3,注意,to pay attention to,射击,to shoot,,,,,医生让我去打注射针,yī shēng ràng wǒ qù dǎ zhù shè zhēn,The doctor told me to get an injection
5865,柱状图,zhù zhuàng tú,bar chart,7,2,柱,column;pillar,形状,shape;form,图表,chart,,,老师展示了一张柱状图,lǎo shī zhǎn shì le yī zhāng zhù zhuàng tú,The teacher showed a bar chart
5866,砖红,zhuān hóng,brick red,7,4,砖,brick,红色,red,,,,,砖红色有复古感,zhuān hóng sè yǒu fù gǔ gǎn,Brick red feels retro
5867,转折点,zhuǎn zhé diǎn,turning point,7,3,转,to turn,骨折,fracture,点,point,,,那次小鹿被救是它命运的转折点,nà cì xiǎolù bèi jiù shì tā mìngyùn de zhuǎnzhédiǎn,That time the fawn was rescued was the turning point of its life
5868,转诊单,zhuǎn zhěn dān,referral form,7,3,转,turn,诊所,clinic,单,form;list,,,医生给了我一张转诊单让我去大医院检查,yī shēng gěi le wǒ yì zhāng zhuǎn zhěn dān ràng wǒ qù dà yī yuàn jiǎn chá,The doctor gave me a referral slip to get checked at a bigger hospital
5869,珠海,Zhūhǎi,Zhuhai,7,4,珍珠,pearl;boba,海,sea,,,,,珠海有美丽的海滨景色,Zhūhǎi yǒu měi lì de hǎi bīn jǐng sè,Zhuhai has beautiful seaside scenery
5870,追平,zhuī píng,to catch up and tie,7,4,追,chase,水平,level,,,,,球队在最后一分钟追平了比分。,qiú duì zài zuì hòu yì fēn zhōng zhuī píng le bǐ fēn,The team tied the score in the last minute.
5871,追溯,zhuī sù,to trace back to;go upstream,7,3,追,to pursue,溯,go upstream,,,,,这个传统可以追溯到古代。,zhè gè chuán tǒng kě yǐ zhuī sù dào gǔ dài,This tradition can be traced back to ancient times.
5872,子弹车,zǐ dàn chē,bullet bill,7,,,,,,,,,,子弹车带你高速前进,zǐ dàn chē dài nǐ gāo sù qián jìn,the bullet bill takes you forward at high speed
5873,自动取款机,zì dòng qǔ kuǎn jī,ATM,7,4,自动,automatic,取得,obtain,付款,payment,机器,machine,自动取款机就在门口。,zì dòng qǔ kuǎn jī jiù zài mén kǒu.,The ATM is right by the entrance.
5874,紫罗兰色,zǐ luó lán sè,violet color,7,4,紫罗兰,violet flower,颜色,color,,,,,紫罗兰色显得很浪漫,zǐ luó lán sè xiǎn de hěn làng màn,Violet looks romantic
5875,字母表,zì mǔ biǎo,alphabet,7,2,字母,letter,表格,table,,,,,孩子正在学习英文字母表,háizi zhèngzài xuéxí yīngwén zìmǔbiǎo,the child is learning the English alphabet
5876,自我介绍,zì wǒ jiè shào,self-introduction,7,4,自我,self,介绍,introduce,,,,,请先做个自我介绍。,qǐng xiān zuò gè zì wǒ jiè shào,Please introduce yourself first.
5877,自由女神像,zì yóu nǚ shén xiàng,Statue of Liberty,7,2,自由,freedom,女神,goddess,雕像,statue,,,自由女神像位于纽约。,zì yóu nǚ shén xiàng wèi yú niǔ yuē.,the statue of liberty is in new york.
5878,自传,zì zhuàn,autobiography,7,4,自己,self,传统,tradition,,,,,他写了一本自传。,tā xiě le yì běn zì zhuàn.,He wrote an autobiography.
5879,淄博,Zībó,Zibo,7,4,淄川,Zi river,博物馆,museum,,,,,淄博以陶瓷闻名,Zībó yǐ táo cí wén míng,Zibo is famous for ceramics
5880,总部,zǒng bù,headquarters;HQ,7,2,总统,president,部,department,,,,,公司总部在北京,Gōngsī zǒngbù zài Běijīng,The company headquarters is in Beijing
5881,综合,zōng hé,comprehensive,7,,,,,,,,,,综合服务中心提供多项服务,zōng hé fú wù zhōng xīn tí gōng duō xiàng fú wù,The service center provides multiple services
5882,纵火,zòng huǒ,arson,7,2,操纵,to manipulate,火,fire,,,,,他因纵火被逮捕。,tā yīn zòng huǒ bèi dài bǔ.,he was arrested for arson.
5883,宗亲,zōng qīn,clan relatives,7,5,宗,clan,亲戚,relative,,,,,婚礼上来了不少宗亲。,hūnlǐ shàng lái le bùshǎo zōngqīn,Many clan relatives came to the wedding.
5884,足足,zú zú,full;as much as,7,4,满足,satisfied,足够,enough,,,,,他等了足足两个小时。,tā děng le zú zú liǎng gè xiǎo shí,He waited a full two hours.
5885,最后的晚餐,zuì hòu de wǎn cān,The Last Supper,7,4,最后,last,的,adjectival suffix,晚餐,dinner,,,最后的晚餐是达芬奇的名作。,zuì hòu de wǎn cān shì dá fēn qí de míng zuò.,the last supper is da vinci’s masterpiece.
5886,坐标,zuò biāo,coordinate (geometry),7,3,坐,to sit,标准,standard,轴,,,,地图上标了坐标,dì tú shàng biāo le zuò biāo,The map shows coordinates
5887,坐垫,zuò diàn,cushion;butt,7,,,,,,,,,,椅子上放了一个软坐垫,yǐzi shàng fàng le yī gè ruǎn zuòdiàn,there is a soft cushion on the chair
5888,作文,zuò wén,composition;write an essay,7,5,工作,work,文化,culture,,,,,老师让我们写一篇作文,lǎo shī ràng wǒ men xiě yī piān zuò wén,the teacher asked us to write a composition
5889,作秀,zuò xiù,to grandstand;put on a show,7,4,作,to do,秀,show,,,,,他被批评是在作秀。,tā bèi pī píng shì zài zuò xiù,He was criticized for putting on a show.
5890,阿们,ā men,amen,8,,,,,,,,,,大家一起说阿们,Dàjiā yìqǐ shuō Āmén,Everyone said Amen together
5891,H&M,ài chì yī mǔ,H&M,8,,-,,,,,,,,H&M经常打折,ài chì yī mǔ jīng cháng dǎ zhé,H&M often has sales
5892,暗病,àn bìng,hidden defect,8,4,黑暗,dark,病,illness,,,,,他一直有暗病。,tā yì zhí yǒu àn bìng.,He has had a hidden illness for a long time.
5893,安德玛,ān dé mǎ,Under Armour,8,,,,,,,,,,安德玛专注于运动装备,ān dé mǎ zhuān zhù yú yùn dòng zhuāng bèi,Under Armour focuses on sports gear
5894,安静的环境,Ānjìng de huánjìng,Quiet environment,8,,,,,,,,,,我喜欢安静的环境,wǒ xǐ huan ān jìng de huán jìng,I like a quiet environment
5895,巴格达,bā gé dá,Baghdad,8,,,,,,,,,,巴格达曾是著名的学术与文化中心。,bā gé dá céng shì zhù míng de xué shù yǔ wén huà zhōng xīn.,Baghdad was once a famous center of scholarship and culture.
5896,巴赫,bā hè,Bach,8,,-,,,,,,,,巴赫对古典音乐影响深远。,bā hè duì gǔ diǎn yīn yuè yǐng xiǎng shēn yuǎn.,bach deeply influenced classical music.
5897,芭乐汁,Bā lè zhī,guava juice,8,,,,,,,,,,我点了一杯芭乐汁,wǒ diǎn le yī bēi bā lè zhī,i ordered a guava juice
5898,巴奴火锅,bā nú huǒ guō,Banu Hot Pot,8,,,,,,,,,,巴奴火锅主打毛肚,bā nú huǒ guō zhǔ dǎ máo dǔ,Banu Hot Pot is known for beef tripe
5899,巴氏除菌,bā shì chú jūn,Pasteurization,8,,,,,,,,,,牛奶经过巴氏除菌,niú nǎi jīng guò bā shì chú jūn,The milk was pasteurized
5900,霸王茶姬,bà wáng chá jī,CHAGEE,8,4,霸王,overlord,茶,tea,姬,beauty;princess,,,霸王茶姬在全国各地都有,bà wáng chá jī zài quán guó gè dì dōu yǒu,CHAGEE is found nationwide
5901,白班,bái bān,day shift,8,3,白天,daytime,班,work shift,,,,,她上白班,tā shàng bái bān,She works the day shift
5902,白骨精,bái gǔ jīng,White Bone Spirit,8,5,白,white,骨,bone,精神,spirit,,,白骨精是西游记中的妖怪,bái gǔ jīng shì xī yóu jì zhōng de yāo guài,The White Bone Spirit is a demon in Journey to the West
5903,白嫖,bái piáo,freeload,8,,,,,,,,,,他老是想白嫖别人资源,tā lǎo shì xiǎng bái piáo bié rén zī yuán,he always wants to freeload others resources
5904,白嫖党,bái piáo dǎng,freeloader,8,,,,,,,,,,白嫖党在游戏里很常见,bái piáo dǎng zài yóu xì lǐ hěn cháng jiàn,free riders are common in games
5905,白色液体,bái sè yè tǐ,white liquid,8,,,,,,,,,,她看到床上有点白色液体。,Tā kàn dào chuáng shàng yǒu diǎn báisè yètǐ.,She saw some white liquid on the bed.
5906,白雪公主,bái xuě gōng zhǔ,Snow White,8,4,白,white,雪,snow,公主,princess,,,白雪公主是经典童话人物。,bái xuě gōng zhǔ shì jīng diǎn tóng huà rén wù.,snow white is a classic fairy-tale character.
5907,半路,bàn lù,halfway;midway;on the way,8,3,半,half,路,road,,,,,超市的袋子很结实 你不用担心他会在半路破,Chāoshì de dàizǐ hěn jiēshi nǐ bùyòng dānxīn tā huì zài bànlù pò,"The bags in the supermarket are very sturdy, so you don't have to worry about them breaking halfway (home)."
5908,拌面,Bàn miàn,mixed noodles,8,,,,,,,,,,午饭我点了拌面,wǔ fàn wǒ diǎn le bàn miàn,i ordered mixed noodles for lunch
5909,拌青菜,Bàn qīngcài,mixed greens,8,,,,,,,,,,这盘是拌青菜,zhè pán shì bàn qīng cài,this plate is mixed vegetables
5910,搬去,bān qù,to move (house),8,,,,,,,,,,他决定搬去上海,tā jué dìng bān qù shàng hǎi,he decided to move to shanghai
5911,薄饼,báo bǐng,pancakes,8,2,薄,thin,饼,cake,,,,,我点了一张薄饼,wǒ diǎn le yī zhāng báo bǐng,i ordered a flatbread
5912,暴力,bào lì,Violence,8,,,,,,,,,,暴力行为不可取,bào lì xíng wéi bù kě qǔ,violent behavior is unacceptable
5913,被告人,bèi gào rén,defendant,8,3,被,by,告,to tell,人,person,,,法官宣布被告人有罪,fǎ guān xuān bù bèi gào rén yǒu zuì,the judge declared the defendant guilty
5914,比方说,bǐ fāng shuō,For example,8,,,,,,,,,,比方说他今天没来,bǐ fāng shuō tā jīn tiān méi lái,for example he didnt come today
5915,毕加索,bì jiā suǒ,Pablo Picasso,8,,-,,,,,,,,毕加索的画风非常独特。,bì jiā suǒ de huà fēng fēi cháng dú tè.,picasso’s painting style is very unique.
5916,必然,bì rán,inevitable,8,3,必,must,当然,of course,,,,,失败是必然的,shī bài shì bì rán de,failure is inevitable
5917,比萨斜塔,bǐ sà xié tǎ,Leaning Tower of Pisa,8,2,比萨,pizza,斜,slanting,塔,tower,,,比萨斜塔因倾斜而出名。,bǐ sà xié tǎ yīn qīng xié ér chū míng.,the leaning tower of pisa is famous for leaning.
5918,边境地区,biān jìng dì qū,border area,8,3,边境,border,地区,district,,,,,边境地区很敏感,biān jìng dì qū hěn mǐn gǎn,border areas are sensitive
5919,表伯,biǎo bó,older male cousin of father (extended),8,,,,,,,,,,表伯身体一直很好。,biǎo bó shēntǐ yìzhí hěn hǎo,My older cousin-uncle has always been healthy.
5920,彪马,biāo mǎ,Puma,8,,,,,,,,,,彪马的衣服很时尚,biāo mǎ de yī fú hěn shí shàng,Puma’s clothes are very trendy
5921,表叔,biǎo shū,younger male cousin of father (extended),8,,,,,,,,,,表叔今天从外地回来。,biǎo shū jīntiān cóng wàidì huílái,My cousin-uncle returned from another city today.
5922,标准差,biāo zhǔn chā,standard deviation,8,3,标准,standard,差异,difference,,,,,标准差能反映数据的离散程度,biāo zhǔn chā néng fǎn yìng shù jù de lí sàn chéng dù,standard deviation reflects the degree of dispersion
5923,播放,bò fàng,to play; to broadcast,8,5,广播,broadcast,放,to put,,,,,请播放这首歌,qǐng bō fàng zhè shǒu gē,please play this song
5924,波哥大,bō gē dà,Bogota,8,,,,,,,,,,波哥大以博物馆和咖啡文化闻名。,bō gē dà yǐ bó wù guǎn hé kā fēi wén huà wén míng.,Bogotá is known for its museums and coffee culture.
5925,伯母,bó mǔ,wife of father’s older brother,8,4,伯父,father's elder brother,母,female elder,,,,,伯母对我们非常热情。,bómǔ duì wǒmen fēicháng rèqíng,My aunt is very warm toward us.
5926,铂寓,Bó yù,platinum apartment,8,,铂金,platinum,公寓,apartment,,,,,他们住在铂寓,tā men zhù zài bó yù,They live in Poly Apartments
5927,不赌博,bù dǔbó,not a gambler,8,,,,,,,,,,她坚持不赌博,tā jiān chí bù dǔ bó,She insists on not gambling
5928,不均,bù jūn,uneven (ly distributed),8,,,,,,,,,,资源分配很不均,zī yuán fēn pèi hěn bù jūn,the distribution of resources is uneven
5929,不考虑,bù kǎolǜ,not considered,8,,,,,,,,,,这个方案我们不考虑,zhè gè fāng àn wǒ men bù kǎo lǜ,We won’t consider this plan
5930,不酗酒,bù xùjiǔ,not an alcoholic,8,,,,,,,,,,他承诺不酗酒,tā chéng nuò bù xù jiǔ,He promises not to drink excessively
5931,布宜诺斯艾利斯,bù yí nuò sī ài lì sī,Buenos Aires,8,,,,,,,,,,布宜诺斯艾利斯是阿根廷的首都,bù yí nuò sī ài lì sī shì ā gēn tíng de shǒu dū,Buenos Aires is the capital of Argentina
5932,捕鱼,bǔ yú,fishing,8,,,,,,,,,,他们在河里捕鱼,tā men zài hé lǐ bǔ yú,they are fishing in the river
5933,C 罗,C luó,cristiano ronaldo,8,,-,,,,,,,,C 罗进了一个精彩的球。,C luó jìn le yí gè jīng cǎi de qiú.,cristiano ronaldo scored a brilliant goal.
5934,餐巾纸,cān jīn zhǐ,paper napkin,8,,,,,,,,,,桌上有餐巾纸,zhuō shàng yǒu cān jīn zhǐ,there are napkins on the table
5935,沧龙,cāng lóng,mosasaurus,8,4,沧,blue-green of water,恐龙,dinosaur,,,,,沧龙是海洋爬行动物。,cāng lóng shì hǎi yáng pá xíng dòng wù.,mosasaurus was a marine reptile.
5936,草鸡蛋,cǎo jī dàn,free-range eggs,8,,,,,,,,,,农家提供草鸡蛋,nóng jiā tí gōng cǎo jī dàn,the farmhouse offers free range eggs
5937,草本汤,Cǎoběn tāng,herbal (grass book) soup,8,,,,,,,,,,她喜欢喝草本汤,tā xǐ huān hē cǎo běn tāng,she likes to drink herbal soup
5938,查看全部,Chákàn quánbù,view all,8,,,,,,,,,,点击这里可以查看全部,diǎn jī zhè lǐ kě yǐ chá kàn quán bù,Click here to view all
5939,超柔,chāo róu,Ultra-soft,8,,,,,,,,,,这条毛巾超柔,zhè tiáo máo jīn chāo róu,This towel is super soft
5940,城际客车,chéng jì kè chē,Intercity Bus,8,,,,,,,,,,城际客车每天早上发车,chéng jì kè chē měi tiān zǎo shàng fā chē,the intercity bus departs every morning
5941,成名,chéng míng,rise to fame;become famous,8,5,成为,to become,著名,famous,,,,,他因为这部电影成名了,tā yīn wèi zhè bù diàn yǐng chéng míng le,he became famous because of this movie
5942,诚心,chéng xīn,sincerely,8,,,,,,,,,,他是诚心帮你的,tā shì chéng xīn bāng nǐ de,He is sincerely helping you
5943,诚寻,Chéng xún,sincerely seeking,8,,,,,,,,,,我诚寻志同道合的朋友,wǒ chéng xún zhì tóng dào hé de péng yǒu,I sincerely seek like minded friends
5944,衬衣,chènyī,Shirts,8,,,,,,,,,,他穿了一件衬衣,tā chuān le yī jiàn chèn yī,He wore a shirt
5945,充值,chōng zhí,top up (game),8,5,充电,to recharge,值得,to be worth,,,,,我给手机充值了,wǒ gěi shǒu jī chōng zhí le,i recharged my phone
5946,穿搭,chuān dā,outfit; styling,8,3,穿,wear,搭子,partner,,,,,她的穿搭很好看。,tā de chuān dā hěn hǎo kàn.,Her outfit looks great.
5947,创新的人,chuàng xīn de rén,Innovative people,8,,,,,,,,,,他是一个很创新的人,tā shì yī gè hěn chuàng xīn de rén,He is a very innovative person
5948,春卷,chūn juǎn,spring rolls,8,4,春,spring,卷,roll,,,,,春节我们常吃春卷,chūn jiǎn wǒ men cháng chī chūn juǎn,we often eat spring rolls during spring festival
5949,纯虾,Chún xiā,pure shrimp,8,,,,,,,,,,这是一份纯虾饺子,zhè shì yī fèn chún xiā jiǎo zi,this is a pure shrimp dumpling
5950,辞海,cí hǎi,Cihai dictionary,8,4,辞职,to resign,海,sea,,,,,他在辞海里查单词,tā zài cí hǎi lǐ chá dān cí,He looks up words in Cihai
5951,从事,cóng shì,to engage in;to do,8,4,从,from,事,thing,,,,,他从事教育工作,tā cóng shì jiào yù gōng zuò,He is engaged in education work
5952,粗粉,Cū fěn,thick noodles,8,,,,,,,,,,这家店卖粗粉,zhè jiā diàn mài cū fěn,this shop sells thick noodles
5953,大董,dà dǒng,Dadong,8,,,,,,,,,,大董烤鸭口味独特,dà dǒng kǎo yā kǒu wèi dú tè,Dadong roast duck has a unique flavor
5954,大妈,dà mā,aunt;father's elder brother's wife,8,4,大,big,妈,mom,,,,,那位大妈很热心,nà wèi dà mā hěn rè xīn,That middle-aged woman is very warm-hearted
5955,大马人,dà mǎ rén,Malaysian (person),8,3,大,big,马,horse,人,person,,,我有一个朋友是大马人,wǒ yǒu yī gè péng yǒu shì dà mǎ rén,i have a friend from malaysia
5956,大米先生,dà mǐ xiān shēng,Mr Rice,8,,,,,,,,,,大米先生的快餐很受学生欢迎,dà mǐ xiān shēng de kuài cān hěn shòu xué shēng huān yíng,Mr Rice fast food is popular among students
5957,大难题,dà nàn tí,big problem,8,,,,,,,,,,这个问题对我们来说是个大难题,zhè gè wèn tí duì wǒ men lái shuō shì gè dà nán tí,this problem is a big challenge for us
5958,大娘水饺,dà niáng shuǐ jiǎo,Daniang Dumplings,8,,,,,,,,,,大娘水饺有很多种馅,dà niáng shuǐ jiǎo yǒu hěn duō zhǒng xiàn,Daniang Dumplings offers many fillings
5959,大炮,dà pào,cannon,8,,,,,,,,,,城墙上有一门大炮,Chéngqiáng shàng yǒu yì mén dàpào,There is a cannon on the city wall
5960,大卫布莱恩,dà wèi bù lái ēn,David Blaine,8,,-,,,,,,,,大卫·布莱恩的魔术很震撼。,dà wèi · bù lái ēn de mó shù hěn zhèn hàn.,david blaine’s magic is astonishing.
5961,大英博物馆,dà yīng bó wù guǎn,British Museum,8,3,大,big,英国,Britain,博物馆,museum,,,大英博物馆收藏丰富。,dà yīng bó wù guǎn shōu cáng fēng fù.,the british museum has rich collections.
5962,大量肉桂,Dàliàng ròuguì,Lots of cinnamon,8,,,,,,,,,,蛋糕里加了大量肉桂,dàn gāo lǐ jiā le dà liàng ròu guì,A lot of cinnamon was added to the cake
5963,单烘干,dān hōng gān,Dry only,8,,,,,,,,,,洗衣机支持单烘干,xǐ yī jī zhī chí dān hōng gān,The washing machine supports drying only
5964,单脱水,dān tuōshuǐ,Spin only,8,,,,,,,,,,洗衣机支持单脱水,xǐ yī jī zhī chí dān tuō shuǐ,The washing machine supports spin-dry only
5965,当兵,Dāng bīng,to become a soldier;serve in military,8,,,,,,,,,,他高中毕业后去当兵了,tā gāo zhōng bì yè hòu qù dāng bīng le,he joined the army after graduating high school
5966,刀刃,dāo rèn,Blade,8,,,,,,,,,,小心刀刃,xiǎo xīn dāo rèn,Be careful of the blade
5967,大物,dàwù,Large items,8,,,,,,,,,,他是班里的大物,tā shì bān lǐ de dà wù,He is the big shot in the class
5968,大专学历,Dàzhuān xuélì,College degree,8,,,,,,,,,,他有大专学历,tā yǒu dà zhuān xué lì,He has a junior college degree
5969,德黑兰,dé hēi lán,Tehran,8,,,,,,,,,,德黑兰是伊朗的首都,dé hēi lán shì yī lǎng de shǒu dū,Tehran is the capital of Iran
5970,德庄火锅,dé zhuāng huǒ guō,Dezhuang Hot Pot,8,,,,,,,,,,德庄火锅很辣,dé zhuāng huǒ guō hěn là,Dezhuang Hot Pot is very spicy
5971,等于号,děng yú hào,equals sign,8,5,等等,et cetera,关于,pertaining to,号,number,,,请写出等于号,qǐng xiě chū děng yú hào,please write the equal sign
5972,弟妹,dì mèi,younger brother and his wife,8,5,弟弟,younger brother,妹妹,younger sister,,,,,我弟妹特别会照顾人。,wǒ dìmèi tèbié huì zhàogù rén,My younger brother’s wife is very caring.
5973,地铁优先,dì tiě yōu xiān,subway priority,8,,,,,,,,,,地铁优先通行,dì tiě yōu xiān tōng xíng,metro has priority passage
5974,地质学,dì zhí xué,Geology,8,,,,,,,,,,他研究地质学,tā yán jiū dì zhì xué,He studies geology
5975,东来顺,dōng lái shùn,Donglaishun,8,,,,,,,,,,东来顺以羊肉火锅闻名,dōng lái shùn yǐ yáng ròu huǒ guō wén míng,Donglaishun is famous for mutton hotpot
5976,毒贩子,dú fàn zǐ,drug dealer,8,,,,,,,,,,警察抓住了一个毒贩子,jǐng chá zhuā zhù le yī gè dú fàn zi,the police caught a drug dealer
5977,墩数,dūn shù,number of tricks,8,,,,,,,,,,墩数不一样,dūnshù bù yīyàng,the number of tricks is not the same
5978,多哥,duō gē,Togo,8,5,多,many,哥,elder brother,,,,,多哥是非洲的一个国家,duō gē shì fēi zhōu de yī gè guó jiā,togo is a country in africa
5979,阿胶,ē jiāo,donkey-hide gelatin,8,5,阿姨,"""a"" sound",明胶,gelatin,,,,,阿胶被认为有补血的功效。,ē jiāo bèi rèn wéi yǒu bǔ xuè de gōng xiào.,Ejiao is believed to nourish the blood.
5980,峨眉山,é méi shān,"Mount Emei (Sichuan), Buddhist mountain with temples and natural beauty",8,4,巍峨,majestic;lofty,眉毛,eyebrow,山,mountain,,,峨眉山是著名的佛教名山。,é méi shān shì zhù míng de fó jiào míng shān,Mount Emei is a famous Buddhist mountain.
5981,翻车,fān chē,to fail badly; to backfire,8,3,翻,to flip over,车,vehicle,,,,,这次直播翻车了。,zhè cì zhí bō fān chē le.,This livestream was a disaster.
5982,梵高,fàn gāo,Vincent van Gogh,8,,-,,,,,,,,梵高生前并不出名。,fàn gāo shēng qián bìng bù chū míng.,van gogh was not famous during his lifetime.
5983,饭类,Fàn lèi,rice types,8,,,,,,,,,,菜单上有各种饭类,cài dān shàng yǒu gè zhǒng fàn lèi,the menu has different rice dishes
5984,饭圈,fàn quān,fandom community,8,,,,,,,,,,她最近加入了追星的饭圈,tā zuìjìn jiārù le zhuīxīng de fànquān,she recently joined the fan community
5985,犯罪者,fàn zuì zhě,criminal,8,,,,,,,,,,警方逮捕了一名犯罪者,jǐng fāng dài bǔ le yī míng fàn zuì zhě,the police arrested a criminal
5986,非关系型数据库,fēi guān xì xíng shù jù kù,non-relational database,8,,,,,,,,,,这个应用依赖非关系型数据库,zhè gè yìng yòng yī lài fēi guān xì xíng shù jù kù,This app relies on a non relational database
5987,粪便,fèn biàn,feces,8,,,,,,,,,,医生检查了病人的粪便,yī shēng jiǎn chá le bìng rén de fèn biàn,the doctor examined the patients stool
5988,分号,fēn hào,semicolon,8,2,分,to divide,号,mark,,,,,请在这里加一个分号,qǐng zài zhè lǐ jiā yī gè fēn hào,please add a semicolon here
5989,风景,fēng jǐng,scenery,8,,,,,,,,,,这里的风景很美,zhè lǐ de fēng jǐng hěn měi,the scenery here is beautiful
5990,风铃,fēng líng,wind chime,8,2,风,wind,铃,bell,,,,,风吹动了风铃,fēng chuī dòng le fēng líng,the wind moved the wind chime
5991,风评,fēng píng,reviews;reputation,8,,,,,,,,,,他的风评很好,tā de fēng píng hěn hǎo,he has a good reputation
5992,丰盛,fēng shèng,rich;hearty;sumptuous,8,4,丰富,abundant,盛大,grand,,,,,晚餐准备得非常丰盛。,Wǎncān zhǔnbèi de fēicháng fēngshèng.,The dinner was prepared lavishly.
5993,蜂蜜芦荟,Fēngmì lúhuì,Honey Aloe,8,,,,,,,,,,她喜欢喝蜂蜜芦荟茶,tā xǐ huān hē fēng mì lú huì chá,she likes to drink honey aloe tea
5994,肤白,Fū bái,White skin,8,,,,,,,,,,她的皮肤很白,tā de pí fū hěn bái,Her skin is fair
5995,复古风,fù gǔ fēng,Retro style,8,,,,,,,,,,她喜欢复古风的衣服,tā xǐ huan fù gǔ fēng de yī fú,She likes retro-style clothes
5996,GAP,gā pǔ,GAP,8,,-,,,,,,,,GAP的牛仔裤很耐穿,gā pǔ de niú zǎi kù hěn nài chuān,GAP jeans are durable
5997,概述,gài shù,Overview,8,2,大概,approximately,描述,to describe,,,,,老师先给了一个概述,lǎo shī xiān gěi le yī gè gài shù,the teacher gave an overview first
5998,干部,gàn bù,cadre,8,4,干,dry,部,part,,,,,他是单位干部,tā shì dān wèi gàn bù,He is a cadre in the company
5999,高粱,gāo liáng,sorghum,8,,,,,,,,,,高粱常被用来酿酒,gāo liáng cháng bèi yòng lái niàng jiǔ,Sorghum is often used for brewing alcohol
6000,高层管理,Gāocéng guǎnlǐ,Senior Management,8,,,,,,,,,,他在做高层管理,tā zài zuò gāo céng guǎn lǐ,He works in senior management
6001,高级职称,Gāojí zhíchēng,Senior job title,8,,,,,,,,,,她有高级职称,tā yǒu gāo jí zhí chēng,She has a senior professional title
6002,高中毕业,Gāozhōng bìyè,High school graduate,8,,,,,,,,,,他去年高中毕业,tā qù nián gāo zhōng bì yè,He graduated from high school last year
6003,隔壁,gé bì,next door,8,,,,,,,,,,隔壁新开了一家咖啡馆,gé bì xīn kāi le yī jiā kā fēi guǎn,a new cafe opened next door
6004,搁置,gē zhì,to shelve; put aside,8,4,搁,to place;put down,位置,position,,,,,这个计划暂时搁置。,zhè ge jì huà zàn shí gē zhì.,The plan has been shelved for now.
6005,功能检查区,gōng néng jiǎn chá qū,functional examination area,8,4,功能,function,检查,inspection,区,area,,,功能检查区里有多个检测设备,gōng néng jiǎn chá qū lǐ yǒu duō gè jiǎn cè shè bèi,The functional test area has many testing devices
6006,宫崎骏,gōng qí jùn,Hayao Miyazaki,8,,-,,,,,,,,宫崎骏的动画充满想象力。,gōng qí jùn de dòng huà chōng mǎn xiǎng xiàng lì.,hayao miyazaki’s animations are full of imagination.
6007,公职人员,gōng zhí rén yuán,public officer;government official,8,3,公,public,职,profession,人员,staff,,,他是公职人员,tā shì gōng zhí rén yuán,He is a public servant
6008,工业设计,Gōngyè shèjì,Industrial Design,8,,,,,,,,,,他学的是工业设计,tā xué de shì gōng yè shè jì,He studied industrial design
6009,工作岗位,Gōngzuò gǎngwèi,Job Positions,8,,,,,,,,,,我找到了新工作岗位,wǒ zhǎo dào le xīn gōng zuò gǎng wèi,I found a new job position
6010,古茗,gǔ míng,Guming Tea,8,,,,,,,,,,古茗奶茶在年轻人中很流行,gǔ míng nǎi chá zài nián qīng rén zhōng hěn liú xíng,Guming milk tea is very popular among young people
6011,姑娘,gū niáng,girl,8,,,,,,,,,,那个姑娘很漂亮,nà gè gū niang hěn piào liang,That girl is very pretty
6012,姑甥,gū shēng,child of paternal aunt (formal),8,,,,,,,,,,姑甥之间的感情很亲密。,gūshēng zhījiān de gǎnqíng hěn qīnmì,The bond between an aunt and her nephew is very close.
6013,挂号,guà hào,registration (at hospital),8,3,挂,hang,号,number,,,,,我去医院挂号,wǒ qù yī yuàn guà hào,I went to the hospital to register
6014,挂号收费处,guà hào shōu fèi chù,registration and payment counter,8,,,,,,,,,,他去挂号收费处缴费,tā qù guà hào shōu fèi chù jiǎo fèi,He went to the registration counter to pay
6015,关岛,guān dǎo,Guam,8,3,关,close,岛,island,,,,,关岛是美国的海外领地,guān dǎo shì měi guó de hǎi wài lǐng dì,guam is a us territory
6016,古典园林,Gǔdiǎn yuánlín,Classical Gardens,8,,,,,,,,,,苏州有许多古典园林,sū zhōu yǒu xǔ duō gǔ diǎn yuán lín,suzhou has many classical gardens
6017,菌菇,gūn gū,mushrooms,8,,,,,,,,,,汤里放了很多菌菇,tāng lǐ fàng le hěn duō jūn gū,the soup has many mushrooms
6018,果冰沙,Guǒ bīng shā,fruit smoothie,8,,,,,,,,,,夏天喝果冰沙很凉爽,xià tiān hē guǒ bīng shā hěn liáng shuǎng,fruit smoothies are refreshing in summer
6019,海草,hǎi cǎo,seaweed,8,,,,,,,,,,海里有很多海草,hǎi lǐ yǒu hěn duō hǎi cǎo,There is a lot of seaweed in the sea
6020,海得拉巴,hǎi dé lā bā,Hyderabad,8,,,,,,,,,,海得拉巴是印度的历史名城,hǎi dé lā bā shì yìn dù de lì shǐ míng chéng,Hyderabad is a historic city in India
6021,海地,hǎi dì,Haiti,8,3,海,sea,地,land,,,,,海地是加勒比海的一个国家,hǎi dì shì jiā lè bǐ hǎi de yī gè guó jiā,haiti is a country in the caribbean
6022,海葵,hǎi​ kuí,sea ​​anemone,8,3,海,sea,向日葵,sunflower,,,,,海里有很多海葵,hǎi lǐ yǒu hěn duō hǎi kuí,there are many sea anemones in the ocean
6023,海带丝,Hǎidài sī,shredded kelp,8,,,,,,,,,,凉拌海带丝很清爽,liáng bàn hǎi dài sī hěn qīng shuǎng,cold kelp shreds taste refreshing
6024,海苔碎,Hǎitái suì,Shredded seaweed,8,,,,,,,,,,饭团上撒了海苔碎,fàn tuán shàng sǎ le hǎi tái suì,the rice ball is topped with seaweed flakes
6025,寒假,hán jià,winter vacation,8,3,寒,cold,假期,vacation,,,,,学生们期待寒假,xué shēng men qī dài hán jià,students are looking forward to winter vacation
6026,含酒,Hán jiǔ,including alcohol,8,,,,,,,,,,这道甜点含酒,zhè dào tián diǎn hán jiǔ,this dessert contains alcohol
6027,含早餐,Hán zǎocān,Breakfast included,8,,,,,,,,,,房价含早餐,fáng jià hán zǎo cān,the room price includes breakfast
6028,豪大大鸡排,háo dà dà jī pái,Hao Dada Chicken Steak,8,,,,,,,,,,豪大大鸡排是台湾小吃,háo dà dà jī pái shì tái wān xiǎo chī,Hao Dada chicken steak is a Taiwanese snack
6029,耗能低,hào néng dī,Low energy consumption,8,,,,,,,,,,-,-,-
6030,耗能高,hào néng gāo,High energy consumption,8,,,,,,,,,,-,-,-
6031,和合谷,hé hé gǔ,Hehegu,8,,,,,,,,,,和合谷卖的是快餐盒饭,hé hé gǔ mài de shì kuài cān hé fàn,Hehegu sells lunchbox-style fast food
6032,荷兰豆,hé lán dòu,snow pea,8,3,荷兰,Netherlands,豆,bean,,,,,我喜欢吃荷兰豆,wǒ xǐ huān chī hé lán dòu,i like eating snow peas
6033,荷兰芹,hé lán qín,parsley,8,3,荷兰,Netherlands,芹,celery,,,,,汤里放了点荷兰芹,tāng lǐ fàng le diǎn hé lán qín,there is some parsley in the soup
6034,荷兰猪,hé lán zhū,guinea pig,8,3,荷兰,Netherlands,猪,pig,,,,,她养了一只荷兰猪,tā yǎng le yī zhī hé lán zhū,she has a guinea pig
6035,河狸,hé lí,beaver,8,3,河,river,狐狸,fox,,,,,河狸在筑坝,hé lí zài zhù bà,beavers are building a dam
6036,河豚,hé​ tún,puffer fish,8,3,河,river,豚,piglet,,,,,河豚有毒,hé tún yǒu dú,blowfish are poisonous
6037,很有实力,Hěn yǒu shílì,Very capable,8,,,,,,,,,,这家公司很有实力,zhè jiā gōng sī hěn yǒu shí lì,This company is very strong
6038,横向,héng xiàng,horizontal,8,,,,,,,,,,请把纸横向放置,qǐng bǎ zhǐ héng xiàng fàng zhì,please place the paper horizontally
6039,胡迪尼,hú dí ní,Houdini,8,,-,,,,,,,,胡迪尼以逃脱魔术闻名。,hú dí ní yǐ táo tuō mó shù wén míng.,houdini was famous for escape magic.
6040,户籍,hù jí,household registration (location),8,,,,,,,,,,你需要提供户籍证明,nǐ xū yào tí gōng hù jí zhèng míng,You need to provide a household registration certificate
6041,沪上阿姨,hù shàng ā yí,Auntie Shanghai,8,,,,,,,,,,沪上阿姨的鲜奶茶很畅销,hù shàng ā yí de xiān nǎi chá hěn chàng xiāo,Auntie Shanghai fresh milk tea sells well
6042,换乘少,huàn chéng shǎo,fewer transfers,8,,,,,,,,,,这条线路换乘少,zhè tiáo xiàn lù huàn chéng shǎo,this route requires fewer transfers
6043,还清,huán qīng,to fully pay off (debt),8,3,还,still,清楚,clear,,,,,他终于把债务还清了,tā zhōng yú bǎ zhài wù huán qīng le,he finally paid off his debt
6044,黄飞鸿,huáng fēi hóng,Wong Fei-hung (martial artist),8,5,黄,yellow,飞,to fly,鸿沟,chasm,,,黄飞鸿是中国著名的武术家。,huáng fēi hóng shì zhōng guó zhù míng de wǔ shù jiā.,Wong Fei-hung was a famous martial artist in China.
6045,黄记煌,huáng jì huáng,Huangjihuang,8,,,,,,,,,,黄记煌的三汁焖锅很特别,huáng jì huáng de sān zhī mèn guō hěn tè bié,Huangjihuang’s “three sauce stew” is unique
6046,灰姑娘,huī gū niáng,Cinderella,8,4,灰,gray,姑娘,young lady,,,,,灰姑娘的故事家喻户晓。,huī gū niáng de gù shì jiā yù hù xiǎo.,cinderella’s story is known to all.
6047,婚房,Hūn fáng,marriage home;home meant to be lived in together,8,,,,,,,,,,他们买了婚房,tā men mǎi le hūn fáng,They bought a marital home
6048,婚前,hūn qián,before marriage,8,4,婚,marriage,前,before,,,,,他们婚前住在一起,tā men hūn qián zhù zài yī qǐ,they lived together before marriage
6049,混血,hùn xiě,mixed (blood),8,3,混,to mix,血,blood,,,,,他是混血儿,tā shì hùn xuè ér,He is of mixed blood
6050,吉布提,jí bù tí,Djibouti,8,5,吉,lucky,布,cloth,提供,to offer,,,吉布提是个小国家,jí bù tì shì gè xiǎo guó jiā,djibouti is a small country
6051,基金,jī jīn,fund,8,3,基本,fundamental,金,money,,,,,他投资了一个基金,tā tóu zī le yī gè jī jīn,He invested in a fund
6052,棘龙,jí lóng,spinosaurus,8,2,荆棘,thorns,恐龙,dinosaur,,,,,棘龙生活在水边。,jí lóng shēng huó zài shuǐ biān.,spinosaurus lived near water.
6053,基于,jī yú,based on;because of,8,,,,,,,,,,这个判断是基于事实的,zhè gè pàn duàn shì jī yú shì shí de,This judgment is based on facts
6054,嘉宾,jiā bīn,(esteemed) guest,8,,,,,,,,,,节目请来了特别嘉宾,jié mù qǐng lái le tè bié jiā bīn,the program invited a special guest
6055,加尔各答,jiā ěr gè dá,Kolkata,8,,,,,,,,,,加尔各答被称为印度的文化之都。,jiā ěr gè dá bèi chēng wéi yìn dù de wén huà zhī dū.,Kolkata is known as the cultural capital of India.
6056,甲龙,jiǎ lóng,ankylosaurus,8,2,盔甲,armor,恐龙,dinosaur,,,,,甲龙全身覆盖铠甲。,jiǎ lóng quán shēn fù gài kǎi jiǎ.,ankylosaurus was covered in armor.
6057,假冒网站,jiǎ mào wǎng zhàn,fake website,8,,,,,,,,,,他被骗进了一个假冒网站,tā bèi piàn jìn le yī gè jiǎ mào wǎng zhàn,he was tricked into a fake website
6058,假设检验,jiǎ shè jiǎn yàn,hypothesis testing,8,,,,,,,,,,我们用假设检验来判断差异是否显著,wǒ men yòng jiǎ shè jiǎn yàn lái pàn duàn chā yì shì fǒu xiǎn zhù,we use hypothesis testing to check if differences are significant
6059,家电维修,Jiādiàn wéixiū,Home Appliance Repair,8,,,,,,,,,,他学过家电维修,tā xué guò jiā diàn wéi xiū,he studied home appliance repair
6060,监督学习,jiān dū xué xí,supervised learning,8,4,监督,to supervise,学习,to learn,,,,,监督学习需要带标签的数据,jiān dū xué xí xū yào dài biāo qiān de shù jù,supervised learning requires labeled data
6061,健康档案,jiàn kāng dǎng 'àn,health records,8,,,,,,,,,,医院保存了健康档案,yī yuàn bǎo cún le jiàn kāng dàng àn,The hospital keeps health records
6062,剑龙,jiàn lóng,stegosaurus,8,2,剑,sword,恐龙,dinosaur,,,,,剑龙背上有骨板。,jiàn lóng bèi shàng yǒu gǔ bǎn.,stegosaurus has plates on its back.
6063,简约风,jiǎn yuē fēng,simple style,8,,,,,,,,,,房间是简约风的设计,fáng jiān shì jiǎn yuē fēng de shè jì,The room is designed in a minimalist style
6064,建筑物,jiàn zhú wù,building,8,,,,,,,,,,这座建筑物很高,zhè zuò jiàn zhù wù hěn gāo,this building is very tall
6065,教会,jiào huì,Christian church,8,4,基督教,Christianity,会议,meeting,,,,,他们周日会去教会做礼拜。,tā men zhōu rì huì qù jiào huì zuò lǐ bài。,They go to church on Sundays.
6066,较拥挤,jiào yǒng jǐ,More crowded,8,,,,,,,,,,高峰期车厢较拥挤,gāo fēng qī chē xiāng jiào yōng jǐ,the carriage is crowded during peak hours
6067,教育家,jiào yù jiā,educator,8,4,教育,to educate,家,specialist,,,,,陶行知是著名的教育家,táo xíng zhī shì zhù míng de jiào yù jiā,tao xingzhi was a famous educator
6068,教育机构,Jiàoyù jīgòu,Educational institutions,8,,,,,,,,,,他在教育机构工作,tā zài jiào yù jī gòu gōng zuò,He works in an educational institution
6069,家庭状况,Jiātíng zhuàngkuàng,Family status,8,,,,,,,,,,我们需要了解家庭状况,wǒ men xū yào liǎo jiě jiā tíng zhuàng kuàng,We need to understand the family situation
6070,借书证,jiè shū zhèng,library card,8,3,借,to borrow,书,book,身份证,identity card,,,你办过借书证吗,nǐ bàn guò jiè shū zhèng ma,do you have a library card
6071,街头霸王,jiē tóu bà wáng,Street Fighter,8,4,街头,street,霸王,overlord,,,,,街头霸王是一款经典格斗游戏。,jiē tóu bà wáng shì yí kuǎn jīng diǎn gé dòu yóu xì.,street fighter is a classic fighting game.
6072,金桔,jīn jié,kumquat,8,3,金,metal,桔子,tangerine,,,,,这杯果汁里有金桔,zhè bēi guǒ zhī lǐ yǒu jīn jú,this juice has kumquat inside
6073,金沙萨,jīn shā sà,Kinshasa,8,,,,,,,,,,金沙萨的音乐和舞蹈非常有活力。,jīn shā sà de yīn yuè hé wǔ dǎo fēi cháng yǒu huó lì.,Kinshasa’s music and dance are full of energy.
6074,景点,jǐng diǎn,attractions;scenic spot,8,3,,景,scenery,点,point,,,,北京有很多著名景点,běi jīng yǒu hěn duō zhù míng jǐng diǎn,beijing has many famous attractions
6075,静脉置管护理门诊,jìng mài zhì guǎn hù lǐ mén zhěn,intravenous catheter care clinic,8,,,,,,,,,,静脉置管护理门诊负责导管护理,jìng mài zhì guǎn hù lǐ mén zhěn fù zé dǎo guǎn hù lǐ,The IV catheter care clinic handles catheter maintenance
6076,晶球,jīng qiú,Crystal ball / boba,8,,,,,,,,,,饮料里加了晶球,yǐn liào lǐ jiā le jīng qiú,the drink has crystal balls inside
6077,净身高,Jìng shēngāo,Net height (without shoes),8,,,,,,,,,,他的净身高是一米八,tā de jìng shēn gāo shì yī mǐ bā,His net height is 1.8 meters
6078,精英,jīng yīng,elite,8,2,精神,spirit,英,England,,,,,他是行业里的精英,tā shì háng yè lǐ de jīng yīng,he is an elite in the industry
6079,舅甥,jiù shēng,child of maternal uncle (formal),8,,,,,,,,,,舅甥一起去旅行了。,jiùshēng yīqǐ qù lǚxíng le,The uncle and his nephew/niece traveled together.
6080,距此,jù cǐ,distance from here,8,4,距离,distance,此地,here,,,,,学校距此只有一公里,xué xiào jù cǐ zhǐ yǒu yī gōng lǐ,The school is only one kilometer from here
6081,军事家,jūn shì jiā,military expert;general,8,3,军,military,事,affairs,家,specialist,,,孙子是著名的军事家,sūn zǐ shì zhù míng de jūn shì jiā,sun tzu was a famous military strategist
6082,卡拉奇,kǎ lā qí,Karachi,8,,,,,,,,,,卡拉奇是巴基斯坦的重要城市,kǎ lā qí shì bā jī sī tǎn de zhòng yào chéng shì,Karachi is an important city in Pakistan
6083,开罗,kāi luó,Cairo,8,,,,,,,,,,开罗有世界著名的金字塔,kāi luó yǒu shì jiè zhù míng de jīn zì tǎ,Cairo has world famous pyramids
6084,开普敦,kāi pǔ dūn,Cape Town,8,,,,,,,,,,他去年去开普敦旅游了,tā qùnián qù kāipǔdūn lǚyóu le,he traveled to Cape Town last year
6085,开园中,kāi yuán zhōng,open (place),8,,,,,,,,,,景区现在开园中,jǐng qū xiàn zài kāi yuán zhōng,the scenic spot is open now
6086,看病人,kàn bìng rén,see a patient,8,3,看,to see,病,illness,人,person,,,医生正在看病人,yī shēng zhèng zài kàn bìng rén,the doctor is seeing a patient
6087,科技迷,kē jì mí,technology fans,8,,,,,,,,,,他是科技迷,tā shì kē jì mí,He is a technology enthusiast
6088,可口可乐,kě kǒu kě lè,Coca Cola,8,3,可口,tasty,可乐,amusing,,,,,我喜欢喝可口可乐,wǒ xǐ huān hē kě kǒu kě lè,i like drinking coca cola
6089,克拉,kè lā,carat,8,,,,,,,,,,这颗钻石有一克拉,Zhè kē zuànshí yǒu yí kèlā,This diamond is one carat
6090,可能性,kě néng xìng,possibility,8,,,,,,,,,,这件事有可能性,zhè jiàn shì yǒu kě néng xìng,This matter has a possibility
6091,控告,kòng gào,to accuse;accusation,8,3,控制,control,告,to tell,,,,,他决定控告那家公司,tā jué dìng kòng gào nà jiā gōng sī,he decided to sue that company
6092,空气洗,kōngqì xǐ,Air wash,8,,,,,,,,,,洗衣机有空气洗功能,xǐ yī jī yǒu kōng qì xǐ gōng néng,The washing machine has an air wash function
6093,酷热,kù rè,scorching hot,8,4,很酷,cool,热,hot,,,,,夏天非常酷热。,xià tiān fēi cháng kù rè.,Summers are scorching hot.
6094,跨国恋爱,kuà guó liàn 'ài,international couple,8,4,跨国,transnational,恋爱,love,,,,,他们在谈跨国恋爱,tā men zài tán kuà guó liàn ài,they are in a cross border relationship
6095,拉各斯,lā gè sī,Lagos,8,,,,,,,,,,拉各斯是尼日利亚最大的城市,lāgèsī shì nírìlìyǎ zuì dà de chéngshì,Lagos is the biggest city in Nigeria
6096,辣妹子,là mèi zǐ,spicy girl,8,,,,,,,,,,她是个辣妹子,tā shì gè là mèi zi,she is a spicy hot girl
6097,老式英语,Lǎoshì yīngyǔ,Old English,8,,,,,,,,,,这句话是老式英语,zhè jù huà shì lǎo shì yīng yǔ,This sentence is old-fashioned English
6098,雷龙,léi lóng,brontosaurus,8,2,雷,thunder,恐龙,dinosaur,,,,,雷龙体型巨大。,léi lóng tǐ xíng jù dà.,brontosaurus was enormous.
6099,冷藏室容积(升),lěngcáng shì róngjī (shēng),Refrigerator volume (liters),8,,,,,,,,,,-,-,-
6100,里昂,lǐ áng,Lyon,8,,,,,,,,,,里昂以美食出名,lǐáng yǐ měishí chūmíng,Lyon is famous for its food
6101,离店,lí diàn,Check-out,8,3,,离开,leave,店,shop,,,,请在中午十二点前离店,qǐng zài zhōng wǔ shí èr diǎn qián lí diàn,please check out before noon
6102,里约热内卢,lǐ yuē rè nèi lú,Rio de Janeiro,8,,,,,,,,,,里约热内卢以狂欢节著名,lǐ yuē rè nèi lú yǐ kuáng huān jié zhù míng,Rio de Janeiro is famous for its carnival
6103,两广,liǎng guǎng,Guangdong and Guangxi,8,4,两,two,广东,Guangdong,,,,,两广地区气候湿润,liǎng guǎng dì qū qì hòu shī rùn,the climate in guangdong and guangxi is humid
6104,亮点特色,Liàngdiǎn tèsè,Highlights,8,,,,,,,,,,这次活动有几个亮点特色,zhè cì huó dòng yǒu jǐ gè liàng diǎn tè sè,this event has several highlights
6105,猎鹰,liè ​yīng,falcon,8,2,猎,hunt,鹰,eagle,,,,,猎鹰的速度很快,liè yīng de sù dù hěn kuài,falcons are very fast
6106,林肯,lín kěn,Abraham Lincoln,8,,-,,,,,,,,林肯是美国著名总统。,lín kěn shì měi guó zhù míng zǒng tǒng.,lincoln was a famous us president.
6107,灵魂共鸣,líng hún gòng míng,spiritual compatibility;soul resonance,8,,,,,,,,,,这首歌让我产生灵魂共鸣,zhè shǒu gē ràng wǒ chǎn shēng líng hún gòng míng,This song gives me a resonance of the soul
6108,浏览,liú lǎn,(number of) views;to browse,8,,,,,,,,,,我喜欢浏览新闻,wǒ xǐ huān liú lǎn xīn wén,I like browsing news
6109,柳絮,liǔ xù,catkins,8,,,,,,,,,,春天柳絮飞满天,chūn tiān liǔ xù fēi mǎn tiān,Willow catkins fill the sky in spring
6110,绿茶餐厅,lǜ chá cān tīng,Green Tea Restaurant,8,,,,,,,,,,绿茶餐厅很适合家庭聚餐,lǜ chá cān tīng hěn shì hé jiā tíng jù cān,Green Tea Restaurant is good for family gatherings
6111,卢浮宫,lú fú gōng,Louvre Museum,8,5,卢,"""lu"" sound",漂浮,floating,宫殿,palace,,,卢浮宫是世界著名博物馆。,lú fú gōng shì shì jiè zhù míng bó wù guǎn.,the louvre is a world-famous museum.
6112,路况,lù kuàng,road (traffic) conditions,8,4,路,road,情况,condition,,,,,今天的路况很好,jīn tiān de lù kuàng hěn hǎo,The road condition is good today
6113,落差,luò chā,"gap (in wages, expectations)",8,,,,,,,,,,理想和现实有很大落差,lǐ xiǎng hé xiàn shí yǒu hěn dà luò chā,there is a big gap between ideal and reality
6114,马德里,mǎ dé lǐ,Madrid,8,,,,,,,,,,我在马德里看过一场足球比赛,wǒ zài mǎdélǐ kàn guò yī chǎng zúqiú bǐsài,I watched a soccer game in Madrid
6115,马里,mǎ lǐ,Mali,8,5,马,horse,里,inside,,,,,马里位于西非,mǎ lǐ wèi yú xī fēi,mali is in west africa
6116,牦牛,máo niú,yak,8,,,,,,,,,,西藏有很多牦牛,xī zàng yǒu hěn duō máo niú,There are many yaks in Tibet
6117,美女与野兽,měi nǚ yǔ yě shòu,Beauty and the Beast,8,4,美女,beauty,与,and,野兽,beast,,,孩子们喜欢看《美女与野兽》。,hái zi men xǐ huān kàn měi nǚ yǔ yě shòu.,"Children like watching ""Beauty and the Beast""."
6118,梅西,méi xī,lionel messi,8,3,梅,plum,西,west,,,,,梅西是著名足球运动员。,méi xī shì zhù míng zú qiú yùn dòng yuán.,messi is a famous football player.
6119,美洲虎,měi zhōu hǔ,jaguar,8,2,美洲,Americas,虎,tiger,,,,,美洲虎是一种凶猛的动物,měi zhōu hǔ shì yī zhǒng xiōng měng de dòng wù,the jaguar is a fierce animal
6120,门外汉,mén wài hàn,layperson,8,3,门,gate,外,outside,汉子,man;fellow,,,我是这个领域的门外汉。,wǒ shì zhè ge lǐng yù de mén wài hàn.,I'm a layperson in this field.
6121,孟买,mèng mǎi,Mumbai,8,,,,,,,,,,孟买是印度的重要城市,mèng mǎi shì yìn dù de zhòng yào chéng shì,Mumbai is an important city in India
6122,蜜菓,mì guǒ,Miguo,8,,,,,,,,,,蜜菓主打水果茶,mì guǒ zhǔ dǎ shuǐ guǒ chá,Miguo specializes in fruit tea
6123,面基,Miàn jī,face-to-face (from online meeting),8,,,,,,,,,,我们打算周末面基,wǒ men dǎ suàn zhōu mò miàn jī,We plan to meet offline this weekend
6124,描述性统计,miáo shù xìng tǒng jì,descriptive statistics,8,,,,,,,,,,描述性统计能快速总结数据,miáo shù xìng tǒng jì néng kuài sù zǒng jié shù jù,descriptive statistics can quickly summarize data
6125,民航,mín háng,civil aviation,8,3,人民,people,航空,aviation,,,,,他在民航工作,tā zài mín háng gōng zuò,He works in civil aviation
6126,名古屋,míng gǔ wū,Nagoya,8,,,,,,,,,,名古屋在东京和大阪之间,mínggǔwū zài dōngjīng hé dàbǎn zhījiān,Nagoya is between Tokyo and Osaka
6127,明理,míng lǐ,reasonable,8,,,,,,,,,,孩子要学会明理,hái zi yào xué huì míng lǐ,Children should learn to understand reason
6128,名牌,míng pái,Prestigious brand,8,3,有名,famous,品牌,brand,,,,,他买了名牌包,tā mǎi le míng pái bāo,He bought a brand-name bag
6129,明王朝,míng wáng cháo,Ming dynasty,8,4,明,bright,王,king,朝鲜,North Korea,,,明王朝建立于十四世纪,míng wáng cháo jiàn lì yú shí sì shì jì,the ming dynasty was founded in the 14th century
6130,名校,míng xiào,Prestigious school,8,3,有名,famous,学校,school,,,,,她毕业于名校,tā bì yè yú míng xiào,She graduated from a prestigious school
6131,明星,míng xīng,star;celebrity,8,,,,,,,,,,她是著名明星,tā shì zhù míng míng xīng,She is a famous star
6132,蜜枣,Mìzǎo,honey date,8,,,,,,,,,,粽子里包了蜜枣,zòng zi lǐ bāo le mì zǎo,the zongzi has candied dates inside
6133,魔鬼,mó guǐ,devil,8,3,魔法,magic,鬼,ghost,,,,,他们说他像魔鬼,tā men shuō tā xiàng mó guǐ,they say he looks like a devil
6134,莫扎特,mò zhā tè,Mozart,8,,-,,,,,,,,莫扎特从小就展现音乐天赋。,mò zhā tè cóng xiǎo jiù zhǎn xiàn yīn yuè tiān fù.,mozart showed musical talent from childhood.
6135,木马病毒,mù mǎ bìng dú,trojan virus,8,3,木头,wood,马,horse,病毒,virus,,,电脑被木马病毒感染了,diàn nǎo bèi mù mǎ bìng dú gǎn rǎn le,the computer was infected by a trojan virus
6136,母婴室,mǔ yīng shì,baby care room,8,,,,,,,,,,母婴室提供安静舒适的环境。,mǔ yīng shì tí gōng ān jìng shū shì de huán jìng。,The mother and baby room provides a quiet and comfortable environment。
6137,木瓜牛奶,Mùguā niúnǎi,papaya milk,8,,,,,,,,,,木瓜牛奶很受欢迎,mù guā niú nǎi hěn shòu huān yíng,papaya milk is very popular
6138,纳粹,nà cuì,nazi,8,,,,,,,,,,这本书讲的是纳粹历史,Zhè běn shū jiǎng de shì Nàcuì lìshǐ,This book is about Nazi history
6139,呐喊,nà hǎn,shout;The Scream,8,,-,,,,,,,,呐喊表达了强烈情绪。,nà hǎn biǎo dá le qiáng liè qíng xù.,the scream expresses strong emotions.
6140,奶酪片,nǎi lào piàn,cheese slices,8,,,,,,,,,,我夹了两片奶酪片,wǒ jiā le liǎng piàn nǎi lào piàn,i added two slices of cheese
6141,能手,néng shǒu,skilled person,8,,,,,,,,,,他是篮球能手,tā shì lán qiú néng shǒu,He is a basketball expert
6142,能力在线,Nénglì zàixiàn,capable online,8,,,,,,,,,,他工作能力在线,tā gōng zuò néng lì zài xiàn,His work ability is reliable
6143,娘舅,niáng jiù,mother’s brother (South China),8,,,,,,,,,,我娘舅给我带了很多吃的。,wǒ niángjiù gěi wǒ dài le hěn duō chīde,My maternal uncle brought me a lot of food.
6144,扭曲,niǔ qū,distorted;to twist,8,,,,,,,,,,这张照片被扭曲了,zhè zhāng zhào piàn bèi niǔ qū le,This photo was distorted
6145,欧乐B,ōu lè b,oral-b,8,4,欧洲,Europe,快乐,happy,B,letter B,,,欧乐B是牙膏品牌。,ōu lè b shì yá gāo pǐn pái.,oral-b is a toothpaste brand.
6146,疲劳,pí láo,exhausting;fatigue,8,,,,,,,,,,长时间工作会让人感到疲劳,cháng shí jiān gōng zuò huì ràng rén gǎn dào pí láo,long hours of work make people feel tired
6147,偏度,piān dù,skewness,8,2,偏,to lean,度,degree,,,,,偏度可以说明数据分布的对称性,piān dù kě yǐ shuō míng shù jù fēn bù de duì chèn xìng,skewness shows the symmetry of data distribution
6148,瓢,piáo,ladle made from dried gourd,8,,-,,,,,,,,他用瓢打水,tā yòng piáo dǎ shuǐ,He used a ladle to scoop water
6149,撇号,piē hào,apostrophe,8,,,,,,,,,,请在这里加一个撇号,qǐng zài zhè lǐ jiā yī gè piě hào,Please add an apostrophe here
6150,菩提,pú tí,Bodhi (wood bracelet),8,3,菩萨,Bodhisattva (Buddhism),提,to hold in hand,,,,,菩提树下佛祖悟道,pú tí shù xià fó zǔ wù dào,The Buddha attained enlightenment under the Bodhi tree
6151,前提条件,qián tí tiáo jiàn,prerequisite,8,2,前提,premise,条件,condition,,,,,成功的前提条件是努力,chéng gōng de qián tí tiáo jiàn shì nǔ lì,the prerequisite for success is hard work
6152,禽龙,qín lóng,iguanodon,8,2,家禽,poultry,恐龙,dinosaur,,,,,禽龙是草食恐龙。,qín lóng shì cǎo shí kǒng lóng.,iguanodon was a herbivorous dinosaur.
6153,钦奈,qīn nài,Chennai,8,,,,,,,,,,钦奈是印度南部的重要港口城市,qīnnài shì yìndù nánbù de zhòngyào gǎngkǒu chéngshì,Chennai is an important port city in southern India
6154,亲子,qīn zǐ,family;parent and child,8,4,亲,parent,子,child,,,,,这是一个很适合亲子的活动,zhè shì yī gè hěn shì hé qīn zǐ de huó dòng,This is a very suitable activity for parents and children
6155,庆丰包子铺,qìng fēng bāo zi pù,Qingfeng Steamed Buns,8,,,,,,,,,,庆丰包子铺的包子很受欢迎,qìng fēng bāo zi pù de bāo zi hěn shòu huān yíng,Qingfeng Steamed Buns are very popular
6156,去处,qù chù,place (to go),8,,,,,,,,,,周末我们找个去处,zhōu mò wǒ men zhǎo gè qù chù,Let's find a place to go on the weekend
6157,全方位,quán fāng wèi,all around comprehensive,8,4,全,all,方,aspect;side,位置,position,,,公司提供全方位服务。,Gōngsī tígōng quánfāngwèi fúwù.,The company provides comprehensive services.
6158,全聚德,quán jù dé,Quanjude,8,,,,,,,,,,全聚德的烤鸭很有名,quán jù dé de kǎo yā hěn yǒu míng,Quanjude is famous for roast duck
6159,入院服务中心,rù yuàn fú wù zhōng xīn,hospital admission service center,8,,,,,,,,,,入院服务中心办理住院手续,rù yuàn fú wù zhōng xīn bàn lǐ zhù yuàn shǒu xù,The admission center handles inpatient procedures
6160,锐步,ruì bù,Reebok,8,,,,,,,,,,锐步的鞋子质量不错,ruì bù de xié zi zhì liàng bù cuò,Reebok shoes are of good quality
6161,入住当天,Rùzhù dàngtiān,Check-in day,8,,,,,,,,,,请出示入住当天的订单,qǐng chū shì rù zhù dāng tiān de dìng dān,please show the order of the check in day
6162,杀鸡吓猴,shā jī xià hóu,make an example out of someone;punish one to scare the rest,8,3,杀,to kill,鸡,chicken,吓,to scare,猴,monkey,老板用杀鸡吓猴的办法管员工,lǎo bǎn yòng shā jī xià hóu de bàn fǎ guǎn yuán gōng,the boss uses punishment as a warning to others
6163,沙拉酱,Shālā jiàng,salad dressing,8,,,,,,,,,,请多放点沙拉酱,qǐng duō fàng diǎn shā lā jiàng,please add more salad dressing
6164,伤口造口护理门诊,shāng kǒu zào kǒu hù lǐ mén zhěn,wound and stoma care clinic,8,,,,,,,,,,他在伤口造口护理门诊换药,tā zài shāng kǒu zào kǒu hù lǐ mén zhěn huàn yào,He changed his dressing at the wound and stoma care clinic
6165,上下铺,shàng xià pù,bunk beds,8,2,上,upper,下,lower,铺,plank bed,,,我们宿舍有上下铺,wǒmen sùshè yǒu shàngxiàpù,our dorm has bunk beds
6166,设计院,Shèjì yuàn,Design Institute,8,,,,,,,,,,她在设计院上班,tā zài shè jì yuàn shàng bān,She works in a design institute
6167,神而,shén ér,god,8,,,,,,,,,,这句话有点神而不明,zhè jù huà yǒu diǎn shén ér bù míng,This sentence is vague and mystical
6168,深色模式,Shēn sè móshì,Dark Mode,8,,,,,,,,,,我喜欢深色模式,wǒ xǐ huān shēn sè mó shì,I like dark mode
6169,婶婶,shěn shen,wife of father’s younger brother,8,,-,,,,,,,,婶婶喜欢给我们做甜点。,shěnshen xǐhuan gěi wǒmen zuò tiándiǎn,My aunt loves making desserts for us.
6170,身材匀称,Shēncái yúnchèn,Well-proportioned body,8,,,,,,,,,,她身材匀称,tā shēn cái yún chèn,She has a well-proportioned figure
6171,圣彼得堡,shèng bǐ dé bǎo,Saint Petersburg,8,,,,,,,,,,圣彼得堡有很多历史建筑,shèngbǐdébǎo yǒu hěn duō lìshǐ jiànzhù,Saint Petersburg has many historical buildings
6172,生动,shēng dòng,vivid;lively,8,2,生活,life,动,move,,,,,老师讲得很生动,lǎo shī jiǎng de hěn shēng dòng,the teacher spoke vividly
6173,圣胡安,shèng hú ān,San Juan,8,,,,,,,,,,圣胡安在波多黎各,shènghúān zài bōduōlígè,San Juan is in Puerto Rico
6174,生火,shēng huǒ,to start a fire;light a fire,8,2,出生,to be born,火,fire,,,,,我们在山里生火取暖,wǒ men zài shān lǐ shēng huǒ qǔ nuǎn,we lit a fire in the mountains to keep warm
6175,生命之水,shēng mìng zhī shuǐ,water of life,8,,,,,,,,,,有人开玩笑说那是生命之水。,Yǒurén kāiwánxiào shuō nà shì shēngmìng zhī shuǐ.,Someone joked it’s the water of life.
6176,声呐,shēng nà,sonar,8,4,声,sound,呐喊,shout,,,,,潜艇使用声呐系统,Qiántǐng shǐyòng shēngnà xìtǒng,The submarine uses sonar
6177,省钱卡,shěng qián kǎ,save money card,8,,,,,,,,,,我买了一张省钱卡,wǒ mǎi le yī zhāng shěng qián kǎ,I bought a savings card
6178,生殖医学,shēng zhí yī xué,reproductive medicine,8,,,,,,,,,,他们在生殖医学中心接受治疗。,tā men zài shēng zhí yī xué zhōng xīn jiē shòu zhì liáo。,They are receiving treatment at the reproductive medicine center。
6179,生育能力,Shēngyù nénglì,fertile;able to have kids,8,,,,,,,,,,医生检查了她的生育能力,yī shēng jiǎn chá le tā de shēng yù néng lì,The doctor checked her fertility
6180,身心健康,Shēnxīn jiànkāng,Physically and mentally healthy,8,,,,,,,,,,运动有助于身心健康,yùn dòng yǒu zhù yú shēn xīn jiàn kāng,Exercise is good for physical and mental health
6181,时间短,shí jiān duǎn,shorter time,8,,,,,,,,,,这趟车时间短,zhè tàng chē shí jiān duǎn,this ride takes a short time
6182,使命召唤,shǐ mìng zhào huàn,Call of Duty,8,4,使命,mission,召唤,summon,,,,,使命召唤的画面很真实。,shǐ mìng zhào huàn de huà miàn hěn zhēn shí.,call of duty has very realistic graphics.
6183,实用信息,Shíyòng xìnxī,Useful Information,8,,,,,,,,,,网站上有很多实用信息,wǎng zhàn shàng yǒu hěn duō shí yòng xìn xī,The website has a lot of useful information
6184,收获,shōu huò,gains;harvest;payoff,8,,,,,,,,,,他在学习中有很多收获,tā zài xué xí zhōng yǒu hěn duō shōu huò,He gained a lot from studying
6185,手榴弹,shǒu ​liú ​dàn,hand grenade,8,1,手,hand,石榴,pomegranate,子弹,bullet,,,他扔出了一枚手榴弹,tā rēng chū le yī méi shǒu liú dàn,he threw a grenade
6186,手持花洒,Shǒuchí huā sǎ,Handheld Shower,8,,,,,,,,,,浴室里有手持花洒,yù shì lǐ yǒu shǒu chí huā sǎ,The bathroom has a handheld showerhead
6187,收入具佳,Shōurù jù jiā,Good income,8,,,,,,,,,,她的收入具佳,tā de shōu rù jù jiā,Her income is quite good
6188,数据完整性,shù jù wán zhěng xìng,data integrity,8,,,,,,,,,,必须保证数据完整性,bì xū bǎo zhèng shù jù wán zhěng xìng,We must ensure data integrity
6189,舒适,shū shì,comfort;cozy;comfortable (not too many people),8,4,舒服,comfortable,合适,suitable,,,,,这把椅子很舒适,zhè bǎ yǐ zi hěn shū shì,this chair is very comfortable
6190,书亦烧仙草,shū yì shāo xiān cǎo,Shuyi Grass Jelly Tea,8,,,,,,,,,,书亦烧仙草有独特的口味,shū yì shāo xiān cǎo yǒu dú tè de kǒu wèi,Shuyi Grass Jelly Tea has unique flavors
6191,数值,shù zhí,numeric,8,,,,,,,,,,这个数值很大,zhège shùzhí hěn dà,this numerical value is large
6192,双蛋,Shuāng dàn,double egg,8,,,,,,,,,,今天的面条是双蛋的,jīn tiān de miàn tiáo shì shuāng dàn de,today's noodles come with two eggs
6193,睡美人,shuì měi rén,Sleeping Beauty,8,4,睡觉,sleep,美人,beauty,,,,,睡美人沉睡多年。,shuì měi rén chén shuì duō nián.,sleeping beauty slept for many years.
6194,水米糕,shuǐ mǐ gāo,rice cake,8,,,,,,,,,,奶奶做了水米糕,nǎi nai zuò le shuǐ mǐ gāo,grandma made rice cake
6195,水牛,shuǐ niú,water buffalo,8,2,水,water,牛,cow,,,,,水牛正在田里耕地,shuǐ niú zhèng zài tián lǐ gēng dì,water buffaloes are plowing in the field
6196,丝芙兰,sī fú lán,Sephora,8,,,,,,,,,,丝芙兰可以买到很多国际化妆品,sī fú lán kě yǐ mǎi dào hěn duō guó jì huà zhuāng pǐn,Sephora sells many international cosmetics
6197,斯皮尔伯格,sī pí ěr bó gé,Steven Spielberg,8,,-,,,,,,,,斯皮尔伯格是著名导演。,sī pí ěr bó gé shì zhù míng dǎo yǎn.,spielberg is a famous director.
6198,思想家,sī xiǎng jiā,thinker,8,3,思想,thought,家,specialist,,,,,孔子是伟大的思想家,kǒng zǐ shì wěi dà de sī xiǎng jiā,confucius was a great thinker
6199,私立大学,Sīlì dàxué,Private University,8,,,,,,,,,,她就读于私立大学,tā jiù dú yú sī lì dà xué,She studies at a private university
6200,私企经理,Sīqǐ jīnglǐ,Private company manager,8,,,,,,,,,,他是一家私企经理,tā shì yī jiā sī qǐ jīng lǐ,He is a manager of a private company
6201,俗话,sú huà,common saying,8,,,,,,,,,,他喜欢引用美国的俗话,tā xǐ huān yǐn yòng měi guó de sú huà,He likes to quote American sayings
6202,速洗,sù xǐ,Fast ​​wash,8,,,,,,,,,,洗衣机有速洗功能,xǐ yī jī yǒu sù xǐ gōng néng,The washing machine has a quick wash function
6203,酸豆角,Suān dòujiǎo,pickled beans,8,,,,,,,,,,酸豆角配稀饭很好吃,suān dòu jiǎo pèi xī fàn hěn hǎo chī,pickled long beans go well with porridge
6204,损失函数,sǔn shī hán shù,loss function,8,4,损失,loss;damage,函数,(math) function,,,,,我们用损失函数来评估模型表现,wǒ men yòng sǔn shī hán shù lái píng gū mó xíng biǎo xiàn,we use a loss function to evaluate model performance
6205,太监,tài jiàn,eunuch,8,2,太,very,监狱,prison,,,,,太监在宫里服侍皇帝,tài jiān zài gōng lǐ fú shì huáng dì,eunuchs served the emperor in the palace
6206,汰渍,tài zì,Tide (detergent),8,2,淘汰,to knock out;wash out,污渍,stain,,,,,妈妈用汰渍洗衣服。,mā mā yòng tài zì xǐ yī fú.,mom uses Tide detergent to wash clothes.
6207,堂伯,táng bó,older male cousin of grandfather (extended),8,,,,,,,,,,堂伯常常给我分享家族的故事。,táng bó chángcháng gěi wǒ fēnxiǎng jiāzú de gùshi,My older paternal cousin-uncle often shares family stories with me.
6208,堂吉柯德,táng jí kē dé,Don Quixote,8,5,堂,hall,吉,lucky,柯树,maple tree,德,virtue,《堂吉柯德》是一本经典小说,táng jí kē dé shì yī běn jīng diǎn xiǎo shuō,Don Quixote is a classic novel
6209,堂叔,táng shū,younger male cousin of grandfather (extended),8,,,,,,,,,,堂叔来我们家做客。,táng shū lái wǒmen jiā zuòkè,My younger paternal cousin-uncle visited our home.
6210,套,tào,measure word for house,8,,,,,,,,,,我买了一套衣服,wǒ mǎi le yī tào yī fú,I bought a set of clothes
6211,逃课,Táokè,Skipping classes,8,,,,,,,,,,他经常逃课,tā jīng cháng táo kè,He often skips class
6212,特调,tè tiáo,special,8,,,,,,,,,,这杯饮料是特调的,zhè bēi yǐn liào shì tè tiáo de,this drink is specially blended
6213,特征工程,tè zhēng gōng chéng,feature engineering,8,,,,,,,,,,特征工程对模型效果影响很大,tè zhēng gōng chéng duì mó xíng xiào guǒ yǐng xiǎng hěn dà,feature engineering has a big impact on model performance
6214,提成,tí chéng,commission,8,3,提供,to offer,成功,success,,,,,这份工作有提成,zhè fèn gōng zuò yǒu tí chéng,This job has commission
6215,梯度下降,tī dù xià jiàng,gradient descent,8,4,梯度,gradient,下降,to go down,,,,,梯度下降是常见的训练方法,tī dù xià jiàng shì cháng jiàn de xùn liàn fāng fǎ,gradient descent is a common training method
6216,天使,tiān shǐ,angel,8,3,天,heaven,使用,to use,,,,,她长得像天使,tā zhǎng de xiàng tiān shǐ,she looks like an angel
6217,天线宝宝,tiān xiàn bǎo bǎo,teletubbies,8,4,天线,antenna,宝宝,baby,,,,,孩子们喜欢天线宝宝,hái zi men xǐ huān tiān xiàn bǎo bǎo,children like teletubbies
6218,通情达理,tōng qíng dá lǐ,reasonable,8,,,,,,,,,,她通情达理,tā tōng qíng dá lǐ,She is reasonable and understanding
6219,图层,Tú céng,map layers,8,,,,,,,,,,这张地图有很多图层,zhè zhāng dì tú yǒu hěn duō tú céng,This map has many layers
6220,途经点,tú jīng diǎn,waypoints (stop along the way),8,,,,,,,,,,地图上标了途经点,dì tú shàng biāo le tú jīng diǎn,the map shows waypoints
6221,吐露,tǔ lù,to disclose;to reveal,8,5,吐,to vomit,透露,to leak out,,,,,他向朋友吐露了秘密,tā xiàng péng yǒu tǔ lù le mì mì,he revealed the secret to his friend
6222,推断性统计,tuī duàn xìng tǒng jì,inferential statistics,8,,,,,,,,,,推断性统计帮助我们做出结论,tuī duàn xìng tǒng jì bāng zhù wǒ men zuò chū jié lùn,inferential statistics helps us draw conclusions
6223,拖拉机,tuō lā jī,tractor,8,2,拖,drag,拉,pull,机,machine,,,农民开着拖拉机工作,nóng mín kāi zhe tuō lā jī gōng zuò,the farmer is working with a tractor
6224,外键,wài jiàn,foreign key,8,4,外,outside,键盘,keyboard,,,,,外键连接了两张表,wài jiàn lián jiē le liǎng zhāng biǎo,The foreign key links two tables
6225,外卖立减,wài mài lì jiǎn,Takeaway discount,8,,,,,,,,,,这个餐厅外卖立减,zhege canting waimai lijian,This restaurant gives discounts for takeout
6226,外婆味道,wài pó wèi dào,Grandma’s Flavor,8,,,,,,,,,,外婆味道的菜让人很怀念,wài pó wèi dào de cài ràng rén hěn huái niàn,Grandma’s Flavor dishes are nostalgic
6227,外戚,wài qī,maternal relatives,8,,,,,,,,,,外戚在过年时都会聚在一起。,wàiqī zài guònián shí dōuhuì jù zài yīqǐ,Maternal relatives gather during the New Year.
6228,外观设置,Wàiguān shèzhì,Appearance settings,8,,,,,,,,,,你可以更改外观设置,nǐ kě yǐ gēng gǎi wài guān shè zhì,You can change the appearance settings
6229,晚婚,wǎn hūn,late marriage,8,4,晚,late,结婚,to marry,,,,,现在很多人选择晚婚,xiàn zài hěn duō rén xuǎn zé wǎn hūn,now many people choose late marriage
6230,腕龙,wàn lóng,brachiosaurus,8,2,手腕,wrist,恐龙,dinosaur,,,,,腕龙脖子非常长。,wàn lóng bó zi fēi cháng cháng.,brachiosaurus has a very long neck.
6231,完全的自由,wán quán de zì yóu,complete freedom,8,,,,,,,,,,他梦想完全的自由,tā mèng xiǎng wán quán de zì yóu,he dreams of complete freedom
6232,尾巴长长的,wěi bā cháng zhǎng de,long tail,8,,,,,,,,,,那只猫尾巴长长的,nà zhī māo wěi ba cháng cháng de,that cat has a long tail
6233,味蕾,wèi lěi,taste bud,8,3,味,taste,花蕾,flower bud,,,,,这种味道刺激我的味蕾,zhè zhǒng wèi dào cì jī wǒ de wèi lěi,this taste stimulates my taste buds
6234,卫星地图,Wèixīng dìtú,Satellite Map,8,,,,,,,,,,我切换到卫星地图看,wǒ qiē huàn dào wèi xīng dì tú kàn,I switched to satellite map view
6235,温和,wēn hé,gentle,8,,,,,,,,,,她的性格很温和,tā de xìng gé hěn wēn hé,Her personality is gentle
6236,温顺,wēn shùn,gentle,8,,,,,,,,,,这只小猫很温顺,zhè zhī xiǎo māo hěn wēn shùn,This kitten is very docile
6237,无监督学习,wú jiān dū xué xí,unsupervised learning,8,4,无,not,监督,to supervise,学习,to learn,,,无监督学习可以自动发现结构,wú jiān dū xué xí kě yǐ zì dòng fā xiàn jié gòu,unsupervised learning can automatically find structure
6238,无咖啡,Wú kāfēi,not coffee,8,,,,,,,,,,这款饮料无咖啡,zhè kuǎn yǐn liào wú kā fēi,this drink is caffeine free
6239,梧桐树,wú tóng shù,Chinese parasol tree,8,,,,,,,,,,校园里种满了梧桐树,xiào yuán lǐ zhòng mǎn le wú tóng shù,The campus is full of parasol trees
6240,西贝莜面村,xī bèi yóu miàn cūn,Xibei Oat Noodle Village,8,,,,,,,,,,西贝莜面村的菜很健康,xī bèi yóu miàn cūn de cài hěn jiàn kāng,Xibei’s dishes are very healthy
6241,细粉,xì fěn,thin noodles,8,,,,,,,,,,这碗汤粉是细粉的,zhè wǎn tāng fěn shì xì fěn de,this bowl of rice noodles is thin type
6242,喜剧人,xǐ jù rén,Comedian,8,,,,,,,,,,他是个喜剧人,tā shì gè xǐ jù rén,He is a comedian
6243,犀牛,xī niú,rhino,8,1,犀利,sharp,牛,cow,,,,,草原上有几头犀牛,cǎo yuán shàng yǒu jǐ tóu xī niú,there are some rhinos on the grassland
6244,吸血虫,xī xiě chóng,leeches,8,3,吸,to suck in;breathe,血,blood,虫,bug;worm,,,湖里有吸血虫,hú lǐ yǒu xīxuèchóng,there are leeches in the lake
6245,虾棒,Xiā bàng,shrimp stick,8,,,,,,,,,,这道菜放了虾棒,zhè dào cài fàng le xiā bàng,this dish contains crab sticks
6246,呷哺呷哺,xiā bǔ xiā bǔ,Xiabu Xiabu,8,,,,,,,,,,呷哺呷哺是受欢迎的小火锅店,xiā bǔ xiā bǔ shì shòu huān yíng de xiǎo huǒ guō diàn,Xiabu Xiabu is a popular hotpot chain
6247,呷尚坊,xiā shàng fāng,Xiashangfang,8,,,,,,,,,,呷尚坊提供台式火锅,xiā shàng fāng tí gōng tái shì huǒ guō,Xiashangfang serves Taiwanese-style hotpot
6248,现场,xiàn chǎng,on site;the spot (of an event),8,3,出现,to appear,场,open space,,,,,比赛现场很热闹,bǐ sài xiàn chǎng hěn rè nào,the competition site is very lively
6249,现代化,xiàn dài huà,modernization,8,,,,,,,,,,城市正在现代化,chéng shì zhèng zài xiàn dài huà,The city is modernizing
6250,乡村基,xiāng cūn jī,Countryside Base,8,,,,,,,,,,乡村基是重庆的快餐品牌,xiāng cūn jī shì chóng qìng de kuài cān pǐn pái,Countryside Base is a fast food brand from Chongqing
6251,湘鄂情,xiāng è qíng,Xiang E Qing,8,,,,,,,,,,湘鄂情是知名的湘菜连锁店,xiāng è qíng shì zhī míng de xiāng cài lián suǒ diàn,Xiang E Qing is a famous Hunan cuisine chain
6252,想喷,xiǎng pēn,to vent,8,3,想,to want,喷,to spurt,,,,,他听到笑话就想喷茶,tā tīng dào xiào huà jiù xiǎng pēn chá,he almost spat tea when he heard the joke
6253,箱型图,xiāng xíng tú,box plot,8,4,箱,box,型,type,图表,chart,,,用箱型图可以看到异常,yòng xiāng xíng tú kě yǐ kàn dào yì cháng,You can see outliers with a box plot
6254,校霸,Xiào bà,School Bully,8,,,,,,,,,,他是学校的校霸,tā shì xué xiào de xiào bà,He is the school bully
6255,消毒供应中心,xiāo dú gòng yìng zhōng xīn,Central sterile supply department,8,,,,,,,,,,消毒供应中心每天都要进行严格检查。,xiāo dú gòng yìng zhōng xīn měi tiān dōu yào jìn xíng yán gé jiǎn chá。,The disinfection supply center is inspected strictly every day。
6256,消防员,xiāo fáng yuán,Firefighter,8,,,,,,,,,,消防员救了很多人,xiāo fáng yuán jiù le hěn duō rén,The firefighter saved many people
6257,小怪兽,xiǎo guài shòu,little monster,8,5,小,little,怪兽,monster,,,,,那部电影里的小怪兽很可爱,nà bù diàn yǐng lǐ de xiǎo guài shòu hěn kě ài,The little monster in that movie was cute
6258,小红帽,xiǎo hóng mào,Little Red Riding Hood,8,3,小,little,红,red,帽子,hat,,,小红帽遇到了大灰狼。,xiǎo hóng mào yù dào le dà huī láng.,little red riding hood met the big bad wolf.
6259,携程,xié chéng,Ctrip,8,,,,,,,,,,我通过携程订了酒店,wǒ tōng guò xié chéng dìng le jiǔ diàn,I booked a hotel through Ctrip
6260,协方差,xié fāng chā,covariance,8,4,协调,coordination,方,square,差异,difference,,,协方差能显示两个变量是否一起变化,xié fāng chā néng xiǎn shì liǎng gè biàn liàng shì fǒu yī qǐ biàn huà,covariance shows whether two variables change together
6261,新百伦,xīn bǎi lún,New Balance,8,,,,,,,,,,新百伦的跑鞋很舒服,xīn bǎi lún de pǎo xié hěn shū fú,New Balance running shoes are very comfortable
6262,心有灵犀,xīn yǒu líng xī,telepathy,8,,,,,,,,,,我和他心有灵犀,wǒ hé tā xīn yǒu líng xī,He and I are spiritually connected
6263,心脏,xīn zàng,heart,8,,,,,,,,,,心脏很重要,xīn zàng hěn zhòng yào,The heart is very important
6264,幸存者,xìng cún zhě,survivor,8,1,幸运,fortunate,存,exist,者,one who,,,他是事故的幸存者,tā shì shì gù de xìng cún zhě,he is a survivor of the accident
6265,性器官,xìng qì guān,sex organ,8,3,性,gender,器官,organ,,,,,这堂课讲到性器官,zhè táng kè jiǎng dào xìng qì guān,this class talks about sexual organs
6266,行政管理,Xíngzhèng guǎnlǐ,administrative management,8,,,,,,,,,,她学的是行政管理,tā xué de shì xíng zhèng guǎn lǐ,She studied administrative management
6267,兄嫂,xiōng sǎo,older brother and his wife,8,5,兄弟,brother,嫂子,sister-in-law,,,,,兄嫂请我们去家里吃饭。,xiōngsǎo qǐng wǒmen qù jiālǐ chīfàn,My elder brother and his wife invited us for dinner.
6268,续住优惠,xù zhù yōu huì,Extended stay discount,8,,,,,,,,,,酒店提供续住优惠,jiudian tigong xuzhu youhui,The hotel offers discounts for extended stays
6269,选修课,xuǎn xiū kè,elective (course),8,3,选,choose,修改,to amend,课,class,,,我选了一门选修课,wǒ xuǎn le yī mén xuǎn xiū kè,i chose an elective course
6270,学术研究,Xuéshù yánjiū,Academic Research,8,,,,,,,,,,她喜欢学术研究,tā xǐ huan xué shù yán jiū,She likes academic research
6271,询价,Xún jià,inquire price,8,,,,,,,,,,我打电话去询价,wǒ dǎ diàn huà qù xún jià,i called to ask for a price
6272,迅猛龙,xùn měng lóng,velociraptor,8,2,迅速,rapid,凶猛,fierce,恐龙,dinosaur,,,迅猛龙行动敏捷。,xùn měng lóng xíng dòng mǐn jié.,velociraptors are agile.
6273,亚的斯亚贝巴,yà de sī yà bèi bā,Addis Ababa,8,,,,,,,,,,他在亚的斯亚贝巴工作,tā zài yàdesīyàbèibā gōngzuò,he works in Addis Ababa
6274,鸭嘴兽,yā zuǐ shòu,platypus,8,1,鸭,duck,嘴巴,mouth,兽,beast,,,鸭嘴兽很特别,yā zuǐ shòu hěn tè bié,the platypus is very special
6275,延毕,yán bì,Delayed graduation,8,3,延迟,delayed,毕业,graduation,,,,,他因为生病要延毕,tā yīn wèi shēng bìng yào yán bì,he will delay graduation because of illness
6276,演变,yǎn biàn,evolution,8,3,演员,actor,改变,to change,,,,,语言会不断演变,yǔ yán huì bú duàn yǎn biàn,Language keeps evolving
6277,演唱会,yǎn chàng huì,concert (vocal),8,2,演,perform,唱,to sing,会,meeting,,,我们去看演唱会吧,wǒ men qù kàn yǎn chàng huì ba,let's go to the concert
6278,研二,Yán èr,second year graduate student,8,,,,,,,,,,她是研二学生,tā shì yán èr xué shēng,She is a second-year graduate student
6279,眼镜蛇,yǎn jìng shé,cobra,8,3,眼镜,glasses,蛇,snake,,,,,眼镜蛇张开颈部示警。,yǎn jìng shé zhāng kāi jǐng bù shì jǐng.,cobras spread their hoods to warn.
6280,研究经费,yán jiū jīng fèi,research funding,8,3,研究,research,经费,funding,,,,,研究经费不足,yán jiū jīng fèi bù zú,research funding is insufficient
6281,延误,yán wù,delays;to delay,8,3,延长,prolonged,错误,mistake,,,,,航班因天气延误,háng bān yīn tiān qì yán wù,the flight was delayed due to weather
6282,仰光,yǎng guāng,Yangon,8,,,,,,,,,,仰光是缅甸的城市,yǎngguāng shì miǎndiàn de chéngshì,Yangon is a city in Myanmar
6283,杨国福,yáng guó fú,Yang Guofu Malatang,8,,,,,,,,,,杨国福麻辣烫在全国都有分店,yáng guó fú má là tàng zài quán guó dōu yǒu fēn diàn,Yang Guofu Malatang has branches across China
6284,羊驼,yáng tuó,alpaca,8,1,羊,sheep,骆驼,camel,,,,,羊驼吐口水,yáng tuó tǔ kǒu shuǐ,alpacas spit
6285,养老保险,Yǎnglǎo bǎoxiǎn,elderly care insurance,8,,,,,,,,,,他开始缴养老保险,tā kāi shǐ jiǎo yǎng lǎo bǎo xiǎn,He started paying pension insurance
6286,也考虑,Yě kǎolǜ,Also consider,8,,,,,,,,,,我们也考虑其他选择,wǒ men yě kǎo lǜ qí tā xuǎn zé,We also consider other options
6287,也门,yě mén,Yemen,8,4,也,also,门,door,,,,,也门局势不稳定,yě mén jú shì bù wěn dìng,yemen is unstable
6288,一大堆,yī dà duī,a lot (of),8,,,,,,,,,,桌子上有一大堆书,zhuō zi shàng yǒu yī dà duī shū,there is a big pile of books on the table
6289,益禾堂,yì hé táng,Yihetang,8,,,,,,,,,,益禾堂的饮品价格亲民,yì hé táng de yǐn pǐn jià gé qīn mín,Yihetang drinks are affordable
6290,医患沟通中心,yī huàn gōu tōng zhōng xīn,doctor-patient communication center,8,,,,,,,,,,医患沟通中心帮助解决纠纷,yī huàn gōu tōng zhōng xīn bāng zhù jiě jué jiū fēn,The communication center helps resolve disputes
6291,姨甥,yí shēng,child of aunt (formal),8,,,,,,,,,,她常常带姨甥去公园玩。,tā chángcháng dài yíshēng qù gōngyuán wán,She often takes her nephew to the park.
6292,遗书,yí shū,suicide note,8,2,遗,regrets,书,book,,,,,桌子上留有一封遗书,zhuō zi shàng liú yǒu yī fēng yí shū,there is a suicide note on the table
6293,医务社工部,yī wù shè gōng bù,medical social work department,8,,,,,,,,,,医务社工部为患者提供支持,yī wù shè gōng bù wéi huàn zhě tí gōng zhī chí,The social work department supports patients
6294,移植,yí​ zhí,transplant,8,3,移动,to move,植物,plants,,,,,医生给他做了心脏移植,yī shēng gěi tā zuò le xīn zàng yí zhí,the doctor gave him a heart transplant
6295,银行账户,yín háng zhàng hù,bank account,8,,,,,,,,,,有人试图入侵她的银行账户,yǒu rén shì tú rù qīn tā de yín háng zhàng hù,someone tried to hack her bank account
6296,英国卫报,yīng guó wèi bào,The Guardian,8,4,英国,UK,保卫,to defend;guard,报纸,newspaper,,,英国卫报发表了一篇评论。,yīng guó wèi bào fā biǎo le yì piān píng lùn。,The Guardian published an opinion piece.
6297,影迷,yǐng mí,Movie fans,8,,,,,,,,,,她是个电影影迷,tā shì gè diàn yǐng yǐng mí,She is a movie fan
6298,营养科,yíng yǎng kē,nutrition department,8,5,营养,nutrition,科,department,,,,,营养科提供健康饮食建议。,yíng yǎng kē tí gōng jiàn kāng yǐn shí jiàn yì。,The nutrition department provides healthy diet advice。
6299,营业厅,yíng yè tīng,business hall,8,,,,,,,,,,我去营业厅办了电话卡,wǒ qù yíng yè tīng bàn le diàn huà kǎ,i went to the business hall to get a sim card
6300,营业中,yíng yè zhōng,open (for business),8,,,,,,,,,,这家餐厅营业中,zhè jiā cān tīng yíng yè zhōng,this restaurant is open
6301,永和大王,yǒng hé dà wáng,Yonghe King,8,,,,,,,,,,永和大王以豆浆闻名,yǒng hé dà wáng yǐ dòu jiāng wén míng,Yonghe King is famous for soy milk
6302,用心,yòng xīn,diligently,8,2,用,use,心,heart,,,,,他做事很用心,tā zuò shì hěn yòng xīn,he does things attentively
6303,有担当,yǒu dān dāng,Responsible,8,,,,,,,,,,他是个有担当的人,tā shì gè yǒu dān dāng de rén,He is a responsible person
6304,优化,yōu huà,optimization,8,2,优,superior,化,change,,,,,这个算法还需要进一步优化,zhè gè suàn fǎ hái xū yào jìn yī bù yōu huà,this algorithm still needs further optimization
6305,优化器,yōu huà qì,optimizer,8,3,优化,to optimize,器,device,,,,,选择合适的优化器很关键,xuǎn zé hé shì de yōu huà qì hěn guān jiàn,choosing the right optimizer is crucial
6306,优惠,yōu huì,discount,8,,,,,,,,,,这家店有优惠活动,zhè jiā diàn yǒu yōu huì huó dòng,This shop has discount promotions
6307,有营养,Yǒu yíngyǎng,Nutritious,8,,,,,,,,,,牛奶很有营养,niú nǎi hěn yǒu yíng yǎng,milk is very nutritious
6308,有缘人,yǒu yuán rén,destined person,8,,,,,,,,,,我希望遇到有缘人,wǒ xī wàng yù dào yǒu yuán rén,I hope to meet the right person
6309,欲觅,yù mì,seeking,8,,,,,,,,,,他欲觅有缘人,tā yù mì yǒu yuán rén,He wants to find a soulmate
6310,羽绒,yǔ róng,Down (clothes),8,,,,,,,,,,羽绒衣很暖和,yǔ róng yī hěn nuǎn huo,Down jackets are very warm
6311,芋圆,Yù yuán,taro balls,8,,,,,,,,,,芋圆甜品很好吃,yù yuán tián pǐn hěn hǎo chī,taro balls dessert is delicious
6312,原籍,yuán jí,birthplace;place of origin;originally from,8,4,原来,original,籍,record;registry,,,,,他原籍是北京,tā yuán jí shì běi jīng,His place of origin is Beijing
6313,远镜,yuǎn jìng,telescope,8,1,远,far,镜,mirror,,,,,他用远镜看星星,tā yòng yuǎn jìng kàn xīng xīng,he used a telescope to watch the stars
6314,原味麻薯,Yuánwèi má shǔ,original mochi,8,,,,,,,,,,她点了一份原味麻薯,tā diǎn le yī fèn yuán wèi má shǔ,She ordered a plain mochi
6315,约翰内斯堡,yuē hàn nèi sī bǎo,Johannesburg,8,,,,,,,,,,约翰内斯堡的治安不太好,yuēhànnèisībǎo de zhìān bú tài hǎo,Johannesburg has some safety issues
6316,乐谱,yuè pǔ,Sheet Music,8,,,,,,,,,,他在看乐谱,tā zài kàn yuè pǔ,He is reading sheet music
6317,云海肴,yún hǎi yáo,Yunhaiyao,8,,,,,,,,,,云海肴提供云南风味菜,yún hǎi yáo tí gōng yún nán fēng wèi cài,Yunhaiyao serves Yunnan cuisine
6318,运动绿道,Yùndòng lǜ dào,Sports Greenway,8,,,,,,,,,,我们去运动绿道散步,wǒ men qù yùn dòng lǜ dào sàn bù,We go for a walk on the fitness trail
6319,ZARA,zā lā,ZARA,8,,-,,,,,,,,ZARA的衣服设计很时尚,zā lā de yī fú shè jì hěn shí shàng,ZARA’s clothes are very fashionable
6320,再三,zài sān,repeatedly;over and over;again and again,8,2,再,again,三,three,,,,,他再三强调了安全问题,tā zài sān qiáng diào le ān quán wèn tí,he repeatedly emphasized the safety issue
6321,在职,zài zhí,working;employed,8,2,在,at,职业,profession,,,,,他还是在职员工,tā hái shì zài zhí yuán gōng,He is still an employee
6322,增强学习,zēng qiáng xué xí,reinforcement learning,8,4,增强,enhancement,学习,to learn,,,,,增强学习通过奖励机制来训练模型,zēng qiáng xué xí tōng guò jiǎng lì jī zhì lái xùn liàn mó xíng,reinforcement learning trains models through reward mechanisms
6323,战斗民族,zhàn dòu mín zú,Fighting Nation;Russia,8,,,,,,,,,,熊常被称为战斗民族的象征,xióng cháng bèi chēng wéi zhàndòu mínzú de xiàngzhēng,Bears are often seen as a symbol of the warrior nation
6324,张亮麻辣烫,zhāng liàng má là tàng,Zhang Liang Malatang,8,,,,,,,,,,张亮麻辣烫价格实惠,zhāng liàng má là tàng jià gé shí huì,Zhang Liang Malatang is affordable
6325,照抄,zhào chāo,to copy (from someone else);word for word,8,,,,,,,,,,这篇文章是照抄的,zhè piān wén zhāng shì zhào chāo de,this article was directly copied
6326,真功夫,zhēn gōng fū,Zhen Gongfu,8,,,,,,,,,,真功夫是快餐连锁店,zhēn gōng fū shì kuài cān lián suǒ diàn,Zhen Gongfu is a fast food chain
6327,证词,zhèng cí,testimony,8,2,保证,guarantee,词,words,,,,,证人的证词很重要,zhèng rén de zhèng cí hěn zhòng yào,the witness testimony is very important
6328,正新鸡排,zhèng xīn jī pái,Zhengxin Chicken Steak,8,,,,,,,,,,正新鸡排在夜市很常见,zhèng xīn jī pái zài yè shì hěn cháng jiàn,Zhengxin chicken steak is common at night markets
6329,政治家,zhèng zhì jiā,politician,8,3,政治,politics,家,specialist,,,,,周恩来是伟大的政治家,zhōu ēn lái shì wěi dà de zhèng zhì jiā,zhou enlai was a great statesman
6330,整租,zhěng zū,Entire rental,8,,,,,,,,,,他打算整租一套房,tā dǎ suàn zhěng zū yī tào fáng,He plans to rent the whole apartment
6331,政府贷款,Zhèngfǔ dàikuǎn,government loan,8,,,,,,,,,,他申请了政府贷款,tā shēn qǐng le zhèng fǔ dài kuǎn,He applied for a government loan
6332,支持你,zhī chí nǐ,Support you,8,,,,,,,,,,无论怎样我都支持你,wú lùn zěn yàng wǒ dōu zhī chí nǐ,no matter what i support you
6333,智利,zhì lì,Chile,8,5,智慧,wisdom,利用,exploit,,,,,智利的葡萄酒很有名,zhì lì de pú táo jiǔ hěn yǒu míng,chile is famous for wine
6334,芝士碎,zhī shì suì,cheese shredded/crumbled,8,,,,,,,,,,比萨上撒了芝士碎,bǐ sà shàng sǎ le zhī shì suì,the pizza is sprinkled with cheese crumbles
6335,置信区间,zhì xìn qū jiān,confidence interval,8,3,置,to place,信,trust,区,area,间,space,结果的置信区间是百分之九十五,jié guǒ de zhì xìn qū jiān shì bǎi fēn zhī jiǔ shí wǔ,the confidence interval of the result is ninety five percent
6336,知性,zhī xìng,intellectual,8,3,知识,knowledge,性,nature,,,,,她很知性,tā hěn zhī xìng,She is intellectual
6337,职员,zhí yuán,staff,8,,,,,,,,,,他是公司的职员,tā shì gōng sī de zhí yuán,He is an employee of the company
6338,指定日期,Zhǐdìng rìqí,specified date,8,,,,,,,,,,门票只能在指定日期使用,mén piào zhǐ néng zài zhǐ dìng rì qī shǐ yòng,The ticket can only be used on the specified date
6339,中老年,zhōng lǎo nián,middle-aged and elderly,8,3,中,middle,老,old,年,age,,,这本书适合中老年读者,zhè běn shū shì hé zhōng lǎo nián dú zhě,this book is suitable for middle aged and elderly readers
6340,中医科,zhōng yī kē,traditional Chinese medicine department,8,,,,,,,,,,中医科提供针灸和草药治疗,zhōng yī kē tí gōng zhēn jiǔ hé cǎo yào zhì liáo,The TCM department offers acupuncture and herbal treatments
6341,重要性,Zhòngyào xìng,importance,8,,,,,,,,,,老师强调了安全的重要性,lǎo shī qiáng diào le ān quán de zhòng yào xìng,The teacher emphasized the importance of safety
6342,专升本,zhuān shēng běn,Bachelor's degree,8,,,,,,,,,,他正在准备专升本考试,tā zhèng zài zhǔn bèi zhuān shēng běn kǎo shì,He is preparing for the exam to upgrade from junior college to university
6343,转速,zhuǎn sù,angular velocity;rotation speed (of washer),8,2,转,turn,速度,speed,,,,,请调低转速,qǐng tiáo dī zhuàn sù,Please lower the rotation speed
6344,庄园,zhuāng yuán,plantation;manor,8,,,,,,,,,,他们住在一座庄园里,tā men zhù zài yī zuò zhuāng yuán lǐ,they live in a manor
6345,自习室,zì xí shì,study room,8,,,,,,,,,,图书馆有一个自习室,tú shū guǎn yǒu yī gè zì xí shì,the library has a self study room
6346,孜香,zī xiāng,cumin,8,,,,,,,,,,这道菜很有孜香味,zhè dào cài hěn yǒu zī xiāng wèi,this dish has cumin flavor
6347,字号设置,Zìhao shèzhì,Font size setting,8,,,,,,,,,,在这里调整字号设置,zài zhè lǐ tiáo zhěng zì hào shè zhì,Adjust the font size settings here
6348,自驾游,Zìjià yóu,Self-driving tours,8,,,,,,,,,,他们去海南自驾游,tā men qù hǎi nán zì jià yóu,They went on a road trip in Hainan
6349,总和,zǒng hé,sum,8,,,,,,,,,,请算出这些数的总和,qǐng suàn chū zhèxiē shù de zǒnghé,please calculate the sum of these numbers
6350,粽子,zòng zǐ,glutinous rice wrapped in bamboo leaves: sweet or savory,8,,,,,,,,,,端午节我们吃粽子,duān wǔ jié wǒ men chī zòng zi,we eat zongzi during the dragon boat festival
6351,综合耗电量(千瓦时/24小时),zònghé hào diàn liàng (qiānwǎ shí/24 xiǎoshí),Comprehensive power consumption (kWh/24 hours),8,,,,,,,,,,-,-,-
6352,左轮手枪,zuǒ lún shǒu qiāng,revolver,8,1,左,left,轮,wheel,手,hand,枪,gun,电影里常见左轮手枪。,diàn yǐng lǐ cháng jiàn zuǒ lún shǒu qiāng.,revolvers are often seen in movies.